file_id;speaker_name;speaker_party;speech_text;jaar;date;kamer;category;title;url;meta_url;vergadernummer;standardized_name;speech_text_en;final_label
h-tk-20142015-30-6;Mevrouw Schouten;CU;Uit de brief van de staatssecretaris begreep ik dat het een verschil moest zijn tussen de 20 en de 38 dollar en dat daar de overbrugging zat. Ik vraag de staatssecretaris of zij zelf mogelijkheden ziet voor de begroting voor 2016.;2014-2015;27-11-2014;tk;handelingen;6 Begroting Sociale Zaken en Werkgelegenheid;https://zoek.officielebekendmakingen.nl/h-tk-20142015-30-6.html;https://zoek.officielebekendmakingen.nl/h-tk-20142015-30-6.xml;nr. 30, item 6;schouten;From the letter from the State Secretary I understood that it had to be a difference between 20 and 38 dollars and that that was the bridge. I ask the State Secretary whether she sees possibilities for the 2016 budget.;0
h-tk-20142015-50-8;Staatssecretaris Van Rijn;PvdA;"In de motie-Pia Dijkstra op stuk nr. 118 worden wij gevraagd om samen met belangenbehartigers van pgb-houders in overleg te treden met als doel om maatwerk in de systemen mogelijk te maken. Die beschouw ik, gelet op het debat dat ik gevoerd heb, als ondersteuning van beleid. Ik laat het oordeel daarover aan de Kamer.
In de motie-Ellemeet/Pia Dijkstra op stuk nr. 119 worden wij verzocht de komende drie maanden ingediende declaraties uit te keren zonder deze te toetsen aan de zorgovereenkomst. Ik geef weer even een interpretatie. Ik neem aan dat het verzoek is om de komende drie maanden declaraties die adequaat zijn ingediend gewoon uit te keren indien er geen sprake is van een zorgovereenkomst. Ik neem aan dat mevrouw Ellemeet niet zegt ""ga ze nou maar betalen"", terwijl er wel een zorgovereenkomst is. Als die er is, kun je gewoon op basis daarvan betalen, maar als die er niet is, moet er ook gewoon betaald worden. Als ik de motie zo, in gewijzigde vorm, mag interpreteren, dan wil ik het oordeel erover aan de Kamer laten.";2014-2015;4-2-2015;tk;handelingen;8 Noodscenario's voor pgb-houders;https://zoek.officielebekendmakingen.nl/h-tk-20142015-50-8.html;https://zoek.officielebekendmakingen.nl/h-tk-20142015-50-8.xml;nr. 50, item 8;van van rijn;"In the Pia Dijkstra motion on document no. 118, we are asked to enter into consultation with representatives of personal budget holders with the aim of making customization possible in the systems. In view of the debate I have had, I regard this as support for policy. I leave the decision on this to the House.
In the Ellemeet/Pia Dijkstra motion on document no. 119, we are requested to pay out claims submitted over the next three months without testing them against the care agreement. Let me give you another interpretation. I assume that the request is to simply pay out claims that have been adequately submitted for the next three months if there is no care agreement. I assume that Mrs. Ellemeet does not say ""just pay them"", even though there is a care agreement. If there is, you can simply pay based on that, but if there is not, payment must also be made. If I may interpret the motion this way, in amended form, then I would like to leave the decision to the House.";0
h-tk-20142015-12-4;Mevrouw Schouten;CU;Ik heb nog een vraag over het puntje waarom het bij wet en het niet in de cao wordt geregeld. Ik had gevraagd om een wat diepere beschouwing op de motivatie daarachter. We hebben vooral veel getallen gekregen over de manier waarop het in de cao is geregeld. Het lid Van Hijum heeft ooit, toen er in 2008 een voorstel lag om de schooltijdbanen wettelijk te regelen, gezegd: dat is een sympathiek idee, maar de CDA-fractie ziet niet waarom hier een wetswijziging voor nodig is en mijn fractie wil dat dit soort zaken in de cao wordt geregeld. Wat is de wijziging van inzicht tussen de indiener Van Hijum nu en het lid Van Hijum dat destijds deze uitspraak deed?;2014-2015;9-10-2014;tk;handelingen;4 Bevorderen flexibel werken;https://zoek.officielebekendmakingen.nl/h-tk-20142015-12-4.html;https://zoek.officielebekendmakingen.nl/h-tk-20142015-12-4.xml;nr. 12, item 4;schouten;I still have a question about why it is regulated by law and not in the collective labor agreement. I had asked for a more in-depth look at the motivation behind this. We have mainly received a lot of figures about the way in which it is arranged in the collective labor agreement. Member Van Hijum once said, when there was a proposal in 2008 to legally regulate school-time jobs: that is a nice idea, but the CDA faction does not see why a change in the law is necessary for this and my group wants these kinds of matters to be regulated in the collective labor agreement. What is the change of opinion between the petitioner Van Hijum now and the member Van Hijum who made this statement at the time?;0
h-tk-20142015-23-6;Staatssecretaris Dijksma;PvdA;Nu wordt het lastig om te begrijpen wat de Kamer wil. Eerst vraagt de Kamer, ook de heer Schouw: waarom kiest u nu niet alvast, want dan kunnen we het gewoon regelen. Ik zeg dat wij moeten bekijken wat een verstandig voorstel is en dat ik dat dan hier neerleg. Vervolgens kan de Kamer ook zeggen dat ze het geen verstandig voorstel vindt en dat ze liever iets anders wil. Dan volg ik de Kamer uiteraard. Als ik met meerdere opties zou komen — dat kan — zou dat impliceren dat het voorstel pas helder wordt, als de Kamer heeft gestemd. Dat is sowieso zo, maar in dit geval is dat dan geen kabinetsvoorstel. Dan zou ik moeten zeggen: 50 kan, 80 kan. Mijnheer Schouw, in hoeverre zijn wij op dat moment verder dan nu?;2014-2015;12-11-2014;tk;handelingen;6 Verantwoorde groei melkveehouderij;https://zoek.officielebekendmakingen.nl/h-tk-20142015-23-6.html;https://zoek.officielebekendmakingen.nl/h-tk-20142015-23-6.xml;nr. 23, item 6;dijksma;Now it is becoming difficult to understand what the House wants. First the House, including Mr Schouw, asks: why don't you choose now, because then we can simply arrange it. I say that we should consider what a sensible proposal is and then I will put it here. The House can then also say that it does not think it is a sensible proposal and that it would prefer something else. Then of course I will follow the House. If I were to come up with multiple options - which is possible - it would imply that the proposal only becomes clear once the House has voted. That is certainly the case, but in this case it is not a government proposal. Then I would have to say: 50 can, 80 can. Mr Schouw, to what extent have we progressed at that point compared to now?;0
h-tk-20142015-72-29;De heer Van Oosten;VVD;"Ik ga toch nog even terug naar de oorsprong van dit wetsvoorstel: de samenleving zou die kosten niet moeten dragen. Dat beginsel deelt mevrouw Kooiman. Het blijkt, zoals ik net voorlas uit de memorie van toelichting — ik neem aan dat dat de juiste cijfers zijn — dat meer dan 80% van de gedetineerden na de gevangenisstraf op enig moment over een baan beschikt. Laten we die veronderstelling even volgen; het mag wat mij betreft ook een lager percentage zijn. Als je inkomen hebt, dan mag je daarvan toch iets betalen? Wat is daar mis mee?";2014-2015;7-4-2015;tk;handelingen;29 Eigen bijdragen veroordeelden;https://zoek.officielebekendmakingen.nl/h-tk-20142015-72-29.html;https://zoek.officielebekendmakingen.nl/h-tk-20142015-72-29.xml;nr. 72, item 29;van van oosten;"I will go back to the origins of this bill: society should not have to bear those costs. Mrs Kooiman shares that principle. It turns out, as I just read from the explanatory memorandum — I assume those are the correct figures — that more than 80% of prisoners have a job at some point after their prison sentence. Let's follow that assumption for a moment; In my opinion it could also be a lower percentage. If you have income, you can pay some of it, right? What's wrong with that?";0
h-tk-20142015-22-26;Minister Hennis-Plasschaert;VVD;Natuurlijk zijn er meer mensen die leiding hadden kunnen geven aan de taskforce. Wij hebben voor deze persoon gekozen omdat wij wisten dat de betrokken commodore direct beschikbaar was en omdat wij op dat moment ook echt iemand nodig hadden die mee wilde denken, creatief wilde zijn en die de trigger wilde zijn om het team nog breder te laten nadenken over de vraag waar ze in de organisatie kon zoeken. De betrokken commodore was daarvoor de aangewezen persoon. Nogmaals, ik vraag me inmiddels af of de betrokken commodore zijn werk nog wil voortzetten. Los daarvan beschuldig ik de Kamer helemaal niet van het feit dat zij de integriteit van de commodore ter discussie stelt. Dat woord heb ik ook niet in de mond genomen. Er zaten wel enkele leden hoog in de boom naar aanleiding van een televisie-uitzending. Dat heb ik pijnlijk gevonden, omdat het onderzoek juist zo zorgvuldig werd opgezet. Er werd duidelijk gemaakt hoe wij het onderzoek opzetten, wat het historisch onderzoek betekent, namelijk dat alle documenten op tafel komen, en wat het RIVM doet enzovoort. Daarover heb ik de Kamer herhaaldelijk geïnformeerd. Ik vond het opvallend en vervelend dat de Kamer zo reageerde. Dat kan ik niet ontkennen. Ik verwijt de Kamer echter niet dat zij de integriteit van betrokkene in twijfel trekt. Dat is niet zo.;2014-2015;11-11-2014;tk;handelingen;26 Onderzoek giftige stoffen bij Defensie;https://zoek.officielebekendmakingen.nl/h-tk-20142015-22-26.html;https://zoek.officielebekendmakingen.nl/h-tk-20142015-22-26.xml;nr. 22, item 26;hennis-plasschaert;Of course, there are more people who could have led the task force. We chose this person because we knew that the commodore involved was immediately available and because at that moment we really needed someone who wanted to think along, be creative and who wanted to be the trigger to get the team to think even more broadly about where they could look in the organization. The commodore involved was the appropriate person for this. Once again, I now wonder whether the commodore involved still wants to continue his work. Apart from that, I do not accuse the House at all of questioning the integrity of the commodore. I didn't say that word either. There were some members high up in the tree following a television broadcast. I found that painful, because the research was designed so carefully. It was made clear how we set up the research, what the historical research means, namely that all documents are presented, and what the RIVM does, etc. I have repeatedly informed the House about this. I found it striking and annoying that the House reacted this way. I can't deny that. However, I do not blame the House for questioning the integrity of the person concerned. That's not true.;0
h-tk-20142015-37-19;De heer Omtzigt;CDA;Nee, als niet tot besteding is gekomen, is er niet mee gesmeten. Maar er is wel gezegd: we gaan het uitgeven. Kennelijk waren er op dat moment onvoldoende plannen beschikbaar om te bedenken hoe we het gaan uitgeven.;2014-2015;16-12-2014;tk;handelingen;19 Najaarsnota 2014;https://zoek.officielebekendmakingen.nl/h-tk-20142015-37-19.html;https://zoek.officielebekendmakingen.nl/h-tk-20142015-37-19.xml;nr. 37, item 19;omtzigt;No, if it has not been spent, it has not been thrown away. But it has been said: we are going to spend it. Apparently there were insufficient plans available at that time to figure out how we were going to spend it.;0
h-tk-20142015-89-10;De heer Schouw;D66;"Ik stel vast dat de VVD-fractie iets anders vindt dan een heel grote meerderheid in de Kamer. Dat dit wordt gekwalificeerd als ""onderbuik"" vind ik jammer. Ik had dat liever anders gehad. Misschien zit er muziek in voor de toekomst.
Mijn fractie is het geheel en al eens met de doelen die het kabinet op dit front heeft: transitie en vergroening. Staatssecretaris Mansveld had het ook over de circulaire economie. Dat vind ik hartstikke goed. Mijn fractie is overtuigd van de activistische houding ten aanzien van dit dossier, zoals staatssecretaris Dijksma die noemde. Heel goed. Chapeau. Volle complimenten. Ik snap heel goed dat vanwege procedurele en juridische kwesties het doel niet in één klap te bereiken is. De winst van vanmiddag is dat de richting volgens mij glashelder is, te beginnen bij de inzet op een herbeoordeling van het verbod op neonics en glyfosaat. Daar gaan wij niet over, instanties wel, maar de inzet van het kabinet is helder, waarvoor dank.
Ik zie dadelijk nog even toe op het antwoord van staatssecretaris Mansveld over de zuiveringsinstallatie. Dat vind ik belangrijk. We moeten nog even naar de laatste inbreng luisteren, maar volgens mij is het unieke aan dit debat dat de partijen tot nu toe als uiting van commitment hebben gezegd: laten we het kabinet niet verder opjagen, want we zijn het met elkaar eens, dus moties zijn overbodig.";2014-2015;28-5-2015;tk;handelingen;10 Roundup en bijengif;https://zoek.officielebekendmakingen.nl/h-tk-20142015-89-10.html;https://zoek.officielebekendmakingen.nl/h-tk-20142015-89-10.xml;nr. 89, item 10;schouw;"I note that the VVD faction believes in something other than a very large majority in the House. I think it's a shame that this is qualified as ""underbelly"". I would have preferred it differently. Maybe there is music in it for the future.
My group fully agrees with the government's goals on this front: transition and greening. State Secretary Mansveld also talked about the circular economy. I think that's really good. My group is convinced of the activist attitude towards this file, as State Secretary Dijksma called it. Very good. Cheers. Full compliments. I understand very well that due to procedural and legal issues the goal cannot be achieved in one fell swoop. The benefit of this afternoon is that I think the direction is crystal clear, starting with the commitment to a reassessment of the ban on neonics and glyphosate. We are not about that, institutions are, but the government's commitment is clear, for which we thank you.
I will shortly look at State Secretary Mansveld's answer about the purification plant. I think that's important. We still have to listen to the latest input, but I think what is unique about this debate is that the parties have so far said as an expression of commitment: let us not push the cabinet further, because we agree with each other, so motions are unnecessary.";0
h-tk-20142015-56-8;De heer Van Haersma Buma;CDA;"Dat was weer een interessant debat, want de minister kan altijd zeggen dat hij het als minister van Financiën zei en niet als voorzitter van de eurogroep. Dit trojka-verhaal is dus op te lossen.
Ik heb de volgende vraag. De Griekse regering heeft een aantal voorstellen gedaan. De minister gaf dat helder weer. Hoe verhouden die zich tot de uitbetaling van 7 miljard?";2014-2015;25-2-2015;tk;handelingen;8 Europese top en steunmaatregelen aan Griekenland;https://zoek.officielebekendmakingen.nl/h-tk-20142015-56-8.html;https://zoek.officielebekendmakingen.nl/h-tk-20142015-56-8.xml;nr. 56, item 8;van van haersma buma;"That was another interesting debate, because the minister can always say that he said it as Minister of Finance and not as President of the Eurogroup. So this troika story can be solved.
I have the following question. The Greek government has made a number of proposals. The minister stated this clearly. How do they compare to the 7 billion payout?";0
h-tk-20142015-19-21;Mevrouw Schouten;CU;Ik had dezelfde vraag aan de heer Van Meenen, omdat ik ook verwees naar een motie die de heer Dijkgraaf en ik op dit punt hebben ingediend.;2014-2015;4-11-2014;tk;handelingen;21 Wet studievoorschot hoger onderwijs;https://zoek.officielebekendmakingen.nl/h-tk-20142015-19-21.html;https://zoek.officielebekendmakingen.nl/h-tk-20142015-19-21.xml;nr. 19, item 21;schouten;I had the same question for Mr Van Meenen, because I also referred to a motion that Mr Dijkgraaf and I submitted on this point.;0
h-tk-20142015-20-9;Minister Bussemaker;PvdA;"Dat ben ik toch niet met de heer Rog eens. Zijn conclusie deel ik niet. Ik denk dat er een heel heldere prikkel in het systeem zit, namelijk dat je weet dat je moet terugbetalen. Ook dat weten wij uit het onderzoek, met alle beperkingen van de gebruikte methodes. Daar staat in dat een hogere schuld juist leidt tot een bewustere studiekeuze en dus misschien ook juist tot sneller studeren. In plaats van te spreken van een langstudeerbonus zou ik zeggen dat het een prikkel is om tot een goede keuze te komen. Daaraan kan ook de consequentie vastzitten dat men de studie in tempo doorloopt.
Als een student tijdens zijn studie maximaal leent, weet hij dat hij die schuld moet terugbetalen. Dat is de prikkel. Bij de voorlichting zullen wij er alles aan doen om dat financiële bewustzijn goed tussen de oren te krijgen, om het maar zo te zeggen. De kosten worden voor studenten ook inzichtelijk gemaakt. Zij kunnen de kosten vanaf het voorjaar berekenen op de site van DUO. Dat is voor mij een belangrijk onderdeel; ik kom er later op terug. Ik heb ook eerder al maatregelen in die zin genomen. Vroeger kregen mensen bij DUO het maximale bedrag dat zij konden lenen. Dat hebben wij op nul gezet, zodat zij zelf moeten nadenken over wat zij willen lenen. Het is wel zo dat studenten bij financiële tegenslag in de toekomst gebruik kunnen maken van de draagkrachtregeling. Ik kan me eerlijk gezegd geen student voorstellen die aan een studie begint en dan denkt: ik ga proberen maximaal te lenen, om daarna in de rest van mijn leven zo min mogelijk te gaan verdienen. Dat vind ik echt een heel rare veronderstelling. Die is niet op logische feiten gebaseerd, denk ik, maar de prikkel dat je je studie moet terugbetalen juist wel.";2014-2015;5-11-2014;tk;handelingen;9 Wet studievoorschot hoger onderwijs;https://zoek.officielebekendmakingen.nl/h-tk-20142015-20-9.html;https://zoek.officielebekendmakingen.nl/h-tk-20142015-20-9.xml;nr. 20, item 9;bussemaker;"I do not agree with Mr Rog on that. I do not share his conclusion. I think there is a very clear incentive in the system, namely that you know you have to pay back. We also know this from the research, with all the limitations of the methods used. It states that a higher debt actually leads to a more conscious study choice and therefore perhaps also to studying faster. Instead of talking about a long-study bonus, I would say that it is an incentive to make a good choice. This may also have the consequence that one completes the study at a fast pace.
If a student borrows the maximum amount during his studies, he knows that he has to repay that debt. That's the incentive. When providing information, we will do everything we can to raise financial awareness, so to speak. The costs are also made clear to students. They can calculate the costs from the spring on the DUO site. That is an important part for me; I'll come back to it later. I have also taken measures in this regard before. In the past, people received the maximum amount they could borrow from DUO. We have set this to zero, so that they have to think for themselves about what they want to borrow. It is true that students can make use of the financial resources scheme in the event of financial setbacks in the future. To be honest, I can't imagine a student who starts a study and then thinks: I'm going to try to borrow as much as possible, and then earn as little as possible for the rest of my life. I think that is a really strange assumption. It is not based on logical facts, I think, but the incentive that you have to pay back your studies is.";0
h-tk-20142015-104-11;De heer Anne Mulder;VVD;Het antwoord op de vraag is: nee. Ik doe het ook met een zekere terughoudendheid. Ik houd me in, maar het maakt mij ... Volgens mij wil de heer Heerma eerst een ander punt maken voordat ik op de inhoud terugkom. Dat lijkt me beter.;2014-2015;2-7-2015;tk;handelingen;11 Ontslaan flexkrachten als gevolg van Wwz;https://zoek.officielebekendmakingen.nl/h-tk-20142015-104-11.html;https://zoek.officielebekendmakingen.nl/h-tk-20142015-104-11.xml;nr. 104, item 11;anne mulder;The answer to the question is: no. I also do it with a certain reluctance. I hold back, but it makes me ... I think Mr Heerma wants to make another point before I return to the content. That seems better to me.;0
h-tk-20142015-38-12;Mevrouw Agema;PVV;Voorzitter. Gaarne een hoofdelijke stemming over het volgende punt.;2014-2015;17-12-2014;tk;handelingen;12 Stemmingen moties Europese top;https://zoek.officielebekendmakingen.nl/h-tk-20142015-38-12.html;https://zoek.officielebekendmakingen.nl/h-tk-20142015-38-12.xml;nr. 38, item 12;agema;Chair. We would like a roll-call vote on the next point.;0
h-tk-20142015-3-6;De heer Van Ojik;GroenLinks;Ik moet voorzichtig zijn, want ik moet nu mede namens de constructieve vijf spreken. Voor ik het weet, zeg ik iets verkeerds. Stel dat ik de motie niet aanhoud en dat deze in stemming wordt gebracht en wordt aangenomen. Voor de begrotingsbehandeling ontvangen wij dan een brief van de verantwoordelijke bewindslieden, waarin zij aangeven hoe zij deze motie denken uit te voeren. Zou dat niet een goede manier zijn om dit op te lossen?;2014-2015;18-9-2014;tk;handelingen;6 Algemene politieke beschouwingen;https://zoek.officielebekendmakingen.nl/h-tk-20142015-3-6.html;https://zoek.officielebekendmakingen.nl/h-tk-20142015-3-6.xml;nr. 3, item 6;van van ojik;I must be careful, because I must now also speak on behalf of the constructive five. Before I know it, I say something wrong. Suppose I do not support the motion and it is put to the vote and passed. Before the budget discussion, we will receive a letter from the responsible ministers, in which they indicate how they intend to implement this motion. Wouldn't that be a good way to solve this?;0
h-tk-20142015-75-31;De heer Van Nispen;SP;Zo makkelijk werkt het natuurlijk niet. Wij staan er hier al de hele avond over te praten dat als er ergens geld moet worden gevonden — dat heeft collega Schouw nota bene ook herhaaldelijk aangeboden — we dat gaan zoeken in de plooien van het ministerie. Ik ben daar ook toe bereid, als de heer Van Oosten mij dat vraagt. Natuurlijk willen wij daarnaar kijken. Het gaat er hier om hoe wij de laagdrempelige voorziening die nu op het spel staat, overeind houden. Waar iedereen in deze Kamer, behalve de heer Van Oosten, zich toch wel grote zorgen maakt over wat er op dit moment staat te gebeuren, zegt de heer Van Oosten: ik vind dat wij er niet over gaan. De indieners van de motie denken daar duidelijk anders over, gelet op het dictum en het verzoek aan de regering om de laagdrempelige voorziening wel degelijk open te houden.;2014-2015;14-4-2015;tk;handelingen;31 Juridisch Loket;https://zoek.officielebekendmakingen.nl/h-tk-20142015-75-31.html;https://zoek.officielebekendmakingen.nl/h-tk-20142015-75-31.xml;nr. 75, item 31;van van nispen;Of course, it doesn't work that easily. We have been standing here all evening talking about the fact that if money has to be found somewhere - that is what colleague Schouw has repeatedly offered - we will look for it within the folds of the ministry. I am also prepared to do so if Mr Van Oosten asks me to. Of course we want to look into that. What matters here is how we maintain the accessible facility that is now at stake. While everyone in this Chamber, except Mr Van Oosten, is very concerned about what is currently happening, Mr Van Oosten says: I don't think we should discuss it. The authors of the motion clearly think differently about this, given the dictum and the request to the government to keep the accessible facility open.;0
h-tk-20142015-80-6;Mevrouw Gesthuizen;SP;Dank u wel.;2014-2015;23-4-2015;tk;handelingen;6 Regeling van werkzaamheden;https://zoek.officielebekendmakingen.nl/h-tk-20142015-80-6.html;https://zoek.officielebekendmakingen.nl/h-tk-20142015-80-6.xml;nr. 80, item 6;gesthuizen;Thank you.;0
h-tk-20142015-8-3;De heer Van Raak;SP;Heel concreet. De rechter op Sint-Maarten heeft in het kader van een onderzoek naar het kopen van stemmen gezegd dat dit niet ontvankelijk kan worden verklaard omdat alleen de kleine visjes worden gepakt, terwijl de grote buiten schot blijven. De rechter wees op de UP en de leider Theo Heyliger. Daarvoor ligt volgens mij een onderzoek klaar. Is de heer Oskam het met mij eens dat Nederland en de minister in Koninkrijksverband ervoor moeten zorgen dat dit onderzoek zo snel mogelijk wordt opgepakt en dat Nederland moet zorgen voor voldoende mensen en middelen om dat onderzoek samen met het OM in Sint-Maarten te doen?;2014-2015;1-10-2014;tk;handelingen;3 Begroting Koninkrijksrelaties;https://zoek.officielebekendmakingen.nl/h-tk-20142015-8-3.html;https://zoek.officielebekendmakingen.nl/h-tk-20142015-8-3.xml;nr. 8, item 3;van van raak;Very specific. In the context of an investigation into vote buying, the judge on Sint Maarten has said that this cannot be declared admissible because only the small fish are caught, while the large ones remain out of harm's way. The judge pointed to the UP and its leader Theo Heyliger. I think there is a study ready for that. Does Mr Oskam agree with me that the Netherlands and the minister in the Kingdom must ensure that this investigation is initiated as quickly as possible and that the Netherlands must ensure sufficient people and resources to conduct that investigation together with the Public Prosecution Service in Sint Maarten?;0
h-tk-20142015-46-26;Minister Opstelten;VVD;"Ik heb daar uitvoerig op geantwoord, maar ik vind het zo belangrijk dat ik het wel drie of vier keer wil zeggen. Ik sta er positief tegenover. We hebben in maart een vergadering van de regiegroep onder leiding van de heer Van Gijzel. Wij zitten daarbij. Daar komt alles aan de orde en daar zullen we nadere afspraken maken. Ik zal de Kamer erover informeren wie wat doet, wat we doen, hoe we het doen en wanneer we het doen. Wat mij betreft, proberen we dit nu echt door te zetten. Ik wil erop wijzen dat we nu voor twee meldplichten gaan: de fysieke en de elektronische, oftewel de digitale. Laten we er nu met zijn allen iets van gaan maken. Ik vind het heerlijk om dit voortdurend te kunnen en mogen zeggen, want ik ben er wildenthousiast over. Dat ziet u.
Ik kom bij het uitreisverbod, internationaal en nationaal. Burgemeesters zijn verantwoordelijk voor en gaan alleen over de openbare orde in hun gemeente. Voor sommige burgemeesters is dat heel lastig. We hebben in de wet de mogelijkheid geboden om daaraan iets te doen. Een burgemeester kan in een andere gemeente de openbare orde niet handhaven. Voor uitwedstrijden binnen Nederland maakt het wetsvoorstel het daarom mogelijk dat een burgemeester tevens namens een andere burgemeester een maatregel oplegt. Dat is een heel bijzondere mogelijkheid, maar effectief. Voor de betrokkenen geldt de maatregel dan in beide gemeenten.
Voor uitwedstrijden buiten Nederland kan de KNVB landelijke stadionverboden opleggen die gelden voor alle voetbalwedstrijden in binnen- en buitenland waaraan een Nederlandse betaaldvoetbalorganisatie deelneemt. De ordeverstoorder mag bij een buitenlandse wedstrijd dus niet het stadion in. De strafrechter kan personen een meldplicht en een locatiegebod opleggen voor alle wedstrijden van een betaaldvoetbalclub in binnen- en buitenland. Daardoor wordt het voor deze personen feitelijk onmogelijk om uit te reizen.
Tot slot vindt er in internationaal verband informatie-uitwisseling over supporters die meereizen naar uitwedstrijden plaats tussen de National Football Information Points. Eventueel meegereisde hooligans kunnen tijdig worden gesignaleerd, zodat hun de toegang tot het stadion wordt ontzegd.
De heren Dijkhoff en Van Nispen vroegen daarover nog hoe het nu functioneert en hoe de samenwerking verloopt. Een burgemeester kan aan iedereen die in zijn gemeente de openbare orde verstoort een gebiedsverbod opleggen, ook aan een niet-ingezetene van Nederland. Tussen de verschillende National Football Information Points vindt informatie-uitwisseling plaats over supporters die meereizen naar uitwedstrijden. Eventueel meegereisde hooligans die het stadion niet in mogen en die de burgemeester niet op bepaalde plaatsen in de gemeente wenst te hebben, kunnen op basis van deze informatie tijdig worden gesignaleerd en worden tegengehouden zodra ze de gemeente binnen komen. Deze informatie-uitwisseling tussen de verschillende politieorganisaties van de Europese landen verloopt op zichzelf goed. Ik weet echter uit ervaring dat je dit niet moet onderschatten en dat je erbovenop moet blijven zitten. Vandaar dat ik dat ook zeg.
Dan is er nog een aantal overige vragen. Ik begin met de vragen van mevrouw Helder over handhaving van de stadionverboden.";2014-2015;27-1-2015;tk;handelingen;26 Bestrijding van voetbalvandalisme en ernstige overlast;https://zoek.officielebekendmakingen.nl/h-tk-20142015-46-26.html;https://zoek.officielebekendmakingen.nl/h-tk-20142015-46-26.xml;nr. 46, item 26;opstelten;"I have answered that in detail, but I think it is so important that I want to say it three or four times. I am positive about it. We will have a meeting of the steering group led by Mr Van Gijzel in March. We are there. Everything will be discussed there and we will make further agreements there. I will inform the House who does what, what we do, how we do it and when we do it. As far as I'm concerned, we're really trying to continue this now. I would like to point out that we now have two reporting obligations: the physical and the electronic, or digital. Now let's all make something of it. I love being able to say this all the time, because I am wildly enthusiastic about it. You see that.
I come to the travel ban, internationally and nationally. Mayors are responsible for and are solely responsible for public order in their municipality. This is very difficult for some mayors. We have provided the opportunity in the law to do something about this. A mayor cannot maintain public order in another municipality. For away matches within the Netherlands, the bill therefore makes it possible for a mayor to also impose a measure on behalf of another mayor. That is a very special option, but effective. The measure then applies to those involved in both municipalities.
For away matches outside the Netherlands, the KNVB can impose national stadium bans that apply to all football matches at home and abroad in which a Dutch professional football organization participates. The disruptor is therefore not allowed to enter the stadium at a foreign match. The criminal court can impose a reporting obligation and a location order on persons for all matches of a professional football club at home and abroad. This makes it effectively impossible for these people to travel out.
Finally, information exchange about supporters traveling to away matches takes place internationally between the National Football Information Points. Any hooligans traveling with you can be identified in time so that they are denied access to the stadium.
Messrs. Dijkhoff and Van Nispen asked how it now functions and how the collaboration is going. A mayor can impose an area ban on anyone who disrupts public order in his municipality, including a non-resident of the Netherlands. Information about supporters traveling to away matches takes place between the various National Football Information Points. Any traveling hooligans who are not allowed into the stadium and who the mayor does not wish to have in certain places in the municipality can be identified in a timely manner on the basis of this information and are stopped as soon as they enter the municipality. This exchange of information between the various police organizations of the European countries is going well. However, I know from experience that you should not underestimate this and that you should stay on top of it. That's why I say that.
Then there are a number of other questions. I will start with Ms Helder's questions about enforcement of the stadium bans.";0
h-tk-20142015-53-7;De heer Pechtold;D66;Wie doet het onderzoek? Wat is de reikwijdte van het onderzoek? Hoe luidt de onderzoeksopdracht?;2014-2015;11-2-2015;tk;handelingen;7 Inzet en capaciteit in de veiligheidsketen;https://zoek.officielebekendmakingen.nl/h-tk-20142015-53-7.html;https://zoek.officielebekendmakingen.nl/h-tk-20142015-53-7.xml;nr. 53, item 7;pechtold;Who does the research? What is the scope of the investigation? What is the research assignment?;0
h-tk-20142015-58-20;Minister Kamp;VVD;Ik heb gezegd dat het mij zeer spijt wat zich heeft voorgedaan in Groningen. Verder heb ik gezegd dat alle partijen die bij de gaswinning betrokken waren, meer rekening hadden kunnen houden met de veiligheid van de mensen. Over het feit dat dat niet is gebeurd en over de effecten daarvan heb ik gezegd dat mij dat zeer spijt. Dat betreft dus alle betrokkenen bij de gaswinning. Ik vind het niet nodig om apart met de vinger naar de NAM of een andere instelling te wijzen. Ik denk dat ik me in de eerste plaats bewust moet zijn van de eigen verantwoordelijkheid van de minister van EZ en van het Nederlandse kabinet, op grond van de Mijnbouwwet en de mogelijkheden die wij hebben om onderzoek te laten doen en de NAM te beïnvloeden. Wij hebben onze eigen verantwoordelijkheid, maar ook anderen hebben hun verantwoordelijkheid. Ik heb over het geheel een uitspraak gedaan. Ik verwijs naar alles wat we nu aan het doen zijn of wat er nog wordt gedaan: de werkelijke schade ruimhartig en voor 100% vergoeden, een enorm programma opzetten voor de versterking van huizen en grote bedragen beschikbaar stellen voor de economie, de leefbaarheid, de waardevermeerdering, de nieuwbouw en alles wat daarmee samenhangt. Om daarbovenop nog te gaan filosoferen over aansprakelijkheid en dingen die hier niet onder zouden vallen, is niet aan mij. Ik moet ervoor zorgen dat alles wél is afgedekt. Als mensen van mening zijn dat dat niet zo is, hebben ze in ons land de mogelijkheid om naar de onafhankelijke rechter te gaan. Dan zullen we kijken wat daaruit komt.;2014-2015;3-3-2015;tk;handelingen;20 Rapport Onderzoeksraad Voor Veiligheid over het gasgebouw;https://zoek.officielebekendmakingen.nl/h-tk-20142015-58-20.html;https://zoek.officielebekendmakingen.nl/h-tk-20142015-58-20.xml;nr. 58, item 20;kamp;I said that I am very sorry for what happened in Groningen. I also said that all parties involved in gas extraction could have taken the safety of the people more into account. I said that I am very sorry about the fact that this did not happen and about the effects thereof. This therefore concerns everyone involved in gas extraction. I don't think it's necessary to point the finger at NAM or any other institution. I think that I must first of all be aware of the own responsibility of the Minister of Economic Affairs and the Dutch Cabinet, under the Mining Act and the possibilities we have to conduct research and influence the NAM. We have our own responsibility, but others also have their responsibility. I have made a statement about the whole thing. I refer to everything we are doing now or that is still being done: generously and 100% of the actual damage, setting up a huge program for strengthening houses and making large sums available for the economy, quality of life, increasing value, new construction and everything related to it. To further philosophize about liability and things that would not fall under this, is not for me. I have to make sure everything is covered. If people believe that this is not the case, they have the option in our country to go to an independent judge. Then we'll see what comes of it.;0
h-tk-20142015-79-6;Mevrouw Van Veldhoven;D66;Er blijkt geen meerderheid voor het voorstel voor een meerderheidsdebat. Wij moeten hier snel over spreken, maar ik heb gisteren ook begrepen dat gaswinning bij Woerden voorlopig inderdaad niet aan de orde is. Als er toch nog vragen over leven, lijkt het mij wel belangrijk dat wij daarover zo snel mogelijk opheldering vragen en een en ander zo snel mogelijk betrekken bij een algemeen overleg. Vooralsnog dus geen steun voor een versnelling van het debat, omdat ik net heb gehoord, op basis van informatie van gisteren, dat het voorlopig in Woerden niet doorgaat.;2014-2015;22-4-2015;tk;handelingen;6 Regeling van werkzaamheden;https://zoek.officielebekendmakingen.nl/h-tk-20142015-79-6.html;https://zoek.officielebekendmakingen.nl/h-tk-20142015-79-6.xml;nr. 79, item 6;van van veldhoven;There appears to be no majority in favor of the proposal for a majority debate. We need to talk about this quickly, but I also understood yesterday that gas extraction near Woerden is indeed not an option for the time being. If there are still questions about this, I think it is important that we seek clarification as quickly as possible and include this in a general consultation as soon as possible. So for the time being there is no support for accelerating the debate, because I have just heard, based on information from yesterday, that it will not go ahead in Woerden for the time being.;0
h-tk-20142015-108-11;Mevrouw Agnes Mulder;CDA;Het CDA heeft gezegd dat het de doelstelling heel graag wil halen, maar er is ook wel iets te zeggen over draagvlak. Daarvoor is een eerlijke verdeling van lusten en lasten nodig. Ik vind het heel jammer dat GroenLinks geen enkele motie van het CDA op dit punt heeft gesteund. Daarmee zou dat draagvlak namelijk wel gerealiseerd kunnen worden. Ja, ik vind het echt een gemiste kans van GroenLinks.;2014-2015;3-9-2015;tk;handelingen;11 Windmolens;https://zoek.officielebekendmakingen.nl/h-tk-20142015-108-11.html;https://zoek.officielebekendmakingen.nl/h-tk-20142015-108-11.xml;nr. 108, item 11;agnes mulder;The CDA has said that it really wants to achieve the target, but there is also something to be said about support. This requires a fair distribution of benefits and burdens. I think it is a great pity that GroenLinks has not supported any motion from the CDA on this point. This support could indeed be achieved. Yes, I really think it is a missed opportunity by GroenLinks.;0
h-tk-20142015-47-3;Staatssecretaris Dijksma;PvdA;Daarop ben ik toch echt in mijn inbreng zojuist uitgebreid ingegaan. Ik heb de Kamer uitgelegd dat er een wetsvoorstel naar de Kamer komt vanuit mijn positie in relatie tot de volksgezondheid. Ik heb uitgelegd dat het kabinet, op verzoek van in dit geval de provincie Brabant, nu bezig is om daar via de Crisis- en herstelwet en het experimenteerartikel provincies meer ruimte te geven, in dit geval aan Brabant. Dat was het antwoord op de vraag van de heer Schouw.;2014-2015;28-1-2015;tk;handelingen;3 Bouw van een megastal in Grubbenvorst;https://zoek.officielebekendmakingen.nl/h-tk-20142015-47-3.html;https://zoek.officielebekendmakingen.nl/h-tk-20142015-47-3.xml;nr. 47, item 3;dijksma;I actually went into detail about this in my contribution just now. I have explained to the House that a bill is coming to the House based on my position in relation to public health. I explained that the cabinet, at the request of the province of Brabant in this case, is now working to give provinces more space through the Crisis and Recovery Act and the experimental article, in this case to Brabant. That was the answer to Mr Schouw's question.;0
h-tk-20142015-31-12;De heer Verhoeven;D66;Het is mij zeker menens dat we hier geen banlieues willen. Daar kan mevrouw Karabulut mij dag en nacht op afrekenen. Ik denk overigens dat weinig partijen in deze Kamer dat wel willen, maar dat zou zij ook even aan de collega's kunnen vragen. Het gaat vervolgens altijd om de wijze waarop wij bepaalde schrikbeelden willen voorkomen of wensbeelden willen realiseren. Woningcorporaties hebben in dit land 2,4 miljoen woningen gebouwd, een derde van het … Mevrouw Karabulut, kom even terug en luister even naar het antwoord als u allemaal vragen hebt! Dank u wel. Dat is wel zo netjes.;2014-2015;2-12-2014;tk;handelingen;12 Rapport parlementaire enquêtecommissie Woningcorporaties;https://zoek.officielebekendmakingen.nl/h-tk-20142015-31-12.html;https://zoek.officielebekendmakingen.nl/h-tk-20142015-31-12.xml;nr. 31, item 12;verhoeven;I am certainly serious that we do not want banlieues here. Mrs. Karabulut can hold me accountable for that day and night. I think that few parties in this Chamber would like to do that, but they could also ask their colleagues that. It is then always about how we want to prevent certain nightmares or realize aspirations. Housing associations have built 2.4 million homes in this country, a third of the… Ms. Karabulut, come back and listen to the answer if you have any questions! Thank you. That's so neat.;0
h-tk-20142015-51-7;Mevrouw Leijten;SP;Nu hebben we heel veel debatten gehad over hoe makkelijk het is om je declaraties zo te maken dat je de maximale prijs casht. Er wordt eigenlijk niets aan gedaan en zo dat al gebeurt, is het een onterechte declaratie, een fout met het invullen et cetera. Denkt de VVD nu werkelijk dat de burger het probleem is als het gaat om zorgfraude en dat er daarom een nieuwe verzekering voor moet komen? Ligt het probleem niet bij de ziekenhuizen en de zorginstellingen in plaats van bij de mensen zelf?;2014-2015;5-2-2015;tk;handelingen;7 Zorgfraude;https://zoek.officielebekendmakingen.nl/h-tk-20142015-51-7.html;https://zoek.officielebekendmakingen.nl/h-tk-20142015-51-7.xml;nr. 51, item 7;leijten;Now we've had a lot of debates about how easy it is to prepare your declarations so that you cash the maximum price. Nothing is actually done about it and if it does happen, it is an unjustified declaration, an error in filling out the form, etc. Does the VVD really think that citizens are the problem when it comes to healthcare fraud and that new insurance should therefore be introduced? Doesn't the problem lie with the hospitals and healthcare institutions rather than with the people themselves?;0
h-tk-20142015-53-3;De heer Pechtold;D66;Het is aantoonbaar dat het Front Nationaal, een zusterpartij van de PVV, wordt gefinancierd door de Russen. Andere zaken zullen misschien minder duidelijk zijn, maar ik vind het ook wel belangrijk dat op zo'n top afspraken worden gemaakt dat als we de vinger erop kunnen leggen, dat ook naar buiten komt. Het is misschien inlichtingenwerk, het is samenwerking, het is uitwisseling van gegevens, maar de Europese burger moet weten dat de Russen vaak op verrassende wijze proberen, invloed te krijgen in onze democratie en in onze economie. Omdat ze er zelf beroerd voor staan, proberen ze ons onderuit te trekken. Alles wat aantoonbaar is, moet ook getoond worden. Bewijsbaar? Laat het zien.;2014-2015;11-2-2015;tk;handelingen;3 Agenda Europese top;https://zoek.officielebekendmakingen.nl/h-tk-20142015-53-3.html;https://zoek.officielebekendmakingen.nl/h-tk-20142015-53-3.xml;nr. 53, item 3;pechtold;It is demonstrable that the National Front, a sister party of the PVV, is financed by the Russians. Other matters may be less clear, but I also think it is important that agreements are made at such a summit so that if we can put our finger on it, it will also be made public. It may be intelligence work, it may be cooperation, it may be the exchange of information, but the European citizen must know that the Russians often try to gain influence in our democracy and in our economy in surprising ways. Because they are in bad shape themselves, they try to pull us down. Everything that is demonstrable must also be shown. Provable? Show it.;1
h-tk-20142015-24-17;Mevrouw Eijsink;PvdA;Voor een organisatie als Defensie komen er altijd dingen onverwacht. Je kunt niet alles voorspellen, je kunt niet vooruitzien. Er hoort dus enige flexibiliteit bij. Net als de heer Van Dijk hecht ik zeer aan de uitzendbescherming, maar ik kan me ook voorstellen dat dit goed is besproken met de betrokkenen. In dat geval is het aan de betrokkenen. De heer Van Dijk verwijst naar iets niet gespecificeerds, iets heel algemeens. Als ik iemand van de bonden zou spreken, zou ik precies willen weten om welke plekken het gaat, wat de afspraken zijn, of er zaken tegenover zijn gesteld, of er extra vakantieweken zijn gegeven, of er welke extra's dan ook zijn gegeven en of er extra ondersteuning aan het gezin is gegeven. Zo ver gaat Defensie namelijk ook, indien nodig. Ik zeg niet dat dit altijd de beste oplossing is, maar soms gebeurt het wel zo. Dan staat het organisatiebelang voorop. Dat gebeurt niet alleen weleens bij Defensie, maar ook bij andere organisaties. Het is echter van groot belang dat dit met alle voorzichtigheid en in alle veiligheid gebeurt.;2014-2015;13-11-2014;tk;handelingen;17 Begroting Defensie;https://zoek.officielebekendmakingen.nl/h-tk-20142015-24-17.html;https://zoek.officielebekendmakingen.nl/h-tk-20142015-24-17.xml;nr. 24, item 17;eijsink;For an organization like Defense, things always come unexpectedly. You can't predict everything, you can't look ahead. So there is some flexibility involved. Like Mr Van Dijk, I attach great importance to temporary employment protection, but I can also imagine that this has been thoroughly discussed with those involved. In that case it is up to those involved. Mr Van Dijk refers to something unspecified, something very general. If I were to speak to someone from the unions, I would want to know exactly which places are involved, what the agreements are, whether any compensation has been given, whether extra vacation weeks have been given, whether any extras have been given and whether extra support has been given to the family. Defense will also go that far, if necessary. I'm not saying this is always the best solution, but sometimes it happens that way. Then the organizational interests come first. This sometimes happens not only in Defense, but also in other organizations. However, it is very important that this is done with all caution and safety.;0
h-tk-20142015-57-11;De heer Van Weyenberg;D66;Ik dank de heer De Graaf voor het compliment. Hij had geen inhoudelijk antwoord. We kregen de gebruikelijke tirades. Dat zie ik altijd als een bevestiging. Ik vind het heel gek. De heer De Graaf moet consequent zijn. Als hij zegt dat de grenzen dicht moeten, moet hij ook zeggen dat Nederlanders niet meer in andere landen moeten werken. Dat weet hij donders goed. Laat hij dan gewoon eerlijk zijn.;2014-2015;26-2-2015;tk;handelingen;11 Aanpak schijnconstructies;https://zoek.officielebekendmakingen.nl/h-tk-20142015-57-11.html;https://zoek.officielebekendmakingen.nl/h-tk-20142015-57-11.xml;nr. 57, item 11;van van weyenberg;I thank Mr De Graaf for the compliment. He had no substantive answer. We got the usual rants. I always see that as confirmation. I think it's very strange. Mr De Graaf must be consistent. If he says that the borders should be closed, he should also say that Dutch people should no longer work in other countries. He knows that very well. Then just let him be honest.;1
h-tk-20142015-66-8;De heer Kuzu;Groep Kuzu/Öztürk;Deze week was de heer Van Weyenberg ons te snel af. Vorige week hebben wij op exact dezelfde plek hetzelfde debat aangevraagd. Daarom van harte steun voor dit debat.;2014-2015;24-3-2015;tk;handelingen;8 Regeling van werkzaamheden;https://zoek.officielebekendmakingen.nl/h-tk-20142015-66-8.html;https://zoek.officielebekendmakingen.nl/h-tk-20142015-66-8.xml;nr. 66, item 8;kuzu;This week Mr Van Weyenberg was too quick for us. Last week we requested the same debate at exactly the same place. Therefore we wholeheartedly support this debate.;0
h-tk-20142015-41-7;De heer Pechtold;D66;Worden dan de vragen meegenomen hoeveel fte de AIVD nodig heeft om een waterdichte surveillance te doen, hoeveel politieagenten op dit moment het werk van de AIVD doen en nog een aantal?;2014-2015;14-1-2015;tk;handelingen;7 De aanslag in Parijs;https://zoek.officielebekendmakingen.nl/h-tk-20142015-41-7.html;https://zoek.officielebekendmakingen.nl/h-tk-20142015-41-7.xml;nr. 41, item 7;pechtold;Are the questions included how many FTEs the AIVD needs to conduct watertight surveillance, how many police officers are currently doing the AIVD's work and a number of others?;0
h-tk-20142015-16-13;Mevrouw Jacobi;PvdA;Mijn standpunt is meer: hoe het er ook in de wet uit komt te zien, dit moet gewoon gebeuren. Ik zou zeggen: ga eens met me mee, dan gaan we naar Schotland en dan laat ik zien hoe het moet. Dat is mooi voor ons land. Natuurlijk heeft iedereen er wel een beetje gelijk in dat het in de wet wel moet deugen en dat het financieel moet deugen. Wij hebben echter gemeend om deze begroting aan te grijpen om deze impuls te geven, die van belang is voor zowel de provincie, het nationaal park zelf, het NBTC als de mensen van de regio's, die hier ook heel veel heil in zien. Ik zou zeggen tegen de VVD: onderschat niet het belang van de ondernemers in dit concept. Gun het om te groeien en te bloeien. Wij vinden het juist interessant om het niet hier af te timmeren.;2014-2015;28-10-2014;tk;handelingen;13 Begroting Economische Zaken (onderdeel Landbouw en Natuur);https://zoek.officielebekendmakingen.nl/h-tk-20142015-16-13.html;https://zoek.officielebekendmakingen.nl/h-tk-20142015-16-13.xml;nr. 16, item 13;jacobi;My position is more: whatever the law looks like, this simply has to happen. I would say: come with me, we will go to Scotland and I will show you how it is done. That is good for our country. Of course, everyone is somewhat right that it must be sound in law and that it must be sound financially. However, we have decided to use this budget to provide this impetus, which is important for the province, the national park itself, the NBTC and the people of the regions, who also see great benefit in this. I would say to the VVD: do not underestimate the importance of entrepreneurs in this concept. Allow it to grow and blossom. We find it interesting not to finish it here.;0
h-tk-20142015-22-25;Mevrouw Neppérus;VVD;De echt heel groene auto's komen er in dit nieuwe voorstel beter af. De semi-elektrische auto's worden wat harder aangepakt. Ik hoop dat de heer Koolmees dat ook in de stukken heeft teruggevonden. Voor de leaserijders stijgen de lasten minder snel. Dat was voor mijn fractie het belangrijke punt. In 2017 en daarna gaan wij er echter vol tegenaan.;2014-2015;11-11-2014;tk;handelingen;25 Belastingplan 2015;https://zoek.officielebekendmakingen.nl/h-tk-20142015-22-25.html;https://zoek.officielebekendmakingen.nl/h-tk-20142015-22-25.xml;nr. 22, item 25;neppérus;The really green cars will fare better in this new proposal. Semi-electric cars are being dealt with a little harder. I hope that Mr Koolmees has also found this in the documents. The costs will increase less quickly for lease drivers. That was the important point for my group. However, we will be fully committed to it in 2017 and beyond.;0
h-tk-20142015-27-10;De heer Van Bommel;SP;De SP-fractie is tegenstander van deze NAVO-bijdrage aan de voortzetting van de oorlog in Afghanistan. Dat neemt niet weg dat ook mijn fractie de uit te zenden militairen succes en een behouden terugkomst wenst. Het thuisfront wensen wij alle sterkte.;2014-2015;20-11-2014;tk;handelingen;10 Artikel 100-brief NAVO-missie Afghanistan;https://zoek.officielebekendmakingen.nl/h-tk-20142015-27-10.html;https://zoek.officielebekendmakingen.nl/h-tk-20142015-27-10.xml;nr. 27, item 10;van van bommel;The SP faction is opposed to this NATO contribution to the continuation of the war in Afghanistan. This does not alter the fact that my group also wishes the soldiers to be deployed good luck and a safe return. We wish the home front all the strength.;0
h-tk-20142015-58-20;De heer Smaling;SP;Maar dat wil dus zeggen dat de minister het normaal vindt dat de NAM zo ongeveer een miljard per jaar in haar zak steekt, terwijl het rapport laat zien dat er een heel decennium, te beginnen met 2003, eigenlijk alleen maar is tegengewerkt. Ik denk aan de heer Joustra, die op tv zei dat er een bijna onverholen weerzin uit de notulen van het gasgebouw sprak als het ging over veiligheid en de relatie tussen winning en bevingen. Dat is eigenlijk toch de conclusie. Waarom kan de minister dat niet onderschrijven?;2014-2015;3-3-2015;tk;handelingen;20 Rapport Onderzoeksraad Voor Veiligheid over het gasgebouw;https://zoek.officielebekendmakingen.nl/h-tk-20142015-58-20.html;https://zoek.officielebekendmakingen.nl/h-tk-20142015-58-20.xml;nr. 58, item 20;smaling;But this means that the minister thinks it is normal that NAM pockets about a billion a year, while the report shows that for a whole decade, starting with 2003, there has actually been nothing but opposition. I think of Mr Joustra, who said on TV that the minutes of the gas building showed an almost undisguised aversion when it came to safety and the relationship between extraction and earthquakes. That's actually the conclusion. Why can't the minister endorse that?;0
h-tk-20142015-19-21;De heer Duisenberg;VVD;Die verkenning is gedaan. Ik heb de resultaten daarvan gelezen. De heer Van Dijk heeft die ook kunnen lezen. De resultaten van die verkenning bevestigen dat het gaat om een inhoudelijke afweging en een bewuste keuze, die ook die bètastudenten maken. Ook zij kijken naar hun perspectief en inhoudelijke motivatie. Dat is hun voornaamste drijfveer.;2014-2015;4-11-2014;tk;handelingen;21 Wet studievoorschot hoger onderwijs;https://zoek.officielebekendmakingen.nl/h-tk-20142015-19-21.html;https://zoek.officielebekendmakingen.nl/h-tk-20142015-19-21.xml;nr. 19, item 21;duisenberg;That exploration has been done. I have read the results of that. Mr Van Dijk was also able to read it. The results of that exploration confirm that it is a substantive consideration and a conscious choice that science students also make. They also look at their perspective and substantive motivation. That is their main motivation.;0
h-tk-20142015-13-2;Minister Bussemaker;PvdA;Als uw Kamer in zijn algemeenheid uitspreekt dat we ons houden aan de strikte lezing van de wet, zoals die nu bestaat, dan mag het niet. Maar ik constateer dat de studentenbonden daar niet blij mee zijn, omdat zij zelf zeggen: het verkleint de kansen om aan studenten die zich niet tijdig hebben ingeschreven, met een redelijke vergoeding toch de gelegenheid te bieden tentamen te doen. Want dat is wel het verschil met het voorjaar. Toen vroeg Leiden €75 en nu gaat het over bedragen van maximaal €20 voor studenten. Ik ga me hier eerst over verstaan met de bonden en de instellingen. Dan zal ik uw Kamer nog informeren, ook over de afspraak die zij vorige week in principe gemaakt hebben. En dan is het de vraag hoe we daarmee omgaan, als we vaststellen dat het wenselijk is om dit op termijn in te voeren.;2014-2015;14-10-2014;tk;handelingen;2 Vragenuur: Vragen Van Meenen;https://zoek.officielebekendmakingen.nl/h-tk-20142015-13-2.html;https://zoek.officielebekendmakingen.nl/h-tk-20142015-13-2.xml;nr. 13, item 2;bussemaker;If your House states in general that we adhere to the strict reading of the law as it currently exists, then it is not allowed. But I note that the student unions are not happy with this, because they themselves say: it reduces the chances of offering students who have not registered on time the opportunity to take an exam with a reasonable compensation. Because that is the difference with spring. Then Leiden asked €75 and now it concerns amounts of a maximum of €20 for students. I will first discuss this with the unions and the institutions. I will then inform your House, also about the agreement they made in principle last week. And then the question is how we deal with this if we determine that it is desirable to introduce this in the long term.;0
h-tk-20142015-80-14;Minister Koenders;PvdA;"De eenvoudige redenen daarvoor zijn — ik heb dat ook proberen aan te geven — dat het ten eerste een precedent zou zijn. Ten tweede is het normale verkeer tussen Kamer en regering dat ik haar de strekking geef van wat daarin gezegd is en dat hebben wij ook gedaan. De Kamer heeft de informatie gehad uit het memo van 14 juli. Daar kom ik overigens zo nog even op terug. Dat is de manier waarop de regering in relatie met het parlement hoort te werken.
Ik heb al gezegd dat minister Van der Steur zal terugkomen op het punt van de OVV. Uiteraard is het van belang dat we altijd met de OVV in nauw contact staan over de vraag wat de optimale manier van samenwerking is, zo zeg ik nog tegen de heer Ten Broeke.";2014-2015;23-4-2015;tk;handelingen;14 MH17 en de informatiepositie van de Nederlandse regering;https://zoek.officielebekendmakingen.nl/h-tk-20142015-80-14.html;https://zoek.officielebekendmakingen.nl/h-tk-20142015-80-14.xml;nr. 80, item 14;koenders;"The simple reasons for that are - I tried to point this out too - firstly, it would be a precedent. Secondly, it is normal communication between the House and the government that I give it the gist of what has been said there, and we have done that. The House has received the information from the memo of July 14. I will come back to that in a moment. That is the way the government should work in relation to parliament.
I have already said that Minister Van der Steur will return to the issue of the OVV. It is of course important that we are always in close contact with the OVV about the question of what the optimal way of cooperation is, as I told Mr Ten Broeke.";0
h-tk-20142015-29-7;De heer Oskam;CDA;De staatssecretaris doet het voorkomen alsof 43 keer nachtdetentie heel weinig is, maar dat zijn 43 schoolcarrières. Wat mij betreft is het zeker de moeite waard om die carrières te redden. Ik vind dit toch een triest verhaal, terwijl er ook een alternatief is. Toen de staatssecretaris met zijn masterplan kwam, waren alle gevangenisdirecteuren in staat en bereid om plannen te maken. Dat geldt ook voor de jeugdinrichtingen. Als je draagvlak creëert onder de sectordirecteuren van jji's, zou je Amsterdam misschien wel open kunnen houden. Bovendien is dit ook een financiële keuze. Je kunt ook structureel op Amsterbaken bezuinigen en dan kan Amsterbaken gewoon open blijven. Is de staatssecretaris bereid om daar nog eens naar te kijken en om de andere sectordirecteuren te vragen of zij bereid zijn om inspanningen te leveren?;2014-2015;26-11-2014;tk;handelingen;7 Begroting Veiligheid en Justitie;https://zoek.officielebekendmakingen.nl/h-tk-20142015-29-7.html;https://zoek.officielebekendmakingen.nl/h-tk-20142015-29-7.xml;nr. 29, item 7;oskam;The State Secretary makes it seem as if 43 night detentions is very little, but that is 43 school careers. As far as I'm concerned, it's definitely worth saving those careers. I think this is a sad story, even though there is an alternative. When the State Secretary came up with his master plan, all prison directors were able and willing to make plans. This also applies to youth institutions. If you create support among the sector directors of JJIs, you might be able to keep Amsterdam open. Moreover, this is also a financial choice. You can also make structural cuts to Amsterbaken and then Amsterbaken can remain open. Is the State Secretary prepared to look at this again and ask the other sector directors whether they are prepared to make efforts?;0
h-tk-20142015-51-8;Mevrouw Van der Burg;VVD;Ik heb hier duidelijk gemaakt dat ik vind dat de wet uitgevoerd moet worden. Mevrouw Leijten haalt er allerlei argumenten bij van gemeenten die zeggen dat ze de wet niet hoeven uit te voeren. Ik heb de staatssecretaris gevraagd daarover met de VNG in overleg te gaan. Wij stellen hier niet voor niks wetten vast. Ik vind het nogal wat om als Kamer te zeggen: ach, we schorten dat maar even op.;2014-2015;5-2-2015;tk;handelingen;8 Jeugdzorg;https://zoek.officielebekendmakingen.nl/h-tk-20142015-51-8.html;https://zoek.officielebekendmakingen.nl/h-tk-20142015-51-8.xml;nr. 51, item 8;van der van der burg;I have made it clear here that I believe the law must be implemented. Ms Leijten cites all kinds of arguments from municipalities that say they do not have to implement the law. I have asked the State Secretary to consult with the VNG about this. It is not without reason that we establish laws here. I think it's quite something for a House to say: oh well, we'll just suspend that for a while.;0
h-tk-20152016-40-8;De heer Smaling;SP;Er zijn meerdere schriftelijke vragen gesteld, die mooi kunnen worden meegenomen in het AO Omgevingswet dat later in januari plaatsvindt. Dat lijkt me adequaat.;2015-2016;12-1-2016;tk;handelingen;8 Regeling van werkzaamheden;https://zoek.officielebekendmakingen.nl/h-tk-20152016-40-8.html;https://zoek.officielebekendmakingen.nl/h-tk-20152016-40-8.xml;nr. 40, item 8;smaling;Several written questions have been asked, which can be included in the Environmental Act AO that will take place later in January. That seems appropriate to me.;0
h-tk-20152016-49-27;De heer Bashir;SP;Namens de SP-fractie steun ik het voorstel.;2015-2016;2-2-2016;tk;handelingen;27 Doorstroming huurmarkt;https://zoek.officielebekendmakingen.nl/h-tk-20152016-49-27.html;https://zoek.officielebekendmakingen.nl/h-tk-20152016-49-27.xml;nr. 49, item 27;bashir;On behalf of the SP faction, I support the proposal.;0
h-tk-20152016-18-6;De heer Grashoff;GroenLinks;Geen steun voor het verzoek.;2015-2016;29-10-2015;tk;handelingen;6 Regeling van werkzaamheden;https://zoek.officielebekendmakingen.nl/h-tk-20152016-18-6.html;https://zoek.officielebekendmakingen.nl/h-tk-20152016-18-6.xml;nr. 18, item 6;grashoff;No support for the request.;0
h-tk-20152016-68-8;De heer Madlener;PVV;Ik begrijp dat de minister die plannen meer als een soort aanmoediging of denkrichting ziet dan als echte concrete plannen. Dat is misschien maar het beste ook, want ik geloof niet dat er echt veel realisme in die plannen zit.;2015-2016;23-3-2016;tk;handelingen;8 Energie;https://zoek.officielebekendmakingen.nl/h-tk-20152016-68-8.html;https://zoek.officielebekendmakingen.nl/h-tk-20152016-68-8.xml;nr. 68, item 8;madlener;I understand that the minister sees these plans more as a kind of encouragement or way of thinking than as real concrete plans. That might be for the best, because I don't think there's much realism in those plans.;0
h-tk-20152016-14-2;De heer Slob;CU;Ja, testosteron, zeker. We weten echter ook dat het mensen zijn die soms reëel gevaar hebben gelopen. Mensen die bijvoorbeeld vanwege hun geloof vervolgd werden en hun land hebben verlaten. Het is dus echt belangrijk om van de heer Wilders te horen: wanneer wel? Is er wel ruimte voor om mensen op te vangen als ze in een dergelijke situatie terecht zijn gekomen en met gevaar voor eigen leven hun land hebben moeten verlaten?;2015-2016;14-10-2015;tk;handelingen;2 Europese top van 15-16 oktober 2015;https://zoek.officielebekendmakingen.nl/h-tk-20152016-14-2.html;https://zoek.officielebekendmakingen.nl/h-tk-20152016-14-2.xml;nr. 14, item 2;slob;Yes, testosterone, for sure. However, we also know that these are people who have sometimes been in real danger. For example, people who were persecuted because of their faith and left their country. So it is really important to hear from Mr Wilders: when? Is there room to accommodate people if they find themselves in such a situation and have had to leave their country at the risk of their own lives?;0
h-tk-20152016-2-7;De heer Van Haersma Buma;CDA;"Als u zegt ""het geld is er niet"" en ""het kan niet"", dan moet u niet zelf een andere invulling voor de 5 miljard zoeken. Dat is een rare redenering. Of u zegt ""5 miljard op een andere manier, dan ja"" of u vindt het onverantwoord en dan moet u gewoon zeggen: eigenlijk hadden we vorig jaar al wel gelijk met die belastingverhoging; die hoeft niet zo veel meer naar beneden.";2015-2016;16-9-2015;tk;handelingen;7 Algemene Politieke Beschouwingen;https://zoek.officielebekendmakingen.nl/h-tk-20152016-2-7.html;https://zoek.officielebekendmakingen.nl/h-tk-20152016-2-7.xml;nr. 2, item 7;van van haersma buma;"If you say ""the money is not there"" and ""it is not possible"", then you should not look for another use for the 5 billion yourself. That's strange reasoning. Either you say ""5 billion in a different way, then yes"" or you find it irresponsible and then you should just say: we were actually right with that tax increase last year; it doesn't have to go down that much anymore.";0
h-tk-20152016-12-6;De heer Madlener;PVV;De vergelijking met de kamer waarin er één stoel te weinig is, snap ik. Maar wat doet de SP? Zij zet de deur open en zegt: kom maar allemaal deze kamer in en zoek maar een stoel die er niet is. De SP wil ook de grenzen openhouden voor al die vluchtelingen terwijl zij weet dat er helemaal niet genoeg woningen zijn en dat Nederlanders die soms wel acht jaar op de wachtlijst staan, daardoor niet aan een woning kunnen komen. Ik vind dat echt onbegrijpelijk. Dat is nog afgezien van alle leefbaarheidsproblemen in de wijken die al die immigratie met zich brengt. De SP laat haar kiezers in de steek.;2015-2016;8-10-2015;tk;handelingen;6 Begroting Wonen en Rijksdienst;https://zoek.officielebekendmakingen.nl/h-tk-20152016-12-6.html;https://zoek.officielebekendmakingen.nl/h-tk-20152016-12-6.xml;nr. 12, item 6;madlener;I understand the comparison with the room in which there is one chair too few. But what does the SP do? She opens the door and says: everyone come into this room and find a chair that isn't there. The SP also wants to keep the borders open for all those refugees, while it knows that there are not enough homes and that Dutch people, who are sometimes on the waiting list for up to eight years, are therefore unable to find a home. I find that really incomprehensible. That's not to mention all the quality of life problems in the neighborhoods that all that immigration entails. The SP is letting its voters down.;0
h-tk-20152016-87-7;Mevrouw Volp;PvdA;Ik kom echt nog met genoeg munitie.;2015-2016;25-5-2016;tk;handelingen;7 Strafbaarstelling misbruik prostitué(e)s;https://zoek.officielebekendmakingen.nl/h-tk-20152016-87-7.html;https://zoek.officielebekendmakingen.nl/h-tk-20152016-87-7.xml;nr. 87, item 7;volp;I definitely still have enough ammunition.;0
h-tk-20152016-91-12;Minister Plasterk;PvdA;Dat lijkt me een alleszins redelijke vraag, dus dat kan ik toezeggen. Strikt genomen is dit een vraag aan mijn collega van V en J, maar namens het kabinet kan ik dat toezeggen. Ik heb tegelijk met mijn reactie op de interventies van mevrouw Van Toorenburg het amendement nader besproken, dus daarmee heb ik alle vragen beantwoord.;2015-2016;2-6-2016;tk;handelingen;12 Paspoortwet;https://zoek.officielebekendmakingen.nl/h-tk-20152016-91-12.html;https://zoek.officielebekendmakingen.nl/h-tk-20152016-91-12.xml;nr. 91, item 12;plasterk;That seems like a completely reasonable question to me, so I can promise that. Strictly speaking, this is a question for my colleague from V and J, but on behalf of the cabinet I can promise that. I discussed the amendment in more detail at the same time as my response to Mrs Van Toorenburg's interventions, so I have answered all questions.;0
h-tk-20152016-89-30;Mevrouw Van Tongeren;GroenLinks;Het betoog van de staatssecretaris was helder: hiermee worden de luchtvaartmaatschappijen zes jaar lang ontzien. Ik begreep impliciet ook dat zij niet meegaat in mijn redenering dat de belastingbetaler daarmee eigenlijk niet ontzien wordt, want de staatssecretaris vindt dat het in balans is. Als de staatssecretaris dat niet in een van de andere blokjes gaat uitwerken, kan zij misschien nu antwoord geven op mijn vraag. De luchtvaartmaatschappijen hebben een onderhandelingspositie en kunnen besluiten om naar deze luchthaven of een andere te gaan. Schiphol heeft er belang bij dat er goede luchtvaartmaatschappijen op zijn luchthaven komen. De overheid grijpt nu in, waardoor er minder rendement uit Schiphol komt. Dat betekent minder inkomsten in de staatskas. Waarom vindt de staatssecretaris het gerechtvaardigd dat die kosten voor de belastingbetaler zijn?;2015-2016;31-5-2016;tk;handelingen;30 Exploitatie luchthaven Schiphol;https://zoek.officielebekendmakingen.nl/h-tk-20152016-89-30.html;https://zoek.officielebekendmakingen.nl/h-tk-20152016-89-30.xml;nr. 89, item 30;van van tongeren;The State Secretary's argument was clear: this means that the airlines will be spared for six years. I also implicitly understood that she does not agree with my reasoning that this does not actually spare the taxpayer, because the State Secretary believes that it is in balance. If the State Secretary is not going to work this out in one of the other blocks, she may be able to answer my question now. The airlines have a negotiating position and can decide to go to this airport or another. Schiphol has an interest in good airlines visiting its airport. The government is now intervening, resulting in less return from Schiphol. That means less income in the state treasury. Why does the State Secretary consider it justified that these costs should be borne by the taxpayer?;0
h-tk-20152016-80-4;Mevrouw Van Ark;VVD;Ik sla aan op de zaken die de initiatiefnemer zelf aangeeft en die ook door de Raad van State en partijen in het veld worden aangegeven. Zij zeggen: het probleem is er, dat delen wij, maar wij zien niet in dat we het probleem oplossen met de instrumenten die vandaag voorliggen in de Kamer. Ik heb die vragen ook gesteld en ik probeer suggesties te doen. Ik reik zaken aan die naast wetgeving zouden kunnen werken. Je kunt heel veel zaken met wetgeving regelen, maar de samenleving heeft ook de taak om de schouders eronder te zetten.;2015-2016;21-4-2016;tk;handelingen;4 Initiatiefwetsvoorstel-Yücel gelijke beloning;https://zoek.officielebekendmakingen.nl/h-tk-20152016-80-4.html;https://zoek.officielebekendmakingen.nl/h-tk-20152016-80-4.xml;nr. 80, item 4;van van ark;I refer to the matters that the initiator himself indicates and that are also indicated by the Council of State and parties in the field. They say: the problem is there, we share that, but we do not see that we can solve the problem with the instruments that are before the House today. I've asked those questions too and I'm trying to make suggestions. I suggest issues that could work alongside legislation. You can regulate many things with legislation, but society also has the task of putting its shoulders to the wheel.;0
h-tk-20152016-31-24;De heer Grashoff;GroenLinks;Nu verlenen wij geen steun voor het verzoek. Na de beantwoording van de vragen beoordelen wij dit verzoek opnieuw.;2015-2016;1-12-2015;tk;handelingen;24 Regeling van werkzaamheden;https://zoek.officielebekendmakingen.nl/h-tk-20152016-31-24.html;https://zoek.officielebekendmakingen.nl/h-tk-20152016-31-24.xml;nr. 31, item 24;grashoff;We currently do not support the request. After answering the questions, we will reassess this request.;0
h-tk-20152016-32-14;Mevrouw Karabulut;SP;Is dat onderdeel van de 100 miljoen of is het een ander potje?;2015-2016;2-12-2015;tk;handelingen;14 Begroting Sociale Zaken en Werkgelegenheid;https://zoek.officielebekendmakingen.nl/h-tk-20152016-32-14.html;https://zoek.officielebekendmakingen.nl/h-tk-20152016-32-14.xml;nr. 32, item 14;karabulut;Is that part of the 100 million or is it a different pot?;0
h-tk-20152016-22-17;De heer Van Weyenberg;D66;"Gezondheid nog, voorzitter. Dat was een bijzonder moment, waarop de PVV de SP opriep om toch vooral destructief te blijven. Zo leer je nog eens iets op zo'n avond.
Voorzitter. Ons belastingstelsel uit 2001 is aan een flinke vernieuwing en grote verbouwing toe. Het is ingewikkeld, het barst van de aftrekposten en vrijstellingen en — dat is het allerslechtst — het remt de werkgelegenheid. De sluipmoordenaar, zo noemde de staatssecretaris de beruchte wig tussen wat een werkgever moet betalen aan loonkosten en wat iemand aan nettoloon overhoudt, wat heel weinig is. Door de hoge belasting op arbeid is het in dienst nemen van werknemers duur voor werkgevers en houdt een werknemer van zijn of haar werk weinig over. Dat motiveert natuurlijk niet genoeg om de stap naar werk te zetten of om bijvoorbeeld een dag extra te gaan werken. Het uitgangspunt van D66 voor deze belastinghervorming is dat het meer moet gaan lonen om te werken en mensen in dienst te nemen. Ook is D66 voor vergroening. Ondanks het herstel van de economie blijft de werkloosheid hoog. Er staan nog steeds 600.000 mensen onvrijwillig aan de kant. De inmiddels beroemde 5 miljard euro had de smeerolie moeten zijn voor een belastingherziening die per saldo de lasten op arbeid veel forser zou weten te verlagen. Dit was een kans om met kracht de aanval te openen op de werkloosheid, maar ik kan slechts concluderen dat die draaideurcrimineel nu misschien wat wordt afgeremd, maar nog steeds zijn vernietigende werk op de arbeidsmarkt kan doen. Het kabinet heeft de kans op een ambitieuze belastingherziening laten lopen. Dat zegt niet alleen D66, maar dat zeggen ook de Raad van State, de Rekenkamer, het Centraal Planbureau en sinds vandaag ook het IMF. Het IMF heeft zich vandaag namelijk aangesloten bij de grote groep landen die zegt dat Nederland die belastingen fors moet hervormen.";2015-2016;10-11-2015;tk;handelingen;17 Pakket Belastingplan 2016;https://zoek.officielebekendmakingen.nl/h-tk-20152016-22-17.html;https://zoek.officielebekendmakingen.nl/h-tk-20152016-22-17.xml;nr. 22, item 17;van van weyenberg;"Good health, Chairman. That was a special moment, when the PVV called on the SP to remain destructive. This way you learn something on an evening like this.
Chair. Our tax system from 2001 is in need of a major overhaul and major renovation. It's complicated, it's chock-full of deductions and exemptions and, worst of all, it slows down employment. The silent killer, as the State Secretary called the infamous wedge between what an employer has to pay in wage costs and what someone keeps in net salary, which is very little. Due to the high tax on labor, hiring employees is expensive for employers and an employee has little left over from his or her work. Of course, that is not enough motivation to take the step to work or, for example, to work an extra day. D66's starting point for this tax reform is that it should pay more to work and employ people. D66 is also in favor of greening. Despite the economic recovery, unemployment remains high. There are still 600,000 people involuntarily sidelined. The now famous 5 billion euros should have been the lubricant for a tax reform that, on balance, would reduce labor costs much more significantly. This was an opportunity to launch a forceful attack on unemployment, but I can only conclude that this revolving door criminal may now be slowed down a bit, but can still do its destructive work on the labor market. The government has missed the opportunity for an ambitious tax reform. Not only D66 says this, but also the Council of State, the Court of Audit, the Central Planning Bureau and since today also the IMF. Today the IMF has joined the large group of countries that say that the Netherlands must significantly reform those taxes.";0
h-tk-20152016-53-13;De heer Van Helvert;CDA;"Het gaat mij vooral om het blij maken van de omwonenden en Schiphol en niet zozeer om het blij maken van een Kamerlid. Dank echter voor de intentie die de staatssecretaris hier uitspreekt.
Ik had ook nog een andere vraag, over het staand beleid over de staande masten. Ik begreep niet precies wat de staatssecretaris zei. Begrijp ik goed dat het al beleid is dat die masten daar niet meer langs mogen varen? Dat zou namelijk toch te belachelijk voor woorden zijn. Het is een heel cultureel verantwoorde route en er kunnen daardoor echt niet minder vliegtuigen landen. Je zou toch op zijn minst afspraken kunnen maken met dit soort culturele instellingen. Als dit zo is, heb ik de behoefte om voordat we gaan stemmen nog een amendement in te dienen om dit weer te schrappen.";2015-2016;10-2-2016;tk;handelingen;13 Normen- en handhavingstelsel Schiphol;https://zoek.officielebekendmakingen.nl/h-tk-20152016-53-13.html;https://zoek.officielebekendmakingen.nl/h-tk-20152016-53-13.xml;nr. 53, item 13;van van helvert;"For me it is mainly about making local residents and Schiphol happy and not so much about making a Member of Parliament happy. Thank you, however, for the intention expressed here by the State Secretary.
I also had another question, about the standing policy regarding the standing masts. I didn't understand exactly what the State Secretary said. Do I understand correctly that it is already policy that those masts are no longer allowed to sail past there? That would be too ridiculous for words. It is a very culturally responsible route and therefore fewer planes can land there. You could at least make agreements with these types of cultural institutions. If this is the case, I feel the need to table another amendment before we vote to delete this again.";0
h-tk-20152016-5-3;Staatssecretaris Dijkhoff;VVD;Datgene waarvoor in de motie op stuk nr. 331 wordt gepleit, wordt al gedaan door EU-voorzitter Tusk. De andere moties betreffen iets wat nog niet in de kabinetsbrief stond, maar wat de regering wel voornemens is vanavond te doen. Daarom zijn die moties ondersteuning van beleid. Dat is één van de vele verschillen tussen deze drie moties, waarbij mij in de moties op de stukken nrs. 336 en 324 vooral de overeenkomsten troffen.;2015-2016;23-9-2015;tk;handelingen;3 Gemeenschappelijk asielbeleid;https://zoek.officielebekendmakingen.nl/h-tk-20152016-5-3.html;https://zoek.officielebekendmakingen.nl/h-tk-20152016-5-3.xml;nr. 5, item 3;dijkhoff;What is advocated for in the motion on document no. 331 is already being done by EU President Tusk. The other motions concern something that was not yet included in the cabinet letter, but which the government intends to do tonight. That is why these motions support policy. That is one of the many differences between these three motions, and I was particularly struck by the similarities in the motions on documents nos. 336 and 324.;0
h-tk-20152016-85-11;Mevrouw Straus;VVD;Geen steun voor een plenair debat, maar wel steun voor het betrekken hiervan bij het algemeen overleg. Ik ontvang ook graag een brief van de staatssecretaris met een reactie hierop.;2015-2016;19-5-2016;tk;handelingen;11 Regeling van werkzaamheden;https://zoek.officielebekendmakingen.nl/h-tk-20152016-85-11.html;https://zoek.officielebekendmakingen.nl/h-tk-20152016-85-11.xml;nr. 85, item 11;straus;No support for a plenary debate, but support for including this in the general consultation. I would also like to receive a letter from the State Secretary with a response to this.;0
h-tk-20152016-71-5;Staatssecretaris Wiebes;VVD;"Ik ga de beantwoording toch doen, met spijt dat mevrouw Van Tongeren hier niet is. Zij heeft immers een goede vraag gesteld: hoe moet het dan? Voor duurzaamheid zetten wij in op Europees bronbeleid. Ik zie ook de heer Van Weyenberg niet, maar die begint altijd vies te kijken als hij dat hoort. Wij zetten in op Europees bronbeleid, omdat dat werkt. Dankzij Europees bronbeleid zal de CO
In juni komt de Europese Commissie met een concreet voorstel. Dat is efficiënt milieubeleid. Dat zorgt ervoor dat ook met deze Autobrief auto's niet viezer worden. Nee, zeg ik in de richting van de heer Van Weyenberg, het is niet waar dat ze viezer worden. Overigens denk ik niet dat de heer Van Weyenberg vies of schoon bedoelt maar dat hij doelt op CO";2015-2016;30-3-2016;tk;handelingen;5 Uitwerking Autobrief II;https://zoek.officielebekendmakingen.nl/h-tk-20152016-71-5.html;https://zoek.officielebekendmakingen.nl/h-tk-20152016-71-5.xml;nr. 71, item 5;wiebes;"I'm going to answer it anyway, with regret that Mrs. Van Tongeren is not here. After all, she asked a good question: how should it be done? For sustainability, we focus on European source policy. I don't see Mr. Van Weyenberg either, but he always starts to look dirty when he hears that. We focus on European source policy, because it works. Thanks to European source policy, the CO
The European Commission will present a concrete proposal in June. That is efficient environmental policy. This ensures that cars do not become dirtier with this Autobrief. No, I say to Mr Van Weyenberg, it is not true that they are getting dirtier. By the way, I don't think that Mr Van Weyenberg means dirty or clean, but that he is referring to CO";0
h-tk-20152016-44-6;De heer Recourt;PvdA;Toch denk ik dat dit wel de afweging is. De minister schrijft: ik heb het WOB-dossier van de politie rechtstreek doorgezet naar de Kamer en dat had ik niet moeten doen, want ik had een eigen afweging moeten maken. Ik ga ervan uit dat dit zo is. Ik moet dan afwegen hoe ernstig ik dat inschat.;2015-2016;20-1-2016;tk;handelingen;6 Onderzoek naar professor Maat;https://zoek.officielebekendmakingen.nl/h-tk-20152016-44-6.html;https://zoek.officielebekendmakingen.nl/h-tk-20152016-44-6.xml;nr. 44, item 6;recourt;Still, I think this is the trade-off. The minister writes: I forwarded the police WOB file directly to the House and I should not have done that, because I should have made my own decision. I assume this is so. I then have to consider how seriously I take that.;0
h-tk-20152016-105-15;Staatssecretaris Van Rijn;PvdA;Ik heb al gezegd dat ik daarnaar zal kijken. Ik zal me baseren op het oordeel van de inspectie daarover.;2015-2016;6-7-2016;tk;handelingen;15 Verpleeghuiszorg;https://zoek.officielebekendmakingen.nl/h-tk-20152016-105-15.html;https://zoek.officielebekendmakingen.nl/h-tk-20152016-105-15.xml;nr. 105, item 15;van van rijn;I already said I'll look into that. I will base myself on the inspection's assessment of this.;0
h-tk-20152016-56-11;Mevrouw Yücel;PvdA;Op zich begrijp ik de opstelling van de SGP wel. Ik respecteer dat het gedachtegoed en de politiek van de SGP een bepaalde opvatting over het huwelijk met zich meebrengen: het is voor het leven, en misschien met religieuze normen daarbij. Daar wil ik niet in treden. Erkent de SGP echter wel dat het waardevol is om vechtscheidingen te voorkomen en dat dit basisstelsel waarschijnlijk in de praktijk discussies over wat van jou en wat van mij is, eerder weg kan nemen?;2015-2016;17-2-2016;tk;handelingen;11 Beperken wettelijke gemeenschap van goederen;https://zoek.officielebekendmakingen.nl/h-tk-20152016-56-11.html;https://zoek.officielebekendmakingen.nl/h-tk-20152016-56-11.xml;nr. 56, item 11;yücel;I do understand the position of the SGP. I respect that the ideas and politics of the SGP entail a certain view on marriage: it is for life, and perhaps with religious norms. I don't want to get into that. However, does the SGP recognize that it is valuable to prevent contested divorces and that this basic system can probably, in practice, eliminate discussions about what is yours and what is mine?;0
h-tk-20152016-28-26;Mevrouw Dik-Faber;CU;Over dit onderwerp zijn al verschillende Kamermoties aangenomen, volgens mij van de Partij van de Arbeid en een motie van de SGP en de ChristenUnie. Er is nu een brief gekomen, maar wij willen toch heel graag verder hierover spreken omdat er nog steeds onrust over is. Steun dus voor het verzoek.;2015-2016;24-11-2015;tk;handelingen;26 Regeling van werkzaamheden;https://zoek.officielebekendmakingen.nl/h-tk-20152016-28-26.html;https://zoek.officielebekendmakingen.nl/h-tk-20152016-28-26.xml;nr. 28, item 26;dik-faber;Several parliamentary motions have already been adopted on this subject, I believe from the Labor Party and a motion from the SGP and the Christian Union. A letter has now arrived, but we would really like to discuss this further because there is still unrest about it. So support the request.;0
h-tk-20152016-86-5;Mevrouw Oosenbrug;PvdA;"Ik heb, samen met collega Lea Bouwmeester, een mooi lobbyvoorstel voorgelegd aan de Kamer en volgens mij ontstaat daar meer animo voor.
Vorig jaar mei heeft minister Dijsselbloem een interview gegeven waarin hij dit aanpakte en waarin hij zei dat politici er zelf voor moeten zorgen dat zij de afkoelingsperiode in acht nemen, omdat die elke schijn van belangenverstrengeling uit de weg ruimt. Hoe kijkt de minister daartegen aan? Is het niet verstandiger als zij nu al zegt dat zij na deze periode niet direct aan de slag gaat bij iets waarbij zelfs ook maar een schijn van belangenverstrengeling kan ontstaan?";2015-2016;24-5-2016;tk;handelingen;5 Vragenuur: Vragen Van Tongeren;https://zoek.officielebekendmakingen.nl/h-tk-20152016-86-5.html;https://zoek.officielebekendmakingen.nl/h-tk-20152016-86-5.xml;nr. 86, item 5;oosenbrug;"Together with my colleague Lea Bouwmeester, I have submitted a nice lobbying proposal to the House and I think this will create more interest.
Last May, Minister Dijsselbloem gave an interview in which he addressed this and in which he said that politicians must ensure that they observe the cooling-off period, because it removes any appearance of a conflict of interest. How does the minister view this? Wouldn't it be wiser if she said now that after this period she will not immediately start working on anything that could create even the appearance of a conflict of interest?";0
h-tk-20152016-106-46;Minister Schultz van Haegen-Maas Geesteranus;VVD;Ik wil mij daar graag heel helder over uitspreken, maar wij weten allemaal dat de verhoudingen in de Kamer op dit dossier al jaren complex zijn. De regering wil graag prioriteit geven aan de totstandkoming van wetgeving waarmee de inzet van gewapende particuliere beveiligers mogelijk wordt en zij laat de motie daarmee dus ook aan het oordeel van de Kamer, wetende dat de verhoudingen in de Kamer divers liggen op dit vlak.;2015-2016;7-7-2016;tk;handelingen;46 Bescherming Nederlandse schepen tegen piraterij;https://zoek.officielebekendmakingen.nl/h-tk-20152016-106-46.html;https://zoek.officielebekendmakingen.nl/h-tk-20152016-106-46.xml;nr. 106, item 46;van schultz haegen-maas geesteranus;I would like to be very clear about this, but we all know that the relationships in the House on this dossier have been complex for years. The government would like to give priority to the creation of legislation that will enable the deployment of armed private security guards and will therefore leave the motion to the discretion of the House, knowing that the relationships in the House vary in this area.;0
h-tk-20152016-8-4;De heer Harbers;VVD;Ook mijn fractie heeft gevraagd naar die analyse. Daar is het bij de Algemene Beschouwingen over gegaan. Er zijn signalen afgegeven aan het kabinet. We moeten weten waarover wij het hebben, maar ik geef geen blanco cheque in de zin van: wij steunen ieder amendement. De dekking maakt namelijk ook nog wel wat uit. Wat dat betreft lopen de wensen enorm uiteen. We hebben gelukkig nog het hele najaar te gaan. We kunnen dan kijken of wij het eens kunnen worden in de Kamer. Ik heb echter ook liever dat alle begrotingen deugen en dat geen enkele begroting nog open vragen bevat.;2015-2016;30-9-2015;tk;handelingen;4 Algemene Financiële Beschouwingen;https://zoek.officielebekendmakingen.nl/h-tk-20152016-8-4.html;https://zoek.officielebekendmakingen.nl/h-tk-20152016-8-4.xml;nr. 8, item 4;harbers;My group has also asked about that analysis. That is what the General Considerations were about. Signals have been sent to the cabinet. We have to know what we are talking about, but I am not giving a blank check in the sense of: we support every amendment. The coverage also makes a difference. In that respect, wishes vary enormously. Fortunately, we still have the whole autumn to go. We can then see whether we can reach agreement in the House. However, I would also prefer that all budgets are sound and that no budgets contain any open questions.;0
h-tk-20152016-75-30-n1;De heer Madlener;PVV;"Ik weet niet of Volkswagen zich niet aan de regels heeft gehouden. Het kan ook zo zijn dat de regels zo slecht in elkaar zitten en onhaalbaar zijn dat ze leiden tot dit gedrag. Dat is wat ik vermoed. Ik vermoed dat dit milieuregels zijn waarover politici kunnen zeggen ""kijk eens hoe streng wij zijn met onze uitstoot"", terwijl de praktijk ondertussen totaal niet klopt met de werkelijkheid. Zo bedoel ik het. Het is milieubeleid dat in de praktijk totaal verkeerd uitpakt.";2015-2016;12-4-2016;tk;handelingen;30 Uitstoot van dieselauto's;https://zoek.officielebekendmakingen.nl/h-tk-20152016-75-30-n1.html;https://zoek.officielebekendmakingen.nl/h-tk-20152016-75-30-n1.xml;nr. 75, item 30;madlener;"I don't know if Volkswagen didn't adhere to the rules. It may also be the case that the rules are so poorly constructed and unattainable that they lead to this behavior. That's what I suspect. I suspect that these are environmental regulations about which politicians can say ""look how strict we are with our emissions"", while in the meantime the practice is completely at odds with reality. That's what I mean. It is an environmental policy that turns out completely wrong in practice.";0
h-tk-20152016-27-8;De heer Ten Broeke;VVD;Het heeft iets te maken met mijn keuze om gisteren die vragen in eerste termijn te stellen. Ik heb er volgens mij recht op om daarop antwoord te krijgen. Als dat niet schriftelijk gebeurt, moet ik het per interruptie doen. En dat is wat er op dit moment gebeurt.;2015-2016;19-11-2015;tk;handelingen;8 Begroting Buitenlandse Zaken;https://zoek.officielebekendmakingen.nl/h-tk-20152016-27-8.html;https://zoek.officielebekendmakingen.nl/h-tk-20152016-27-8.xml;nr. 27, item 8;ten broeke;It has something to do with my choice to ask those questions in the first term yesterday. I think I have a right to get an answer to that. If this is not done in writing, I must do it by interruption. And that's what's happening right now.;0
h-tk-20152016-38-12;De heer Van Haersma Buma;CDA;Mevrouw de voorzitter. Wij hebben vandaag intensief gesproken naar aanleiding van het rapport van de commissie-Oosting. Aan het eind van deze lange dag overheerst een ontluisterend beeld. Het ministerie van Veiligheid en Justitie zou de hoeder van de rechtsstaat moeten zijn. Vanuit dat oogpunt moet dat departement worden geleid, maar in werkelijkheid is het gerund als een VVD-partijkantoor. Het moest vooral chocoladeletters in de kranten opleveren. Alles wat dat beeld in de weg stond, moest wijken. Ambtenaren kregen de zwartepiet, minister Schippers zag overal complotten en persberichten werden zelfs door Tweede Kamerleden herschreven. Dat gebeurde allemaal onder de ogen van de minister-president. Hij stond erbij, keek ernaar en liet het gebeuren. Hij leidde deze VVD-campagne, terwijl hij de rechtsstaat had moeten verdedigen. Vandaag moet de Kamer een grens trekken. Zo willen wij niet dat dit land wordt geregeerd en zo gaan wij niet met de rechtsstaat om. Die grens trekt de motie van de heer Segers. Daarom steunt het CDA deze motie van afkeuring.;2015-2016;16-12-2015;tk;handelingen;12 Rapport van de commissie-Oosting;https://zoek.officielebekendmakingen.nl/h-tk-20152016-38-12.html;https://zoek.officielebekendmakingen.nl/h-tk-20152016-38-12.xml;nr. 38, item 12;van van haersma buma;Madam President. We had intensive discussions today following the report of the Oosting committee. At the end of this long day, a disturbing image prevails. The Ministry of Security and Justice should be the guardian of the rule of law. From that point of view, that department should be run, but in reality it is run like a VVD party office. It was mainly intended to produce chocolate letters in the newspapers. Everything that stood in the way of that image had to go. Civil servants were blamed, Minister Schippers saw conspiracies everywhere and press releases were even rewritten by Members of Parliament. This all happened under the eyes of the Prime Minister. He stood there, watched it and let it happen. He led this VVD campaign, while he should have defended the rule of law. Today the House must draw a line. This is not how we want this country to be governed and this is not how we deal with the rule of law. Mr Segers' motion draws that line. That is why the CDA supports this motion of censure.;1
h-tk-20152016-65-10;De heer Wassenberg;PvdD;Je zou eraan kunnen denken om de nutsbanken en de banken met wat risicovollere commerciële activiteiten uit elkaar te halen. Dat soort functies zouden niet thuishoren binnen één bank. Je zou eraan kunnen denken om dat van elkaar te onderscheiden.;2015-2016;16-3-2016;tk;handelingen;10 Burgerinitiatief Ons Geld;https://zoek.officielebekendmakingen.nl/h-tk-20152016-65-10.html;https://zoek.officielebekendmakingen.nl/h-tk-20152016-65-10.xml;nr. 65, item 10;wassenberg;You could consider splitting up the utility banks and the banks with riskier commercial activities. Those kinds of functions should not belong within one bank. You might think about distinguishing that.;0
h-tk-20152016-110-21;De heer Kuzu;Groep Kuzu/Öztürk;We hebben een Wetboek van Strafrecht: intimidatie en bedreigingen zijn niet toegestaan. Mensen moeten daarop worden aangesproken en daarna worden vervolgd. Hier gaat het echter om het volgende. Deze minister heeft al jarenlang contact met deze organisaties. Hij vraagt ze om de rechtsstaat te onderschrijven, terwijl ze dat allang hebben gedaan. Dat is nou het punt. Zou de minister het gek vinden als die organisaties dan op een gegeven moment zeggen dat zij er geen vertrouwen meer in hebben? Van de organisaties hoor ik dat zij die gesprekken gewoon niet meer serieus nemen. Zij zeggen: ze komen morgen langs, er wordt een doosje met huiswerk meegegeven en vervolgens mogen er weer huiswerkopdrachten worden gemaakt. Wat vindt de minister van dat signaal?;2015-2016;13-9-2016;tk;handelingen;21 Nasleep legercoup in Turkije;https://zoek.officielebekendmakingen.nl/h-tk-20152016-110-21.html;https://zoek.officielebekendmakingen.nl/h-tk-20152016-110-21.xml;nr. 110, item 21;kuzu;We have a Criminal Code: intimidation and threats are not allowed. People must be held accountable for this and then prosecuted. However, here's the thing. This minister has been in contact with these organizations for years. He asks them to endorse the rule of law, even though they have already done so. That's the point. Would the minister find it strange if at some point those organizations say that they no longer have confidence in them? I hear from organizations that they simply no longer take these conversations seriously. They say: they will come by tomorrow, a box with homework will be given and then homework assignments can be done again. What does the minister think of that signal?;0
h-tk-20152016-39-25;De heer Omtzigt;CDA;U hebt in het debat gezegd dat die getallen er waren. Wellicht kunt u nog even zoeken om te kijken of u die wel kunt geven in het reces.;2015-2016;17-12-2015;tk;handelingen;25 Verdwijnen van de blauwe envelop;https://zoek.officielebekendmakingen.nl/h-tk-20152016-39-25.html;https://zoek.officielebekendmakingen.nl/h-tk-20152016-39-25.xml;nr. 39, item 25;omtzigt;You said in the debate that those numbers were there. You may want to do some searching to see if you can give it during the recess.;0
h-tk-20152016-62-13;Staatssecretaris Dekker;VVD;Ik ga dat gesprek graag aan, zonder op voorhand direct te zeggen dat we het anders gaan doen. Ik wil die verhalen ook weleens horen. Ik heb namelijk eergisteren een brief gekregen, ook ondertekend door dezelfde Onderwijscoöperatie, waarin staat: ga door met het proces, we staan er voor de volle 100% achter, chapeau! Normaal is de Onderwijscoöperatie er altijd als de kippen bij om overal kanttekeningen bij te zetten. Ik begrijp dus het probleem niet zo. Als de heer Van Meenen echter andere signalen krijgt, ga ik het graag na.;2015-2016;9-3-2016;tk;handelingen;13 Advies Platform Onderwijs2032;https://zoek.officielebekendmakingen.nl/h-tk-20152016-62-13.html;https://zoek.officielebekendmakingen.nl/h-tk-20152016-62-13.xml;nr. 62, item 13;dekker;I would like to have that conversation without saying in advance that we are going to do things differently. I would like to hear those stories too. I received a letter the day before yesterday, also signed by the same Education Cooperative, which states: continue with the process, we support it 100%, chapeau! Normally, the Education Cooperative is always quick to comment on everything. So I don't really understand the problem. However, if Mr Van Meenen receives other signals, I will be happy to investigate.;0
h-tk-20152016-57-7;De heer Omtzigt;CDA;"Voorzitter, aanvullend. We kunnen de minister gewoon vragen om niet onder de WOB, maar onder artikel 68 van de Grondwet een besluit te nemen. Dan moet hij ons vertellen wat hiervan openbaar gemaakt kan worden. Wat we nu hebben gezien, is helemaal wit gemaakt. Er staat wel één interessante zin in, namelijk: ""Gaat ermee akkoord dat in de wetstekst de reikwijdte van de regeling expliciet wordt beperkt tot banken. Dat geeft een groot staatssteunrisico."" Dat stukje is de minister vergeten wit te maken. Daar gaat het hele dossier over; voor de rest is het allemaal wit gemaakt.
Het gaat waarschijnlijk over een boete van 500 miljoen. Wij zouden daarom graag dat besluit voor 18.00 uur ontvangen. Daarbij zou ik graag de andere mails en stukken over het staatssteunrisico die intern beschikbaar waren, ontvangen. Verder is het heel belangrijk dat wij de communicatie krijgen van de afgelopen twee jaar tussen de Europese Commissie en de Nederlandse regering tot het moment dat de vertrouwelijke procedure begon. Die communicatie kan ook naar de Kamer worden gestuurd.";2015-2016;18-2-2016;tk;handelingen;7 Regeling van werkzaamheden;https://zoek.officielebekendmakingen.nl/h-tk-20152016-57-7.html;https://zoek.officielebekendmakingen.nl/h-tk-20152016-57-7.xml;nr. 57, item 7;omtzigt;"Chairman, additionally. We can simply ask the minister not to make a decision under the WOB, but under Article 68 of the Constitution. Then he must tell us what of this can be made public. What we have now seen has been made completely white. It does contain one interesting sentence, namely: ""Agrees that the legal text explicitly limits the scope of the scheme to banks. This poses a major state aid risk."" The minister forgot to whiten that part. That's what the whole file is about; the rest is all white.
It is probably a fine of 500 million. We would therefore like to receive that decision before 6 p.m. I would also like to receive the other emails and documents about the state aid risk that were available internally. Furthermore, it is very important that we receive communications from the past two years between the European Commission and the Dutch government until the confidential procedure began. That communication can also be sent to the House.";0
h-tk-20152016-76-7;Mevrouw Thieme;PvdD;Ah, ik ben ook niet gebeld.;2015-2016;13-4-2016;tk;handelingen;7 Uitslag raadgevend referendum associatieverdrag met Oekraïne;https://zoek.officielebekendmakingen.nl/h-tk-20152016-76-7.html;https://zoek.officielebekendmakingen.nl/h-tk-20152016-76-7.xml;nr. 76, item 7;thieme;Ah, I didn't get a call either.;0
h-tk-20152016-55-32;Mevrouw Voortman;GroenLinks;Steun voor de brief en steun voor het debat.;2015-2016;16-2-2016;tk;handelingen;32 Regeling van werkzaamheden;https://zoek.officielebekendmakingen.nl/h-tk-20152016-55-32.html;https://zoek.officielebekendmakingen.nl/h-tk-20152016-55-32.xml;nr. 55, item 32;voortman;Support for the letter and support for the debate.;0
h-tk-20152016-54-12;De heer Sjoerdsma;D66;"Misschien moet de heer Zijlstra, zoals hijzelf ook al suggereerde, in de Handelingen maar eens teruglezen wat de heer Pechtold precies zei. Dat lijkt mij verstandig. Ik zie de heer Zijlstra gebaren dat hij dat niet gaat doen, maar ik raad hem aan om dat toch wél te doen. Dan kan hij precies lezen wat collega Pechtold zei over wat er bij ambtenaren van Algemene Zaken bekend was.
Toch nog even iets over die opvang in de regio. De heer Zijlstra claimt die als zijn alleenrecht, maar ik denk dat elke partij in de Kamer opvang in de regio belangrijk vindt. En dat is het niet alleen. Aan het eind van dit debat wil ik ook nog wel even hebben gezegd dat het zijn kabinet was dat een miljard heeft bezuinigd op ontwikkelingssamenwerking, iets wat juist zo cruciaal is voor opvang in de regio. Mede dankzij de oppositie is daar nu een heleboel aan gedaan. Dat is goed, maar het is de vraag of het voldoende is.";2015-2016;11-2-2016;tk;handelingen;12 Instroom van asielzoekers;https://zoek.officielebekendmakingen.nl/h-tk-20152016-54-12.html;https://zoek.officielebekendmakingen.nl/h-tk-20152016-54-12.xml;nr. 54, item 12;sjoerdsma;"Perhaps Mr Zijlstra should, as he himself suggested, read back in the Acts what exactly Mr Pechtold said. That seems sensible to me. I see Mr Zijlstra gesturing that he is not going to do that, but I advise him to do so anyway. Then he can read exactly what colleague Pechtold said about what was known to General Affairs officials.
Just something about the reception in the region. Mr Zijlstra claims this as his exclusive right, but I think that every party in the House considers shelter in the region important. And it's not just that. At the end of this debate I would also like to say that it was his cabinet that cut one billion in development cooperation, something that is so crucial for reception in the region. Partly thanks to the opposition, a lot has now been done about this. That is good, but the question is whether it is enough.";1
h-tk-20152016-35-13;De heer Van der Staaij;SGP;Steun.;2015-2016;9-12-2015;tk;handelingen;13 Extra regeling van werkzaamheden;https://zoek.officielebekendmakingen.nl/h-tk-20152016-35-13.html;https://zoek.officielebekendmakingen.nl/h-tk-20152016-35-13.xml;nr. 35, item 13;van der van der staaij;Support.;0
h-tk-20152016-48-11;Mevrouw Volp;PvdA;Misschien mag ik dan heel even terugkomen op de vorige motie. Kunnen wij de termijn iets naar voren schuiven? Wij hebben het nu over 1 oktober. Dat was deels ook op basis van de tijd die mogelijk hiervoor nodig zou zijn. Nu komt die voorhang erbij. Dat begrijpen wij, maar kan dat dan naar 1 juli? Dan kunnen wij deze motie aanhouden.;2015-2016;28-1-2016;tk;handelingen;11 Wijziging Tabakswet;https://zoek.officielebekendmakingen.nl/h-tk-20152016-48-11.html;https://zoek.officielebekendmakingen.nl/h-tk-20152016-48-11.xml;nr. 48, item 11;volp;Perhaps I can briefly return to the previous motion. Can we move the deadline forward a little? We are now talking about October 1st. This was partly based on the time that this might require. Now the veil is added. We understand that, but can that be moved to July 1? Then we can defer this motion.;0
h-tk-20152016-38-11;Mevrouw Agema;PVV;Sorry? Mevrouw Van Ark staat hier de kooltjes uit het vuur te halen voor de heer Van Dijk! Laten wij wel wezen. En ik vind haar heel moedig, want heel goed is het mogelijk dat de heer Van Dijk straks op Twitter mevrouw Van Ark nog een mes in de rug steekt, zoals hij dat bij mij ook deed vorige week.;2015-2016;16-12-2015;tk;handelingen;11 Extra regeling van werkzaamheden;https://zoek.officielebekendmakingen.nl/h-tk-20152016-38-11.html;https://zoek.officielebekendmakingen.nl/h-tk-20152016-38-11.xml;nr. 38, item 11;agema;Sorry? Mrs. Van Ark is here pulling the coals out of the fire for Mr. Van Dijk! Let's face it. And I think she is very brave, because it is very possible that Mr Van Dijk will soon stab Ms Van Ark in the back on Twitter, just as he did to me last week.;1
h-tk-20162017-74-7;De heer Graus;PVV;Zowel mijn voorganger op dit dossier, mevrouw Klever, als ikzelf heb daar al eerder tegen geageerd. Wij steunen beide verzoeken uiteraard van harte, zowel het verzoek om een debat als het verzoek om een brief.;2016-2017;11-5-2017;tk;handelingen;7 Regeling van werkzaamheden;https://zoek.officielebekendmakingen.nl/h-tk-20162017-74-7.html;https://zoek.officielebekendmakingen.nl/h-tk-20162017-74-7.xml;nr. 74, item 7;graus;Both my predecessor on this dossier, Mrs Klever, and I have previously opposed this. We naturally fully support both requests, both the request for a debate and the request for a letter.;0
h-tk-20162017-16-28;De heer Madlener;PVV;Ik doe dat met een motie, want ik vind het een belangrijke uitspraak dat we dat willen. Ik verwijs daarvoor naar ons verkiezingsprogramma. Daarin is dat keurig gedekt. Die dekking komt vooral op buitenlanduitgaven te staan. Wij vinden dat het geld in Nederland moet worden besteed en dat wij de Nederlander belastingverlichting moeten geven. De PvdA heeft de belasting alleen maar opgeschroefd in de afgelopen jaren. Het wordt tijd voor een koopkrachtverbetering. Die zouden we kunnen realiseren door de motorrijtuigenbelasting te halveren. Het voordeel daarvan is dat het ook nog eens eerlijker wordt, want dan wordt het bezit van de auto niet belast, maar alleen het gebruik via de accijnzen. Ik zal u straks vertellen dat Nederlanders al meer dan genoeg betalen voor die auto. We zijn kampioen in het gebruiken van de auto als melkkoe. De PVV vindt dat dat eens moet stoppen.;2016-2017;1-11-2016;tk;handelingen;28 Begroting Infrastructuur en Milieu;https://zoek.officielebekendmakingen.nl/h-tk-20162017-16-28.html;https://zoek.officielebekendmakingen.nl/h-tk-20162017-16-28.xml;nr. 16, item 28;madlener;I do this with a motion, because I think it is an important statement that we want that. I refer to our election manifesto. This is neatly covered. This coverage mainly covers foreign expenditure. We believe that the money should be spent in the Netherlands and that we should give Dutch people tax relief. The PvdA has only increased taxes in recent years. It is time for an improvement in purchasing power. We could achieve this by halving the motor vehicle tax. The advantage of this is that it also becomes fairer, because then the ownership of the car is not taxed, but only the use via excise duties. I'll tell you later that Dutch people already pay more than enough for that car. We are champions in using the car as a cash cow. The PVV believes that this should stop.;0
h-tk-20162017-46-22;De heer Verhoeven;D66;Dat heb ik ook geconstateerd.;2016-2017;31-1-2017;tk;handelingen;22 Regeling van werkzaamheden;https://zoek.officielebekendmakingen.nl/h-tk-20162017-46-22.html;https://zoek.officielebekendmakingen.nl/h-tk-20162017-46-22.xml;nr. 46, item 22;verhoeven;I have noticed that too.;0
h-tk-20162017-31-27;De heer Azmani;VVD;De heer Van Klaveren heeft het over subsidie aan de Gülenbeweging, maar ik kan mij niet voorstellen dat het Rijk of deze minister subsidie verstrekt aan de Gülenbeweging. Dat is niet waar. Misschien heeft een gemeente subsidie verstrekt aan de Gülenbeweging, maar dat betekent niet dat de motie die hierover in de Kamer werd ingediend, aangenomen moet worden, want die ging hier niet over. Dat zou de schijn wekken dat deze minister daadwerkelijk subsidie verstrekt aan de Gülenbeweging. Het is makkelijk om nu even sec moties te noemen, maar dan moet je wel de context weten.;2016-2017;6-12-2016;tk;handelingen;27 Begroting Sociale Zaken en Werkgelegenheid;https://zoek.officielebekendmakingen.nl/h-tk-20162017-31-27.html;https://zoek.officielebekendmakingen.nl/h-tk-20162017-31-27.xml;nr. 31, item 27;azmani;Mr Van Klaveren talks about subsidies to the Gülen movement, but I cannot imagine that the government or this minister provides subsidies to the Gülen movement. That's not true. Perhaps a municipality has provided a subsidy to the Gülen movement, but that does not mean that the motion submitted on this matter in Parliament should be adopted, because it was not about this. That would give the impression that this minister actually provides a subsidy to the Gülen movement. It is easy to just mention simple motions, but then you have to know the context.;0
h-tk-20162017-52-38;Mevrouw Helder;PVV;Nee, dat was mijn vraag niet: ik vraag niet naar extra onderzoeken. Ik vraag naar een deugdelijk meetinstrument. Dat is net iets anders. In de notie staat zelfs letterlijk: het Openbaar Ministerie en de politie hechten zeer aan een nieuw, onafhankelijk meetinstrument.;2016-2017;14-2-2017;tk;handelingen;38 Criminaliteitsbestrijding;https://zoek.officielebekendmakingen.nl/h-tk-20162017-52-38.html;https://zoek.officielebekendmakingen.nl/h-tk-20162017-52-38.xml;nr. 52, item 38;helder;No, that was not my question: I am not asking about additional tests. I am asking for a proper measuring instrument. That's slightly different. The notion even literally states: the Public Prosecution Service and the police attach great importance to a new, independent measuring instrument.;0
h-tk-20162017-6-5;Mevrouw Leijten;SP;Al in januari/februari 2015 voerden wij een enorm debat over mensen die niet werden uitbetaald. Het verklaart een hoop dat dit niet kon, als een adresveld niet kan worden ingevuld. Toen zijn er op wens van de Kamer allerlei controles uitgezet zodat de declaraties konden doorgaan. Pas in het zicht van het weer aanzetten van dit soort voorwaarden komt naar boven dat de Sociale Verzekeringsbank gewoon een verkeerd formulier heeft. Ik vind dit tekenend voor het dossier. Als de staatssecretaris dit logisch vindt — ik vind dat niet — hoe zal hij er dan voor zorgen dat er na 1 november — als er echt wordt gekeken naar de rechtmatigheid van de declaraties — geen enkel probleem meer is met de mogelijkheden die de Sociale Verzekeringsbank aanbiedt voor een declaratie: geen ontbrekend adresveld, geen fouten in wat dan ook? Kan hij daarvoor garant staan? Want als dit soort idiote fouten worden gemaakt, komen mensen in de problemen. Het gaat hier immers om het salaris van mensen.;2016-2017;29-9-2016;tk;handelingen;5 Inperken mogelijkheden voor het pgb;https://zoek.officielebekendmakingen.nl/h-tk-20162017-6-5.html;https://zoek.officielebekendmakingen.nl/h-tk-20162017-6-5.xml;nr. 6, item 5;leijten;Already in January/February 2015 we had a huge debate about people who were not paid. It explains a lot that this was not possible, if an address field cannot be filled in. At the request of the House, all kinds of controls were set up so that the declarations could continue. Only when these types of conditions are reinstated does it become apparent that the Social Insurance Bank simply has the wrong form. I think this is indicative of the file. If the State Secretary thinks this is logical - I don't - how will he ensure that after November 1 - when the legality of the declarations is really examined - there will no longer be any problem with the options that the Social Insurance Bank offers for a declaration: no missing address field, no errors in anything? Can he guarantee this? Because when these kinds of idiotic mistakes are made, people get into trouble. After all, this is about people's salaries.;0
h-tk-20162017-13-17;De heer Bisschop;SGP;De lijn van collega Hoogland lijkt ons zeer zorgvuldig.;2016-2017;25-10-2016;tk;handelingen;17 Regeling van werkzaamheden;https://zoek.officielebekendmakingen.nl/h-tk-20162017-13-17.html;https://zoek.officielebekendmakingen.nl/h-tk-20162017-13-17.xml;nr. 13, item 17;bisschop;Colleague Hoogland's line seems very careful to us.;0
h-tk-20162017-35-12;Minister Blok;VVD;"Voorzitter. Bij de evaluatie van de verhuurderheffing heeft de Kamer mij verzocht om snel met een wijzigingsvoorstel te komen op grond van de bevindingen over die verhuurderheffing. Dat wijzigingsvoorstel ligt nu voor. De uitkomst van de evaluatie is dat de heffing zelf goed betaalbaar is en ook een ruime investeringscapaciteit overlaat. Tegelijkertijd leefde er de wens, bij mijzelf en ook duidelijk uitgesproken in een aantal Kamermoties, om op een aantal punten wijzigingen aan te brengen.
De heer De Vries heeft moties ingediend om een investeringsimpuls gericht op goedkope huurwoningen mogelijk te maken en om de regeling voor Rotterdam-Zuid te verruimen. Er was ook wens, die breed werd gesteund, om de nieuwe krimpregio's toe te voegen aan de vermindering van de verhuurderheffing. Ook breed leefde de wens om kleine verhuurders en daarmee ook hofjes deels helemaal uit te zonderen van de verhuurderheffing of, als dat niet helemaal lukt, die per saldo een lagere heffing te gunnen. Hoewel ik van de heer Van Vliet enige kritiek hoorde, heb ik in dit voorstel wel degelijk een regeling voor het overnemen van particulier bezit in krimpregio's opgenomen. Ik zal straks op zijn amendement ingaan. Ik bestrijd echter dat ik helemaal niets gedaan heb met zijn twee moties.
Na deze inleiding zal ik ingaan op drie thema's die door bijna iedereen aan de orde zijn gesteld, namelijk de uitwerking van de WOZ als basis voor de heffing, de vragen die gesteld zijn rond de regionale uitwerking en een aantal overige vragen. Ten slotte zal ik ingaan op de amendementen die al zijn ingediend. Ik heb begrepen dat er nog meer aankomen. Daar zal ik dan schriftelijk op reageren.
Allereerst de vragen die betrekking hebben op de WOZ als grondslag. De heer Ronnes stelde dat de stijging van de WOZ-waarde er, in elk geval in een deel van het land, toe leidt dat de heffing veel meer opbrengt dan aanvankelijk is geraamd. Dat is niet het geval. De opbrengsten van de heffing zijn eigenlijk in lijn met de prognose die we hebben gemaakt, omdat ook toen is uitgegaan van een stijgende WOZ-waarde. Er is dus geen extra opbrengst. Zodra die zich toch voor zou doen, is dat, zoals de techneuten het noemen, een endogene ontwikkeling en dus geen opbrengst die vervolgens ingezet kan worden om uit te geven.
De heer Ronnes, de heer Bashir, de heer Van Vliet en volgens mij ook de heer De Vries vroegen naar het effect van de hoge WOZ-waarde in een aantal schaarstegebieden, waardoor de heffing daar zwaarder zou drukken. In de evaluatie en ook in rapport van COELO dat door de VNG en Aedes was besteld — dat had een beetje een lobbydoel, maar dat mag op zich — komt naar voren dat het niet zo is dat corporaties die in een gebied met een hoge WOZ-waarde actief zijn om die reden moeite hebben met de betaalbaarheid. Dat zou zo maar eens het geval kunnen zijn doordat we ook deze regeerperiode het woningwaarderingsstelsel zo hebben gewijzigd dat daar een WOZ-component zit, zodat huren mee kunnen bewegen met die WOZ-waarde.
Vanuit het argument van betaalbaarheid is er dus geen reden om te differentiëren. Dat betekent niet dat ik niet zie dat de nood in sommige delen van het land hoger is dan in andere. De heer Koolmees ging daar specifiek op in. Dat is ook de reden dat dit wetsvoorstel een extra korting op de heffing bevat. Die is sowieso gericht op betaalbare huurwoningen, want er is de laatste jaren te veel geïnvesteerd in dure huurwoningen. Die korting is extra groot in gebieden waar krapte is op de woningmarkt. Dat is dus ook de elegante manier. Daarmee stimuleer je namelijk investeringen in de woningen waar de woningcorporaties ook echt voor zijn, en bovendien hoef je niet aan de WOZ-grondslag te tornen. Bij mijn reactie op de motie die daarover gaat, zal ik daar nog uitgebreider op ingaan.";2016-2017;14-12-2016;tk;handelingen;12 Evaluatie van de verhuurderheffing;https://zoek.officielebekendmakingen.nl/h-tk-20162017-35-12.html;https://zoek.officielebekendmakingen.nl/h-tk-20162017-35-12.xml;nr. 35, item 12;blok;"Chair. During the evaluation of the landlord levy, the House asked me to quickly come up with an amendment proposal based on the findings about the landlord levy. That amendment proposal is now before us. The outcome of the evaluation is that the levy itself is easily affordable and also leaves ample investment capacity. At the same time, there was a wish, within myself and also clearly expressed in a number of parliamentary motions, to make changes on a number of points.
Mr De Vries has submitted motions to enable an investment impulse aimed at cheap rental properties and to expand the scheme for South Rotterdam. There was also a wish, which was widely supported, to add the new shrinking regions to the reduction of the landlord levy. There was also a widespread desire to partially exempt small landlords and thus also courtyards from the landlord levy or, if that is not entirely successful, to grant them a lower levy on balance. Although I heard some criticism from Mr Van Vliet, I have indeed included in this proposal a scheme for taking over private property in shrinking regions. I will respond to his amendment later. However, I dispute that I did nothing at all with his two motions.
After this introduction, I will discuss three themes that have been raised by almost everyone, namely the elaboration of the WOZ as a basis for the levy, the questions that have been asked regarding the regional elaboration and a number of other questions. Finally, I will address the amendments that have already been tabled. I understand there are more to come. I will respond to this in writing.
First of all, the questions relating to the WOZ as a basis. Mr Ronnes stated that the increase in the WOZ value, at least in part of the country, means that the levy yields much more than initially estimated. That is not the case. The revenues from the levy are actually in line with the forecast we made, because we also assumed an increasing WOZ value. So there is no extra revenue. If this does occur, it will be, as the technicians call it, an endogenous development and therefore no revenue that can then be used for spending.
Mr Ronnes, Mr Bashir, Mr Van Vliet and I believe also Mr De Vries asked about the effect of the high WOZ value in a number of scarcity areas, which would put a heavier burden on the levy there. The evaluation and also the COELO report that was commissioned by the VNG and Aedes - which had a bit of a lobbying purpose, but that is allowed - shows that it is not the case that corporations that are active in an area with a high WOZ value therefore have difficulty with affordability. This could well be the case because during this period of government we have also changed the housing valuation system in such a way that it includes a WOZ component, so that rents can move with that WOZ value.
From the perspective of affordability, there is therefore no reason to differentiate. That doesn't mean I don't see the need in some parts of the country being greater than others. Mr Koolmees specifically addressed this. That is also the reason that this bill contains an additional reduction on the levy. In any case, it is aimed at affordable rental properties, because too much has been invested in expensive rental properties in recent years. This discount is extra large in areas where the housing market is tight. That is also the elegant way. This encourages investments in the homes that the housing associations really support, and you do not have to alter the WOZ basis. I will discuss this in more detail in my response to the motion that concerns this.";0
h-tk-20162017-94-9;De heer Van Raan;PvdD;Dank aan mevrouw Westerveld dat zij dit ter sprake brengt. Ik moest namelijk even aan mezelf denken. Dat doe ik graag en vaak. Toen ik mijn docentenopleiding startte, had ik voor het vak economie aardig wat deficiënties, maar dat kon opgelost worden tijdens de studie. Mijn vraag aan de minister is dan ook: als dat bij de lerarenopleiding voor het voortgezet onderwijs kan, waarom dan niet bij de pabo?;2016-2017;29-6-2017;tk;handelingen;9 Lerarentekort in het basisonderwijs;https://zoek.officielebekendmakingen.nl/h-tk-20162017-94-9.html;https://zoek.officielebekendmakingen.nl/h-tk-20162017-94-9.xml;nr. 94, item 9;van van raan;Thanks to Mrs Westerveld for bringing this up. I had to think about myself for a moment. I like to do that and often. When I started my teacher training, I had quite a few deficiencies in the economics subject, but that could be resolved during the study. My question to the minister is therefore: if this is possible in teacher training for secondary education, why not in teacher training colleges?;0
h-tk-20162017-7-23;De heer Servaes;PvdA;Ook steun daarvoor, maar inderdaad volgens de tijdplanning zoals Verhoeven die zojuist aangaf. Omtzigt en anderen hebben natuurlijk gelijk dat het ook bij een debat over de Europese Raad betrokken kan worden. Volgens mij is er zelfs al voor morgen een algemeen overleg Raad Algemene Zaken gepland, waar dit ook op de geannoteerde agenda staat. Geen enkel bezwaar als dit daarbij aan de orde komt.;2016-2017;4-10-2016;tk;handelingen;23 Regeling van werkzaamheden;https://zoek.officielebekendmakingen.nl/h-tk-20162017-7-23.html;https://zoek.officielebekendmakingen.nl/h-tk-20162017-7-23.xml;nr. 7, item 23;servaes;Also support for that, but indeed according to the timetable as Verhoeven just indicated. Omtzigt and others are of course right that it can also be involved in a debate about the European Council. I think there is even a general General Affairs Council meeting planned for tomorrow, where this is also on the annotated agenda. No objection whatsoever if this comes up.;0
h-tk-20162017-11-6;De heer Segers;CU;"Mevrouw de voorzitter. Ik dank beide bewindslieden voor hun antwoorden. Eén vraag is nog open blijven staan, namelijk die over de bescherming van havens en andere strategische plekken. De minister had, met een paar slagen om de arm, aangekondigd om daar nog wat meer over te zeggen, maar hij is er niet aan toegekomen. Ik doe hem dus de warme uitnodiging om daar alsnog iets over te zeggen.
Dit was een wat lastig debat. Wij hadden het namelijk over een casus, en om begrijpelijke redenen gaf de minister aan dat wij daarover niet helemaal vrijuit kunnen spreken. Tegelijkertijd vertelt het ene, kleine verhaal van zo'n casus een veel groter verhaal over dreiging en over de noodzaak van bescherming. Het is dus wel degelijk zinnig om hierover iedere keer te blijven spreken. Het was echter even lastig manoeuvreren: hoe verhoudt zich het strafrechtelijk onderzoek tot parlementaire verantwoording?
Op dat punt dien ik een motie in.
De Kamer,
gehoord de beraadslaging,
overwegende dat het belang van strafrechtelijk onderzoek op gespannen voet kan staan met het informeren van de Tweede Kamer;
spreekt uit dat het wenselijk is dat zo veel als mogelijk informatie met de Tweede Kamer wordt gedeeld en tegelijkertijd het belang van strafrechtelijk onderzoek niet wordt geschaad;
verzoekt de regering, voor de behandeling van de begroting van Veiligheid en Justitie voor 2017 haar criteria op schrift te stellen met betrekking tot het delen van informatie die ook relevant kan zijn voor een strafrechtelijk onderzoek en die aan de Kamer te doen toekomen, zodat nadere gedachtewisseling daarover mogelijk wordt,
en gaat over tot de orde van de dag.
Deze motie is voorgesteld door de leden Segers en Van der Staaij. Naar mij blijkt, wordt de indiening ervan voldoende ondersteund.
Zij krijgt nr.";2016-2017;12-10-2016;tk;handelingen;6 Schiphol mogelijk doelwit;https://zoek.officielebekendmakingen.nl/h-tk-20162017-11-6.html;https://zoek.officielebekendmakingen.nl/h-tk-20162017-11-6.xml;nr. 11, item 6;segers;"Madam President. I thank both ministers for their answers. One question still remains open, namely that of the protection of ports and other strategic places. The minister had announced, with a few words of encouragement, that he would say more about this, but he never got around to it. So I warmly invite him to say something about that.
This was a somewhat difficult debate. We were talking about a case, and for understandable reasons the minister indicated that we cannot speak completely freely about it. At the same time, the one small story of such a case tells a much larger story about threats and the need for protection. So it does make sense to keep talking about this every time. However, it was difficult to maneuver: how does the criminal investigation relate to parliamentary accountability?
At that point I am submitting a motion.
The Chamber,
after hearing the deliberation,
whereas the importance of criminal investigations may be at odds with informing the House of Representatives;
expresses that it is desirable that as much information as possible is shared with the House of Representatives and at the same time the interests of criminal investigations are not harmed;
calls on the government, before considering the Security and Justice budget for 2017, to put its criteria in writing with regard to sharing information that may also be relevant to a criminal investigation and to forward them to the House, so that further exchange of views on this becomes possible,
and goes about the order of the day.
This motion was proposed by members Segers and Van der Staaij. It appears to me that its submission is sufficiently supported.
She gets no.";0
h-tk-20162017-44-8;Mevrouw Fokke;PvdA;"Dat blijft heel ingewikkeld. In de brief van 13 september 2016 staat: ""Met deze brief geeft het IPO-bestuur u tevens mee dat het bestuur in lijn met het advies van de Raad voor de financiële verhoudingen, de commissie-Balkenende en het kabinet kan instemmen met de verkorting van de termijn voor de actualisatie van het verdeelmodel. Evenals bij de voorgaande actualisaties zal het IPO in dezen het initiatief daarvoor nemen en u als fondsbeheerder een plan van aanpak presenteren."" Verder staat er niets in. Ik wil de brief wel langer maken dan hij is, maar de brief is niet langer en er staat geen mits in op het punt van de compensatie. Dan wordt het wel heel erg ingewikkeld. Het IPO maakt een afspraak en Zeeland had dus een voorbehoud moeten maken. Zeeland had moeten zeggen dat die afspraak niet staat, dat hij geen afspraak kan maken. Nu is er de vervelende situatie dat Zeeland zegt dat er een mits is, maar dat ik die in de brief niet lees.";2016-2017;25-1-2017;tk;handelingen;8 Vereenvoudiging verdeelmodel Provinciefonds;https://zoek.officielebekendmakingen.nl/h-tk-20162017-44-8.html;https://zoek.officielebekendmakingen.nl/h-tk-20162017-44-8.xml;nr. 44, item 8;fokke;"That remains very complicated. The letter dated September 13, 2016 states: ""With this letter, the IPO board also informs you that, in line with the advice of the Council for Financial Relations, the Balkenende Committee and the cabinet, the board can agree to the shortening of the period for updating the distribution model. As with the previous updates, the IPO will take the initiative in this regard and present you as a fund manager with an action plan."" There is nothing else in it. I would like to make the letter longer than it is, but the letter is not longer and there is no condition in it regarding compensation. Then it becomes very complicated. The IPO makes an appointment and Zeeland should therefore have made a reservation. Zeeland should have said that there is no such appointment, that he cannot make an appointment. Now there is the annoying situation that Zeeland says that there is a condition, but I do not read it in the letter.";0
h-tk-20162017-12-16;De heer Bosman;VVD;"Nee, ik wil nergens van af. Dat heb ik al honderdduizend keer gezegd. Samen met collega Van Raak heb ik heel duidelijk gezegd dat een gemenebest absoluut een prima zaak is. We leunen ook niet achterover, alsof er niets hoeft te gebeuren. We moeten echter wel een duidelijke keuze maken. Dit is het probleem van een poldermodel in een Caribisch gebied. Dat werkt niet en dat moeten we nu eens accepteren. Het poldermodel werkt niet in het Caribisch gebied; we moeten dus kiezen. Die stap moet je durven zetten: je moet duidelijk kiezen. Ik denk dat het recht doet aan artikel 73 van het VN Handvest als we stappen vooruit zetten. Ik wil geen stappen terug zetten; ik hoef niet te koloniseren. Nee, ik wil vooruit. Ik wil minder zeggenschap vanuit dit huis, waar we over dit punt toch al geen zeggenschap hebben en ik wil meer eigen verantwoordelijkheid van Aruba, Curaçao en Sint-Maarten, omdat die verantwoordelijkheid daar moet liggen. Daarom zeg ik: we zijn halverwege; het is een hybride systeem; zorg ervoor dat we in gezamenlijkheid verder komen in de onafhankelijkheid. Een gemenebest is een optie. Daarbij bieden we nog steeds ondersteuning en zijn de posten, zoals Defensie, nog steeds beschikbaar. Zoals het nu is, gaan we dit niet oplossen.";2016-2017;13-10-2016;tk;handelingen;16 Begroting Koninkrijksrelaties;https://zoek.officielebekendmakingen.nl/h-tk-20162017-12-16.html;https://zoek.officielebekendmakingen.nl/h-tk-20162017-12-16.xml;nr. 12, item 16;bosman;"No, I don't want to get rid of anything. I've said that a hundred thousand times. Together with my colleague Van Raak, I have said very clearly that a commonwealth is absolutely a good thing. We also don't sit back as if nothing needs to be done. However, we must make a clear choice. This is the problem of a polder model in a Caribbean region. That doesn't work and we have to accept that now. The polder model does not work in the Caribbean; so we have to choose. You have to dare to take that step: you have to make a clear choice. I think it does justice to Article 73 of the UN Charter if we take steps forward. I don't want to take any steps back; I don't need to colonize. No, I want to move forward. I want less say from this house, where we already have no say on this point, and I want more responsibility from Aruba, Curaçao and Sint Maarten, because that responsibility should lie there. That's why I say: we're halfway there; it is a hybrid system; make sure that we move forward together towards independence. A commonwealth is an option. We still provide support and the posts, such as Defense, are still available. As it is now, we are not going to solve this.";0
h-tk-20162017-90-14;Mevrouw Agema;PVV;Ja, heel kort. Zegt de staatssecretaris nu toe dat we in die monitors de wachtlijsten uit de 42 regio's opgeteld krijgen?;2016-2017;21-6-2017;tk;handelingen;14 Zorg aan suïcidale tieners;https://zoek.officielebekendmakingen.nl/h-tk-20162017-90-14.html;https://zoek.officielebekendmakingen.nl/h-tk-20162017-90-14.xml;nr. 90, item 14;agema;Yes, very short. Is the State Secretary now promising that we will have the waiting lists from the 42 regions added up in those monitors?;0
h-tk-20162017-76-11;De heer Remco Dijkstra;VVD;"Voorzitter. Deze debataanvraag loopt eigenlijk sinds 2012. Sindsdien zijn er veel berichten naar buiten gekomen over het gebruik van chemische stoffen in de fabriek Chemours, het voormalige DuPont. Meerdere kwesties zijn hier aan de orde. Op Sliedrecht24 kunt u behoorlijk wat nalezen in de regionale media.
Aan de orde is PFOA, perfluoroctaanzuur, dat ik voortaan C8 zal noemen en dat wordt gebruikt bij de productie van teflon. Hieraan zijn omwonenden jarenlang blootgesteld. Aan de orde zijn ook de jarenlange blootstelling van werknemers aan de stof DMAc in de lycrafabriek, de vergunningverlening door de provincie, dreigende rechtszaken door het drinkwaterbedrijf, een miljoenenclaim van omwonenden bij het bedrijf en de alternatieve stof GenX, de vervanger van PFOA of C8 en de lozing hiervan in het oppervlaktewater. Al deze berichtgeving heeft geleid tot zorgen voor omwonenden, medewerkers en oud-medewerkers. Ik begrijp dat volledig.
Stel, je woont met je gezin al jarenlang onder de rook van een fabriek net aan de overkant van de Merwede in Sliedrecht. Een goede vriendin van je heeft jarenlang in die fabriek gewerkt. Ze is net met pensioen en heeft gezondheidsklachten. Zelf heb je misschien nog nergens last van, maar een tijd geleden heb je wel bloed afgestaan, want je deed mee aan een steekproef van het RIVM. Dan krijg je het rapport van het RIVM, waarin staat, en dat lees je: er blijft wetenschappelijk discussie over wat een veilig niveau van blootstelling is; het is niet eenvoudig vast te stellen of dit in het verleden of nu heeft geleid tot nadelige gezondheidseffecten; omwonenden kunnen nadelige effecten hebben ondervonden. Wat moet je daar dan mee? Het schept niet de duidelijkheid waar jij en je vriendin behoefte aan hebben. Ook schept het niet de duidelijkheid waar je op gehoopt had. Het is een moeilijke kwestie. Ik begrijp dus ook volledig dat omwonenden zich afvragen welke risico's zij lopen. Mensen hebben recht op antwoorden. Voor de VVD is het cruciaal dat alle mensen in Sliedrecht, Papendrecht en Dordrecht duidelijkheid krijgen.
Het RIVM heeft onderzoek gedaan, maar het recente rapport en de conclusies uit het onderzoek van het RIVM geven die duidelijkheid dus niet. Daarvoor is weer aanvullend onderzoek nodig. Dat is frustrerend, maar het is wel waar. Ik hoor graag van de staatssecretaris wat de planning is. Wanneer krijgen die mensen wel duidelijkheid? En hoe staat het met het onderzoek van de Inspectie SZW als het gaat om voormalige en huidige medewerkers?
Dan de stof C8. Maar liefst 32 jaar is de norm overschreden. Hoe heeft de situatie zo lang kunnen voortbestaan? Natuurlijk ligt de bal primair bij het bedrijf zelf, maar wie had er aan de bel moeten trekken? Wie had er moeten handhaven? Om welke reden is dat niet gebeurd?
Sinds een aantal jaar is de toezichthouder professioneler geworden. We hebben inspectiediensten gevormd. Is dat daadwerkelijk de oplossing om dit soort zaken te voorkomen? C8 is inmiddels verboden, maar er rijzen vragen over de vervangende stof GenX. Daar heb je weer nieuw onderzoek voor nodig. Dat onderzoek duurt nog een jaar. In het licht daarvan vind ik het goed dat de provincie Zuid-Holland heeft besloten, de vergunning aan te passen, gewoon uit voorzorg, om te maken dat er minder GenX geloosd wordt.
Het bedrijf en de nieuwe directeur proberen betrokkenheid te tonen, maar het vertrouwen is weg. Het bedrijf heeft een levensgroot communicatieprobleem, maar nog veel erger is dat de buurt een levensgroot probleem heeft met giftige stoffen in hun omgeving. Dit is een ongewenste situatie. De ongerustheid kunnen we niet alleen maar wegnemen met informatievoorziening. Het wordt dus een lange tijd en misschien een lange strijd. De VVD wil van de staatssecretaris weten wat we nog meer kunnen doen om de onrust te verminderen. De VVD wil duidelijkheid en transparantie van informatie.
Dit soort toestanden willen we natuurlijk voorkomen. Hoe gaan we daarvoor zorgen? Hoe is het nu geregeld? Kan zo'n bizar lange overschrijding van 32 jaar als deze worden voorkomen? Het is van het grootste belang, lessen te trekken. Welke zijn dat?";2016-2017;17-5-2017;tk;handelingen;11 Blootstelling aan een giftige stof rondom chemiebedrijf in Dordrecht;https://zoek.officielebekendmakingen.nl/h-tk-20162017-76-11.html;https://zoek.officielebekendmakingen.nl/h-tk-20162017-76-11.xml;nr. 76, item 11;remco dijkstra;"Chair. This debate request has actually been running since 2012. Since then, many reports have emerged about the use of chemicals in the Chemours factory, the former DuPont. Several issues are at stake here. On Sliedrecht24 you can read quite a bit in the regional media.
At issue is PFOA, perfluorooctanoic acid, which I will henceforth call C8 and which is used in the production of Teflon. Local residents have been exposed to this for years. Also at issue are the years of exposure of employees to the substance DMAc in the Lycra factory, the licensing by the province, threatened lawsuits by the drinking water company, a multi-million claim from residents living near the company and the alternative substance GenX, the replacement for PFOA or C8, and its discharge into surface water. All this reporting has led to concerns for local residents, employees and former employees. I understand that completely.
Suppose you have been living with your family for years under the smoke of a factory just across the Merwede in Sliedrecht. A good friend of yours worked in that factory for years. She has just retired and has health problems. You may not have had any problems yet, but some time ago you donated blood because you took part in a random sample from the RIVM. Then you get the report from the RIVM, which states, and you read it: there continues to be scientific discussion about what a safe level of exposure is; it is not easy to determine whether this has led to adverse health effects in the past or now; local residents may have experienced adverse effects. What should you do with that? It does not create the clarity that you and your girlfriend need. It also does not create the clarity you had hoped for. It's a difficult issue. So I fully understand that local residents wonder what risks they run. People have a right to answers. It is crucial for the VVD that all people in Sliedrecht, Papendrecht and Dordrecht receive clarity.
The RIVM has conducted research, but the recent report and the conclusions from the RIVM research do not provide that clarity. This requires additional research. That's frustrating, but it's true. I would like to hear from the State Secretary what the plan is. When will these people get clarity? And what is the status of the SZW Inspectorate's investigation when it comes to former and current employees?
Then the fabric C8. The standard has been exceeded by no less than 32 years. How has the situation been allowed to continue for so long? Of course, the ball is primarily in the company's court, but who should have sounded the alarm? Who should have enforced it? Why didn't that happen?
In recent years, the supervisory authority has become more professional. We have formed inspection services. Is that actually the solution to prevent these kinds of things? C8 has now been banned, but questions arise about the replacement substance GenX. You need new research for that. That investigation will take another year. In light of this, I think it is good that the province of South Holland has decided to adjust the permit, simply as a precaution, to ensure that less GenX is discharged.
The company and the new director try to show commitment, but trust is gone. The company has a major communication problem, but even worse is that the neighborhood has a major problem with toxic substances in their environment. This is an undesirable situation. We cannot allay this concern simply by providing information. So it's going to be a long time and maybe a long battle. The VVD wants to know from the State Secretary what else we can do to reduce the unrest. The VVD wants clarity and transparency of information.
We naturally want to prevent these types of situations. How are we going to ensure that? How is it arranged now? Can such a bizarrely long exceedance of 32 years like this be prevented? It is of the utmost importance to learn lessons. Which ones are they?";0
h-tk-20162017-38-10;De heer Van Bommel;SP;"Voorzitter. Het Assadregime heeft met bondgenoten Aleppo heroverd. De beelden die daarvan getoond zijn, hebben ons met grote afschuw vervuld. Veel burgers zijn om het leven gekomen, oorlogsmisdaden zijn begaan en de internationale gemeenschap stond erbij en keer ernaar.
Wat de SP betreft moet alle aandacht internationaal gericht zijn op het bereiken van een staakt-het-vuren. Alleen wanneer dat wordt bereikt, kunnen er stappen worden gezet naar andere, verdergaande plannen. De stand van zaken nu is een half miljoen doden, miljoenen vluchtelingen en nog steeds geen serieus perspectief op vrede in Syrië.
Het recente overleg tussen Rusland, Iran en Turkije lijkt hoopgevend. Het zou de herstart kunnen zijn van een vredesproces in de regio. Ik heb enkele vragen die daaraan zijn gekoppeld. Klopt het dat Turkije niet langer het vertrek van Assad eist? Zo ja, is dat dan onderdeel van de toenadering van Turkije tot Rusland? Past in dat beeld ook het bericht van de Britse Daily Mail dat Turkije officieren bij de NAVO zou vervangen door meer pro-Russische officieren? Dergelijke ontwikkelingen zouden buitengewoon zorgelijk zijn.
Vorige week heeft het Assadregime een deal gesloten waardoor er nu mensen worden geëvacueerd. In de brief van de minister lees ik dat er al 25.000 mensen geëvacueerd zouden zijn, maar ik hoor ook veel hogere getallen. Kan de minister hierover duidelijkheid scheppen? De VN-Veiligheidsraad heeft eergisteren besloten om waarnemers naar Aleppo te sturen die moeten toezien op de evacuatie. De vraag is of dit besluit wel op tijd is genomen. Rusland en Turkije hebben namelijk aangegeven dat de evacuaties al binnen twee dagen afgerond kunnen worden. Welk beeld heeft de minister hiervan?
Vorige week maakte de minister in het discussieprogramman van Jeroen Pauw de vergelijking met de val van Srebrenica. Daarbij kwamen zo'n 8.000 moslimmannen en -jongens om het leven. In Aleppo zou nu een vergelijkbare genocide dreigen. Ik vraag de minister dat toe te lichten. Feit is dat het gebruik van de term ""genocide"" zeer belast is, ook met internationale verplichtingen die voortvloeien uit het Genocideverdrag van de VN. Welke implicaties heeft het gebruik van deze term in dit geval?
Sommigen kunnen niet genoeg benadrukken dat de strijd in Aleppo zich richt tegen terroristen.";2016-2017;21-12-2016;tk;handelingen;10 Debat over Syrië;https://zoek.officielebekendmakingen.nl/h-tk-20162017-38-10.html;https://zoek.officielebekendmakingen.nl/h-tk-20162017-38-10.xml;nr. 38, item 10;van van bommel;"Chair. The Assad regime and its allies have retaken Aleppo. The images that have been shown have filled us with great horror. Many civilians were killed, war crimes were committed and the international community stood by and condemned it.
As far as the SP is concerned, all international attention should be focused on achieving a ceasefire. Only when this is achieved can steps be taken towards other, more far-reaching plans. The current state of affairs is half a million dead, millions of refugees and still no serious prospect of peace in Syria.
The recent talks between Russia, Iran and Turkey seem hopeful. It could be the restart of a peace process in the region. I have some questions related to that. Is it true that Turkey no longer demands Assad's departure? If so, is that part of Turkey's rapprochement with Russia? Does the British Daily Mail's report that Turkey would replace NATO officers with more pro-Russian officers fit into that picture? Such developments would be extremely worrying.
Last week, the Assad regime struck a deal that means people are now being evacuated. In the minister's letter I read that 25,000 people have already been evacuated, but I also hear much higher numbers. Can the minister provide clarity on this? The UN Security Council decided the day before yesterday to send observers to Aleppo to monitor the evacuation. The question is whether this decision was taken in time. Russia and Turkey have indicated that the evacuations can be completed within two days. What image does the minister have of this?
Last week, in Jeroen Pauw's discussion programme, the minister made a comparison with the fall of Srebrenica. About 8,000 Muslim men and boys were killed. A similar genocide would now threaten Aleppo. I ask the minister to explain that. The fact is that the use of the term ""genocide"" is very burdensome, also with international obligations arising from the UN Genocide Convention. What implications does the use of this term have in this case?
Some cannot emphasize enough that the fight in Aleppo is against terrorists.";0
h-tk-20162017-53-6;Mevrouw Ouwehand;PvdD;Een deel van mijn vragen was bij andere woordvoerders beantwoord. Ik sla erop aan dat de minister steeds blijft zeggen dat het veilig is en dat alle schades worden afgehandeld. De ervaring van de betrokkenen is anders. Ik ben geneigd te kiezen voor de lezing van de Groningers en de minister niet zomaar op zijn woord te geloven dat de schade goed wordt afgehandeld. Dat is echt anders. Niet alles wordt vergoed. Daarom snap ik niet waarom hij het voorstel voor een generaal pardon afwijst. Natuurlijk zijn er problemen in de uitvoering. De redenering van de minister was: mensen die hebben ingestemd met een plan voordat het generaal pardon van kracht was, doen we dan onrecht. Nee, wij doen de Groningers nú onrecht. Waarom wijst hij dat zo makkelijk af? Waarom is hij niet creatiever in het zoeken naar een manier om de bestaande gevallen actief te ontzorgen?;2016-2017;15-2-2017;tk;handelingen;6 Mijnbouw;https://zoek.officielebekendmakingen.nl/h-tk-20162017-53-6.html;https://zoek.officielebekendmakingen.nl/h-tk-20162017-53-6.xml;nr. 53, item 6;ouwehand;Some of my questions were answered by other spokespersons. I point out that the minister keeps saying that it is safe and that all damage is being dealt with. The experience of those involved is different. I am inclined to opt for the Groningen people's interpretation and not to simply take the minister at his word that the damage is being handled properly. That's really different. Not everything is reimbursed. That's why I don't understand why he rejects the proposal for a general pardon. Of course there are problems in implementation. The minister's reasoning was: we are doing an injustice to people who agreed to a plan before the general pardon came into effect. No, we are now doing the people of Groningen an injustice. Why does he dismiss that so easily? Why isn't he more creative in looking for a way to actively relieve existing cases?;0
h-tk-20162017-68-4;De heer Van Oosten;VVD;Ik ben mijn bijdrage zojuist niet voor niets gestart met het refereren aan illegaal vuurwapenbezit. Ik ben het met mevrouw Helder eens dat daar natuurlijk het grote probleem zit. Dan heb je het niet over die gepassioneerde schietsporter. Waar we het nu over hebben, is de beperking van de groep gepassioneerde schietsporters aan wie wellicht toch niet zo'n wapen kan worden toevertrouwd. Daar ben ik dan misschien wat strenger in dan mevrouw Helder. Maar als het gaat om de aanpak van de illegale wapenhandelaar, de bron, als het gaat om de aanpak van de illegale wapenbezitter, kunnen wij elkaar vinden en vind ik gewoon dat dit kabinet moet optreden waar de ruimte en mogelijkheid bestaan.;2016-2017;13-4-2017;tk;handelingen;4 Versterking stelsel legaal wapenbezit;https://zoek.officielebekendmakingen.nl/h-tk-20162017-68-4.html;https://zoek.officielebekendmakingen.nl/h-tk-20162017-68-4.xml;nr. 68, item 4;van van oosten;It is not without reason that I just started my contribution by referring to illegal firearms possession. I agree with Mrs Helder that that is of course the big problem. Then you are not talking about that passionate shooting athlete. What we are talking about now is the limitation of the group of passionate shooting athletes who may not be entrusted with such a weapon after all. I may be a bit stricter about that than Mrs Helder. But when it comes to tackling the illegal arms dealer, the source, when it comes to tackling the illegal arms owner, we can find each other and I simply believe that this cabinet should act where there is space and opportunity.;0
h-tk-20162017-102-3;Mevrouw Pia Dijkstra;D66;Om te beginnen met dat laatste punt: dat vind ik helemaal niet raar. Dan even over de voorbeelden van mevrouw Agema, zoals iemand die met een gebroken heup wordt teruggestuurd, naar huis of naar de huisarts. Ik vind dat we daar geen karikatuur van moeten maken. We moeten ons zorgen maken over de juiste dingen. We moeten ons zorgen maken over kwetsbare ouderen die in ziekenhuizen terechtkomen of op de spoedeisende hulp, terwijl ze heel goed bij de huisartsenpost of door de huisarts kunnen worden verzorgd en behandeld. Zoals wij allemaal weten, is een dementerende bejaarde op de eerste hulp van een ziekenhuis een drama. Die raakt totaal van slag. Die is totaal ontregeld. Die heeft daar nog heel erg lang last van. Daar moeten wij heel goed naar kijken. De karikatuur van de doodzieke baby die urenlang niet wordt behandeld op de spoedeisende hulp: sorry, laten wij onszelf ook serieus nemen. Laten wij kijken naar wat er echt aan de hand is. Laten wij dat oplossen.;2016-2017;13-9-2017;tk;handelingen;3 Spoedzorg in gevaar door overvolle eerstehulpposten;https://zoek.officielebekendmakingen.nl/h-tk-20162017-102-3.html;https://zoek.officielebekendmakingen.nl/h-tk-20162017-102-3.xml;nr. 102, item 3;pia dijkstra;To start with that last point: I don't find that strange at all. Now let's talk about Mrs. Agema's examples, such as someone who is sent back home or to the doctor with a broken hip. I don't think we should make a caricature of that. We need to worry about the right things. We should be concerned about vulnerable elderly people who end up in hospitals or emergency departments, while they could very well be cared for and treated at the GP post or by a general practitioner. As we all know, an elderly person with dementia in a hospital emergency room is a tragedy. He gets completely upset. It is completely disordered. She will suffer from this for a very long time. We have to look at that very carefully. The caricature of the critically ill baby who is not treated for hours in the emergency room: sorry, let us also take ourselves seriously. Let's look at what's really going on. Let's solve that.;0
h-tk-20162017-12-17;De heer Van Vliet;Van Vliet;"De tweede motie gaat over de Autoriteit woningcorporaties.
De Kamer,
gehoord de beraadslaging,
overwegende dat het stelsel van de sociale volkshuisvesting gebaat is bij een onafhankelijke integrale toezichthouder, zoals ook is aanbevolen door de parlementaire enquêtecommissie Woningcorporaties en daarna is bevestigd door parlement en regering bij de behandeling van de nieuwe Woningwet;
overwegende dat daarna de Autoriteit woningcorporaties is opgetuigd binnen de Inspectie Leefomgeving en Transport;
overwegende dat bij vragen over de onafhankelijkheid van de Autoriteit woningcorporaties de minister bij meerdere gelegenheden letterlijk heeft toegezegd dat de directeur van de Autoriteit woningcorporaties rechtstreeks toegang heeft tot de minister en daarbij niet langs de directeur ILT hoeft te gaan;
constaterende dat brieven van de Autoriteit woningcorporaties ondertekend worden door de inspecteur-generaal van de ILT en dat dit in tegenspraak is met de eerdere letterlijke toezegging van de minister en afbreuk doet aan de onafhankelijke en krachtige uitstraling van de Autoriteit woningcorporaties als toezichthouder;
verzoekt de regering, ervoor te zorgen dat de Autoriteit woningcorporaties volledig zelfstandig haar gang kan gaan in haar toezichthoudende taak, en die onafhankelijkheid te laten terugkeren in de ondertekening van alle uitgaande stukken van de Autoriteit woningcorporaties,
en gaat over tot de orde van de dag.
Deze motie is voorgesteld door het lid Van Vliet. Naar mij blijkt, wordt de indiening ervan voldoende ondersteund.
Zij krijgt nr.";2016-2017;13-10-2016;tk;handelingen;17 Begroting Wonen en Rijksdienst;https://zoek.officielebekendmakingen.nl/h-tk-20162017-12-17.html;https://zoek.officielebekendmakingen.nl/h-tk-20162017-12-17.xml;nr. 12, item 17;van van vliet;"The second motion concerns the Housing Corporation Authority.
The Chamber,
after hearing the deliberation,
whereas the social housing system benefits from an independent integral supervisor, as was also recommended by the parliamentary inquiry committee on Housing Corporations and subsequently confirmed by parliament and government during the discussion of the new Housing Act;
whereas the Housing Corporation Authority was subsequently set up within the Human Environment and Transport Inspectorate;
whereas on questions about the independence of the Housing Corporation Authority, the minister has literally promised on several occasions that the director of the Housing Corporation Authority has direct access to the minister and does not have to go through the ILT director;
noting that letters from the Housing Corporation Authority are signed by the Inspector General of the ILT and that this contradicts the minister's previous literal commitment and detracts from the independent and powerful image of the Housing Corporation Authority as a supervisor;
calls on the government to ensure that the Housing Corporation Authority can carry out its supervisory task completely independently, and to reflect that independence in the signing of all outgoing documents from the Housing Corporation Authority,
and goes about the order of the day.
This motion was proposed by member Van Vliet. It appears to me that its submission is sufficiently supported.
She gets no.";0
h-tk-20162017-97-3;Staatssecretaris Dekker;VVD;Als er iets wordt gemaakt, worden de rechten niet altijd onbeperkt afgekocht. Als je vanavond iets op de televisie ziet bij de publieke omroep, dan is daar weliswaar voor betaald, maar niet in die zin dat je het oneindig kunt herhalen of dat je het oneindig vrij toegankelijk op internet kunt zetten. Dat zou je wel kunnen doen, maar dan zegt de rechthebbende organisatie: dan willen wij daar ook extra voor betaald krijgen. De vraag is hoe je dat doet. De NPO zegt: wij willen die extra service bieden aan onze kijkers, maar dan moeten ze daar wel een klein beetje voor betalen. Ik ben in die redeneerlijn meegegaan. Als je nu zegt dat de NPO dat standaard moet afkopen voor zijn programma's omdat alles wat op de publieke omroep te zien is geweest, voor altijd, tot in lengte van dagen, voor iedereen beschikbaar moet zijn, dan gaat dat om heel veel extra middelen. Dat betekent dat er minder geld overblijft om goede programma's te maken.;2016-2017;6-7-2017;tk;handelingen;3 Media;https://zoek.officielebekendmakingen.nl/h-tk-20162017-97-3.html;https://zoek.officielebekendmakingen.nl/h-tk-20162017-97-3.xml;nr. 97, item 3;dekker;When something is created, the rights are not always purchased indefinitely. If you see something on the television tonight on the public broadcaster, it may have been paid for, but not in the sense that you can repeat it indefinitely or that you can put it freely accessible on the internet indefinitely. You could do that, but then the rights-holder organization says: we also want to get paid extra for that. The question is how you do that. The NPO says: we want to offer that extra service to our viewers, but then they have to pay a little bit for it. I went along with that line of reasoning. If you now say that the NPO must buy off this standard for its programs because everything that has been shown on the public broadcaster must be available to everyone forever, forever, then that involves a lot of extra resources. This means that there is less money left over to create good programs.;0
h-tk-20162017-16-23;Mevrouw Bergkamp;D66;Ik heb toch een vraag waar ik graag antwoord op wil om te kunnen beslissen of we voor of tegen de motie zullen stemmen. Neemt mevrouw Volp de interpretatie van de staatssecretaris over?;2016-2017;1-11-2016;tk;handelingen;23 Verslavingszorg;https://zoek.officielebekendmakingen.nl/h-tk-20162017-16-23.html;https://zoek.officielebekendmakingen.nl/h-tk-20162017-16-23.xml;nr. 16, item 23;bergkamp;I do have a question that I would like an answer to in order to decide whether we will vote for or against the motion. Does Ms Volp accept the State Secretary's interpretation?;0
h-tk-20162017-14-8;Minister Van der Steur;VVD;"Ik heb dat net geverifieerd: er is geen redengeving voor geweest. Maar wij weten ook nog niet of er nu wel radarbeelden zijn. Ook die vraag kan dus niet in die zin worden beantwoord, omdat wij niet weten wat de inhoud van die informatie is.
Dan kom ik op de vraag van de heer Omtzigt over archivering. Voor uitvoering van de motie-Omtzigt (33997, nr. 73) is een projectleider aangesteld bij de Nationaal Coördinator Terrorismebestrijding en Veiligheid, waarbij de rijksarchivaris ondersteunt met kennis en kunde. De Erfgoedinspectie is, zoals de heer Omtzigt vroeg, nauw bij dit project betrokken. Het project richt zich op het identificeren en indexeren van de informatie, het waarborgen van duurzame toegankelijkheid en het maken van vervolgafspraken over de overbrenging van die informatie. Er is voorzien dat het project zelf in oktober 2017 is afgerond. Ik zal de Kamer op verzoek van de heer Omtzigt voor het kerstreces informeren over de stand van zaken en heel specifiek over de manier waarop de Erfgoedinspectie hierbij betrokken is.";2016-2017;26-10-2016;tk;handelingen;8 Stand van zaken MH17;https://zoek.officielebekendmakingen.nl/h-tk-20162017-14-8.html;https://zoek.officielebekendmakingen.nl/h-tk-20162017-14-8.xml;nr. 14, item 8;van der van der steur;"I just verified that: no reason was given for it. But we don't know yet whether there are radar images yet. That question cannot be answered in that sense either, because we do not know what the content of that information is.
Then I come to Mr Omtzigt's question about archiving. To implement the Omtzigt motion (33997, no. 73), a project leader has been appointed by the National Coordinator for Counterterrorism and Security, with the State Archivist providing support with knowledge and expertise. The Heritage Inspectorate is, as Mr Omtzigt asked, closely involved in this project. The project focuses on identifying and indexing the information, ensuring sustainable accessibility and making follow-up agreements about the transfer of that information. The project itself is expected to be completed in October 2017. At the request of Mr Omtzigt, I will inform the House before the Christmas recess about the state of affairs and very specifically about the way in which the Heritage Inspectorate is involved.";0
h-tk-20162017-95-26;De heer Fritsma;PVV;Nee, wel steun voor de brief. Een dertigledendebat zit er wel in, als ik goed heb geteld. Dat wil ik graag op de rol laten plaatsen.;2016-2017;4-7-2017;tk;handelingen;26 Regeling van werkzaamheden;https://zoek.officielebekendmakingen.nl/h-tk-20162017-95-26.html;https://zoek.officielebekendmakingen.nl/h-tk-20162017-95-26.xml;nr. 95, item 26;fritsma;No, but support for the letter. There will be a thirty-member debate, if I counted correctly. I would like to have that placed on the docket.;0
h-tk-20162017-31-27;Mevrouw Voortman;GroenLinks;De heer Van 't Wout zei net dat een vast contract voor werkgevers te duur is. Dat is denk ik ook zo, in vergelijking met alle flexvormen van contracten. Die zijn inderdaad veel goedkoper. Vandaar ook dat werkgevers daar veel makkelijker voor kiezen. Zou het dan niet veel logischer zijn dat we kijken naar hoe we wat kunnen doen aan de prijzen van vast en flex, aan de lasten die werkgevers moeten betalen, en dat we ervoor zorgen dat de flexkant juist duurder wordt?;2016-2017;6-12-2016;tk;handelingen;27 Begroting Sociale Zaken en Werkgelegenheid;https://zoek.officielebekendmakingen.nl/h-tk-20162017-31-27.html;https://zoek.officielebekendmakingen.nl/h-tk-20162017-31-27.xml;nr. 31, item 27;voortman;Mr Van 't Wout just said that a permanent contract is too expensive for employers. I think that is also the case, compared to all flexible forms of contracts. They are indeed much cheaper. That is why employers choose this much more easily. Wouldn't it then be much more logical that we look at how we can do something about the prices of permanent and flexible, the costs that employers have to pay, and that we ensure that the flexible side actually becomes more expensive?;0
h-tk-20162017-98-10;De heer Van Raan;PvdD;Grappig genoeg sluiten we in dit verband best goed aan bij elkaar als het gaat om de kaders. Ik ben benieuwd of de spreker de kaders ziet als vrijblijvend, voorlichtend of dwingend. Kan hij kwalificeren wat die kaders zijn?;2016-2017;5-9-2017;tk;handelingen;10 Opwarming in de steden;https://zoek.officielebekendmakingen.nl/h-tk-20162017-98-10.html;https://zoek.officielebekendmakingen.nl/h-tk-20162017-98-10.xml;nr. 98, item 10;van van raan;Funnily enough, we fit together quite well in this context when it comes to the frameworks. I am curious whether the speaker sees the frameworks as non-binding, informative or compelling. Can he qualify what those frameworks are?;0
h-tk-20162017-54-12;Minister Plasterk;PvdA;De aard van een meerjarenonderhoudsplan kan, kort samengevat, ongeveer zijn wat de heer Madlener hier zegt: we gaan een keer in de vijf jaar schilderen, we stoppen nog wat geld in de pot voor kleine reparaties en dit is het budget dat daarvoor per jaar wordt gereserveerd. Moeilijker dan dat hoeft het ook niet te worden.;2016-2017;16-2-2017;tk;handelingen;12 Functioneren verenigingen van eigenaars;https://zoek.officielebekendmakingen.nl/h-tk-20162017-54-12.html;https://zoek.officielebekendmakingen.nl/h-tk-20162017-54-12.xml;nr. 54, item 12;plasterk;The nature of a multi-year maintenance plan can, in short, be something like what Mr Madlener says here: we will paint once every five years, we will put some money in the pot for minor repairs and this is the budget that is reserved for this each year. It doesn't have to be more difficult than that.;0
h-tk-20162017-96-8;Staatssecretaris Wiebes;VVD;Nou, dat is een gezellig einde van het debat.;2016-2017;5-7-2017;tk;handelingen;8 Fiscaal gunstige tegemoetkoming aan chemieconcern ICL;https://zoek.officielebekendmakingen.nl/h-tk-20162017-96-8.html;https://zoek.officielebekendmakingen.nl/h-tk-20162017-96-8.xml;nr. 96, item 8;wiebes;Well, that's a nice end to the debate.;0
h-tk-20162017-49-21;Minister Kamp;VVD;De heer Smaling zei dat een grootschalig zonnepark in de plaats zou kunnen komen voor het windpark in Drenthe. Laat ik in de eerste plaats zeggen dat het windpark in Drenthe de vertaling is in Drenthe van de afspraak die ik met Drenthe heb gemaakt. Met dat hele proces ben ik dus al klaar wat mij betreft, want mijn werk zit erop vanaf september van het vorige jaar. De afspraak die ik met Drenthe heb gemaakt, is net zo belangrijk als de afspraak die ik met Groningen, met Friesland en met alle andere provincies heb gemaakt. Het is niet zo dat we nu kunnen zeggen: die afspraak is wel gemaakt, maar we zien ervan af en gaan bekijken of die niet met wind, maar misschien wel met zon op een andere manier ingevuld kan worden. We hebben in het energieakkoord heel gedetailleerde afspraken gemaakt. Die waren nodig om de ambitieuze doelstelling te kunnen realiseren. Daar is dit ook een onderdeel van. Als ik in Drenthe zeg dat we van de afspraak kunnen afwijken, het hele plan kunnen intrekken en opnieuw beginnen, zoals mevrouw Mulder zegt, welk verhaal heb ik dan vervolgens in Groningen of Friesland? Hoe zit het dan met een behoorlijk functionerende en opererende overheid? Als ik van het bedrijfsleven verwacht dat het initiatief neemt en investeert en als we zes of zeven jaar lang met iets bezig zijn en er op een gegeven moment een besluit komt, maar ik dat besluit weer intrek en met iets nieuws begin, hoe pakt dat dan uit voor het investeringsklimaat en voor de betrouwbaarheid van de overheid? Als wij zo'n proces ingaan, moeten wij de regels die wij daarvoor met elkaar hebben vastgesteld, zorgvuldig doorlopen. Uiteindelijk moeten wij de toets van de Raad van State aangaan en afwachten. Daarna kunnen wij de eindconclusie trekken. Het intrekken van zo'n plan lijkt mij een weinig realistische benadering. Het lijkt mij ook een benadering die ertoe leidt dat we niet in staat zullen zijn om de doelstellingen die we met betrekking tot duurzame energie hebben afgesproken, te realiseren.;2016-2017;7-2-2017;tk;handelingen;21 Toekomstig energiebeleid;https://zoek.officielebekendmakingen.nl/h-tk-20162017-49-21.html;https://zoek.officielebekendmakingen.nl/h-tk-20162017-49-21.xml;nr. 49, item 21;kamp;Mr Smaling said that a large-scale solar park could replace the wind farm in Drenthe. First of all, let me say that the wind farm in Drenthe is the translation in Drenthe of the agreement I made with Drenthe. So I'm already done with that whole process as far as I'm concerned, because my work has been done since September of last year. The agreement I made with Drenthe is just as important as the agreement I made with Groningen, Friesland and all other provinces. It is not the case that we can now say: that agreement has been made, but we will abandon it and see whether it can be fulfilled in a different way, not with wind, but perhaps with sun. We have made very detailed agreements in the energy agreement. These were necessary to achieve the ambitious objective. This is also part of that. If I say in Drenthe that we can deviate from the agreement, withdraw the entire plan and start over, as Mrs Mulder says, what recourse do I have in Groningen or Friesland? What about a properly functioning and operating government? If I expect the business community to take the initiative and invest, and if we have been working on something for six or seven years and at some point a decision is made, but I withdraw that decision and start something new, how will that affect the investment climate and the reliability of the government? If we enter into such a process, we must carefully go through the rules that we have established together. Ultimately, we must accept and wait for the assessment of the Council of State. Then we can draw the final conclusion. Withdrawing such a plan seems to me to be an unrealistic approach. It also seems to me an approach that will mean that we will not be able to achieve the objectives that we have agreed on with regard to sustainable energy.;0
h-tk-20162017-53-6;Mevrouw Van Veldhoven;D66;Mooi. Dit hadden wij nog niet met elkaar afgesproken. Maar nu zegt de VVD dus net als D66: als het niet nodig is en wij de vraag verminderen, gaat ook het winningsplafond omlaag.;2016-2017;15-2-2017;tk;handelingen;6 Mijnbouw;https://zoek.officielebekendmakingen.nl/h-tk-20162017-53-6.html;https://zoek.officielebekendmakingen.nl/h-tk-20162017-53-6.xml;nr. 53, item 6;van van veldhoven;Nice. We had not yet agreed on this. But now the VVD says, just like D66: if it is not necessary and we reduce demand, the extraction ceiling will also be lowered.;0
h-tk-20162017-5-10;Minister Dijsselbloem;PvdA;"Ik ook.
Dan kom ik op de beleidsmatige mutaties na de najaarsnota. Dat is het amendement van de heer Ronnes op stuk nr. 13. Ik zou in het wetgevingsoverleg gezegd hebben dat dit slechts een detail is. Zo heb ik het zeker niet bedoeld, zo zeg ik ook voor de Handelingen. Ik wil dat wordt vastgelegd dat ik het zeker niet zo bedoeld heb. Ik heb gezegd dat wij in deze wet regelen dat collega's dit, wanneer het zich zou voordoen — dat is in principe al niet gewenst, maar het kan zich soms voordoen — altijd moeten melden bij de minister van Financiën, zodat deze erop kan toezien dat het keurig gemeld wordt aan de Kamer door de betrokken ministers. Nu regelt dit amendement ook dat het gemeld moet worden bij de Kamer, maar op een manier die de minister van Financiën hoofdverantwoordelijk maakt. Dat was niet helemaal wat ik hoopte dat in dit amendement opgenomen zou worden. Nu zegt het amendement dat de minister van Financiën uiterlijk drie dagen voor het reces aan de Kamer moet melden welke majeure wijzigingen in de uitgaven, verplichtingen en ontvangsten nog zijn gevolgd na de najaarsnota. Dat vind ik een minder gelukkige oplossing, omdat ik graag wil dat de verantwoordelijke ministers dat zelf — ik ben bereid om daarop toe te zien en we hebben nu geregeld dat ik er ook op toe kan zien — melden aan de Kamer als het zich voordoet, uiterlijk drie dagen voor het reces en zo mogelijk eerder. Dat vind ik een juistere benadering. Mijn voorstel is om te bekijken of het amendement in die richting kan worden bijgesteld. In dat geval zou ik het oordeel aan de Kamer overlaten. Dat ontslaat mij overigens niet van de plicht om er, zoals al eerder gezegd, echt op toe te zien dat het gebeurt. Dat hebben we nu wel zeker gesteld.
Dan het amendement van de leden Vermue en Koolmees op stuk nr. 15. Dat gaat over de vraag wanneer de Rekenkamer bij staatsdeelnemingen naar binnen mag. De Raad van State is consequent in zijn advies dat dat pas zou mogen bij een aandeelhouderschap van boven de 95% van de aandelen, vanwege de in het Burgerlijk Wetboek vastgelegde gelijke positie van aandeelhouders. Het kan niet zo zijn dat de Staat zichzelf een bijzondere positie verwerft. Je kunt daar echter over twisten. Als het bij wet geregeld is, heeft de Staat wel vaker een bijzondere positie. Er blijft echter natuurlijk een spanning tussen aandeelhouders. Naar aanleiding van een verzoek van mevrouw De Vries hebben wij in beeld gebracht hoe dat eruit ziet, waar dat tot conflicten zou leiden. Op basis daarvan moet je eerlijk zeggen dat die mogelijk conflictueuze situaties zeer, zeer beperkt zullen zijn. Een voorbeeld is Schiphol, waar een deel van de aandelen in handen is van Paris Aéroport. Als je dan weer kijkt wie daarvan de achterliggende aandeelhouders zijn, zie je echter dat dat in meerderheid de Franse Staat is. Ik denk niet dat de Franse Staat, die ook een rekenkamer kent, zich zal verzetten of ons voor de rechter zal slepen als de Nederlandse Rekenkamer daar een onderzoek zou doen. Dus ik denk, op basis van de analyse die wij aan de Kamer hebben gestuurd, dat het aantal voorbeelden van potentiële conflicten beperkt zal zijn. Dat betekent dat ik, alles afwegende, het oordeel aan de Kamer wil laten. We schakelen daarmee op een punt gelijk met de Gemeente- en de Provinciewet. Overigens staat in het amendement 51%. In de Gemeente- en de Provinciewet staat 50%. Misschien moeten we daar nog naar kijken. Als we het dan toch gelijktrekken, laten we het dan precies doen.";2016-2017;28-9-2016;tk;handelingen;10 Comptabiliteitswet 2016;https://zoek.officielebekendmakingen.nl/h-tk-20162017-5-10.html;https://zoek.officielebekendmakingen.nl/h-tk-20162017-5-10.xml;nr. 5, item 10;dijsselbloem;"Me, too.
Then I come to the policy changes after the autumn memorandum. That is Mr Ronnes' amendment to document No. 13. I would have said in the legislative consultation that this is only a detail. I certainly did not mean it that way, I also say that for the Acts. I want it to be recorded that I certainly did not mean it that way. I said that in this law we stipulate that, if this should occur - which is not desirable in principle, but it can sometimes occur - colleagues must always report this to the Minister of Finance, so that he can ensure that it is properly reported to Parliament by the ministers involved. This amendment now also stipulates that it must be reported to Parliament, but in a way that makes the Minister of Finance primarily responsible. That was not quite what I hoped would be included in this amendment. The amendment now states that the Minister of Finance must report to Parliament no later than three days before the recess which major changes in expenditure, obligations and receipts have been made after the autumn memorandum. I think that is a less fortunate solution, because I would like the responsible ministers themselves - I am prepared to monitor this and we have now arranged that I can also monitor it - to report this to the House if it occurs, no later than three days before the recess and if possible earlier. I think that is a more correct approach. My proposal is to see whether the amendment can be adjusted in that direction. In that case I would leave the decision to the House. That does not absolve me of the obligation, as mentioned before, to really ensure that it happens. We have now made sure of that.
Then the amendment by Members Vermue and Koolmees to document no. 15. This concerns the question of when the Court of Auditors may enter state-owned companies. The Council of State is consistent in its advice that this should only be allowed with a shareholding of more than 95% of the shares, due to the equal position of shareholders as laid down in the Civil Code. It cannot be the case that the State acquires a special position for itself. You can argue about that, though. If it is regulated by law, the State often has a special position. However, there naturally remains tension between shareholders. In response to a request from Mrs De Vries, we have mapped out what this looks like and where it would lead to conflicts. Based on that, you have to be honest and say that those potentially conflictual situations will be very, very limited. An example is Schiphol, where part of the shares is owned by Paris Aéroport. However, if you look again at who the underlying shareholders are, you will see that the majority is the French State. I do not think that the French State, which also has an audit office, will resist or take us to court if the Dutch Court of Audit were to conduct an investigation there. So I think, based on the analysis that we have sent to the House, that the number of examples of potential conflicts will be limited. This means that, all things considered, I want to leave the judgment to the House. This brings us into line with the Municipal and Provincial Act on one point. By the way, the amendment states 51%. The Municipal and Provincial Act states 50%. Maybe we should look into that. If we're going to even it out, let's do it exactly.";0
h-tk-20162017-6-5;Mevrouw Dik-Faber;CU;"De ChristenUnie hecht enorm aan keuzevrijheid en eigen regie van mensen die zorg nodig hebben. Daarom vinden we het pgb zo belangrijk. De staatssecretaris schrijft in zijn brief naar aanleiding van het onderzoek dat ""bepaalde bevindingen"" voor hem aanleiding zijn om bij drie van de tien gemeenten het beleid nog eens onder de loep te houden. Drie van de tien gemeenten. Als ik dat extrapoleer — ik weet niet of dat helemaal kan, maar goed — kom ik op een aanzienlijk aantal gemeenten. Kan de staatssecretaris toelichten wat er aan de hand is? Dit roept bij mij echt vragen op. Dan denk ik dus inderdaad aan die 30.000 mensen die nu geen pgb meer krijgen. Misschien zie ik iets wat er niet is en wil ik graag gerustgesteld worden, maar ik vermoed dat er meer aan de hand is dan de staatssecretaris in zijn brief heeft opgeschreven. Wat gaat hij daar verder aan doen?";2016-2017;29-9-2016;tk;handelingen;5 Inperken mogelijkheden voor het pgb;https://zoek.officielebekendmakingen.nl/h-tk-20162017-6-5.html;https://zoek.officielebekendmakingen.nl/h-tk-20162017-6-5.xml;nr. 6, item 5;dik-faber;"The Christian Union attaches great importance to the freedom of choice and self-management of people who need care. That is why we think the personal budget is so important. In his letter following the investigation, the State Secretary writes that ""certain findings"" have prompted him to re-examine the policy of three of the ten municipalities. Three out of ten municipalities. If I extrapolate that - I don't know if that is entirely possible, but whatever - I arrive at a considerable number of municipalities. Can the State Secretary explain what is going on? This really raises questions for me. Then I am indeed thinking about those 30,000 people who no longer receive a personal budget. Maybe I see something that is not there and I would like to be reassured, but I suspect that there is more going on than the State Secretary has written in his letter. What else is he going to do about that?";0
h-tk-20162017-12-17;De heer Ronnes;CDA;"Nu mijn motie over de Nibud-normen.
De Kamer,
gehoord de beraadslaging,
overwegende dat strikte toepassing van normen die door het Nationaal Instituut voor Budgetvoorlichting (Nibud) zijn opgesteld voor de hypotheekverstrekking kan leiden tot onredelijke situaties;
overwegende dat uit onderzoek van ABF Research blijkt dat de Nibud-normen onnodig strikt worden toegepast en daardoor een belemmering vormen voor hypotheekverstrekking aan een grote groep potentiele huizenkopers;
verzoekt de regering, in overleg met Nibud en de Autoriteit Financiële Markten (AFM) te streven naar een actualisering van de Nibud-normen en de toepassing hiervan door hypotheekverstrekkers, waarbij in ieder geval inkomensperspectief en energiekosten opnieuw worden meegenomen zonder dat de betalingsrisico's onverantwoord toenemen,
en gaat over tot de orde van de dag.
Deze motie is voorgesteld door het lid Ronnes. Naar mij blijkt, wordt de indiening ervan voldoende ondersteund.
Zij krijgt nr.";2016-2017;13-10-2016;tk;handelingen;17 Begroting Wonen en Rijksdienst;https://zoek.officielebekendmakingen.nl/h-tk-20162017-12-17.html;https://zoek.officielebekendmakingen.nl/h-tk-20162017-12-17.xml;nr. 12, item 17;ronnes;"Now my motion about the Nibud standards.
The Chamber,
after hearing the deliberation,
whereas strict application of standards drawn up by the National Institute for Budget Information (Nibud) for mortgage lending can lead to unreasonable situations;
whereas research by ABF Research shows that the Nibud standards are applied unnecessarily strictly and therefore constitute an obstacle to mortgage provision to a large group of potential home buyers;
calls on the government, in consultation with Nibud and the Netherlands Authority for the Financial Markets (AFM), to strive for an update of the Nibud standards and their application by mortgage providers, whereby income perspectives and energy costs are in any case taken into account again without an irresponsible increase in payment risks,
and goes about the order of the day.
This motion was proposed by member Ronnes. It appears to me that its submission is sufficiently supported.
She gets no.";0
h-tk-20162017-78-2;Minister Bussemaker;PvdA;"Laat ik vooropstellen dat ik het zeer met mevrouw Westerveld eens ben dat juist de werkdruk zoals leraren die meemaken, centraal moet staan. Wij zijn juist daarom gaan spreken over de beleefde werkdruk, want soms komt werkdruk misschien voort uit regels die helemaal niet als zodanig herkend worden, waarbij het eigenlijk gaat om dor hout. U mag gerust weten dat het een van mijn grootste frustraties is dat we in de afgelopen vierenhalf jaar zo ontzettend veel initiatieven rond werkdruk en administratieve lasten hebben genomen — we hebben dat samen met de leraren gedaan; denk aan opruimacties en stofkamoperaties over regelgeving — maar dat dit als zodanig niet doorkomt bij individuele leraren. Men denkt nog steeds dat men aan voorschriften van de inspectie moet voldoen, terwijl die allang niet meer bestaan. Dat heeft niet met administratieve, juridische regels te maken, maar met de manier waarop je die ervaart. Ik wil graag kijken naar de vraag welke term je daar dan voor gebruikt, maar volgens mij zijn we het er inhoudelijk over eens dat we vooral iets moeten doen aan de werkdruk in de klas.";2016-2017;23-5-2017;tk;handelingen;2 Vragenuur: Vragen Kwint;https://zoek.officielebekendmakingen.nl/h-tk-20162017-78-2.html;https://zoek.officielebekendmakingen.nl/h-tk-20162017-78-2.xml;nr. 78, item 2;bussemaker;"Let me first say that I very much agree with Mrs Westerveld that the workload that teachers experience should be the focus. That is precisely why we started talking about the perceived workload, because sometimes workload may arise from rules that are not recognized as such at all, which are actually dry wood. You may know that one of my biggest frustrations is that we have taken so many initiatives around workload and administrative burdens in the past four and a half years — we have done this together with the teachers; think of clean-up operations and dust-combing operations about regulations — but that this as such does not get through to individual teachers. People still think that they have to comply with inspection regulations, even though they no longer exist. This does not have to do with administrative or legal rules, but with the way you experience them. I would like to look at what term you use for this, but I think we agree in substance that we need to do something about the workload in the classroom.";0
h-tk-20162017-96-7;Minister Kamp;VVD;"Je kunt preferred research partner zijn van Shell en nog steeds onafhankelijk zijn. TNO wordt voor de helft uit overheidsmiddelen gefinancierd. Voor de helft wordt TNO ook vanuit de markt gefinancierd voor allerlei projecten. TNO is heel goed in staat om onafhankelijkheid overeind te houden. Dat geldt ook voor het ECN, het Planbureau voor de Leefomgeving, Deltares en het SodM zelf; het geldt voor al die organisaties. Het zou heel dom zijn als wij zouden aannemen dat al die partijen niet onafhankelijk zouden zijn. Zij zijn wel degelijk onafhankelijk.";2016-2017;5-7-2017;tk;handelingen;7 Toekomst van de Waddenzee;https://zoek.officielebekendmakingen.nl/h-tk-20162017-96-7.html;https://zoek.officielebekendmakingen.nl/h-tk-20162017-96-7.xml;nr. 96, item 7;kamp;"You can be a preferred research partner of Shell and still be independent. TNO is half financed from government resources. Half of TNO is also financed from the market for all kinds of projects. TNO is very capable of maintaining independence. This also applies to the ECN, the Netherlands Environmental Assessment Agency, Deltares and the SodM itself; it applies to all those organizations. It would be very stupid if we were to assume that all those parties were not independent. They are indeed independent.";0
h-tk-20162017-62-4;De heer Van Raak;SP;Hoe kunnen we dat oplossen? Mevrouw Van Tongeren zegt: dan moeten we de regering vragen om te gaan praten met Shell. Maar dat doen we al vijftien jaar.;2016-2017;30-3-2017;tk;handelingen;4 Consequenties uitspraak Europees Hof;https://zoek.officielebekendmakingen.nl/h-tk-20162017-62-4.html;https://zoek.officielebekendmakingen.nl/h-tk-20162017-62-4.xml;nr. 62, item 4;van van raak;How can we solve that? Ms Van Tongeren says: then we should ask the government to talk to Shell. But we've been doing that for fifteen years.;0
h-tk-20162017-2-6;De heer Van Haersma Buma;CDA;Het droomland dat de heer Wilders schetst, is een land waar de Koran is verboden — dat staat zelfs in uw verkiezingsprogramma — en waar alle moskeeën zijn gesloten. Ik probeer mij voor de geest te halen, en ik vraag u dat ook te doen, wat dat betekent. U zegt: het is een ideologie. Ik vermoed zomaar dat die honderdduizenden moslims het niet met u eens zullen zijn. Hoe ziet dat land eruit waarin de koran van die honderdduizenden mensen moet worden afgenomen en waar hun kerk, in dit geval hun moskee, tegen hun wens in wordt gesloten? Hoe gaat dat gebeuren?;2016-2017;21-9-2016;tk;handelingen;6 Algemene Politieke Beschouwingen;https://zoek.officielebekendmakingen.nl/h-tk-20162017-2-6.html;https://zoek.officielebekendmakingen.nl/h-tk-20162017-2-6.xml;nr. 2, item 6;van van haersma buma;The dream country that Mr Wilders describes is a country where the Koran is banned - it is even in your election manifesto - and where all mosques are closed. I'm trying to imagine, and I ask you to do the same, what that means. You say: it is an ideology. I just suspect that those hundreds of thousands of Muslims will not agree with you. What does that country look like in which the Koran has to be taken away from those hundreds of thousands of people and where their church, in this case their mosque, is closed against their wishes? How is that going to happen?;0
h-tk-20162017-44-9;Mevrouw Dik-Faber;CU;"De ChristenUnie wil in één generatie naar nul emissie. In 25 jaar zijn we in 2040. Dan moeten we al een heel eind kunnen zijn, absoluut.
Ik vervolg mijn betoog. De toekomst is duurzaam en decentraal, laten we daarom stoppen met het aanboren van nieuwe locaties voor olie en gas en volop inzetten op de energie- en warmtetransitie. Ik zie dat gemeenten voortvarend aan de slag gaan. Ik zie dat burgers het heft in handen nemen en energiecorporaties starten. Laten we daarom in alle plannen ook decentrale overheden betrekken. Wil de staatssecretaris dat toezeggen?
Er ligt nu een immense taak voor ons, maar we kunnen het. We zijn het verplicht aan onze kinderen en kleinkinderen. Iedereen zal moeten meedoen: overheid, industrie, bedrijfsleven, burgers. De ChristenUnie zal zich daarom ook inzetten voor een volgend energieakkoord. Het zal duidelijk zijn dat er een flinke schep bovenop moet. Wat ons betreft komt er een energiecommissaris die hieraan duidelijke leiding geeft.
Het klimaatakkoord in Parijs is een afspraak tussen 195 landen, groot en klein, rijk en arm. De ChristenUnie wil niet enkel aandacht hebben voor wat er in ons eigen kikkerlandje moet gebeuren op het vlak van CO";2016-2017;25-1-2017;tk;handelingen;9 Goedkeuring Overeenkomst van Parijs;https://zoek.officielebekendmakingen.nl/h-tk-20162017-44-9.html;https://zoek.officielebekendmakingen.nl/h-tk-20162017-44-9.xml;nr. 44, item 9;dik-faber;"The Christian Union wants to achieve zero emissions in one generation. In 25 years we will be in 2040. By then we should have come a long way, absolutely.
I continue my argument. The future is sustainable and decentralized, so let us stop tapping into new locations for oil and gas and fully focus on the energy and heat transition. I see that municipalities are working energetically. I see citizens taking matters into their own hands and starting energy corporations. Therefore, let us also involve local authorities in all plans. Will the State Secretary promise that?
We now have an immense task ahead of us, but we can do it. We owe it to our children and grandchildren. Everyone will have to participate: government, industry, business, citizens. The Christian Union will therefore also work for a next energy agreement. It will be clear that a lot of work needs to be done. As far as we are concerned, there will be an energy commissioner who will provide clear guidance on this.
The Paris climate agreement is an agreement between 195 countries, large and small, rich and poor. The Christian Union does not only want to pay attention to what needs to be done in our own little country in the field of CO";0
h-tk-20162017-21-6;Minister Rutte;VVD;Vreemd genoeg delen de heer Van Gerven en ik op dit onderwerp heel veel met elkaar. Wij maken ons allebei grote zorgen over dure geneesmiddelen en over de te grote macht van farmaceutische bedrijven. Wij zouden daar graag wat aan willen doen. Dat ben ik helemaal met hem eens. Maar als de door de heer Van Gerven geëiste transparantie ertoe leidt dat het middel voor patiënten in Nederland niet beschikbaar komt — dat lijkt nu de consequentie te zijn — is hij dan bereid die consequentie te dragen?;2016-2017;10-11-2016;tk;handelingen;6 Begroting Volksgezondheid, Welzijn en Sport;https://zoek.officielebekendmakingen.nl/h-tk-20162017-21-6.html;https://zoek.officielebekendmakingen.nl/h-tk-20162017-21-6.xml;nr. 21, item 6;rutte;Strangely enough, Mr Van Gerven and I share a lot in common on this subject. We are both very concerned about expensive medicines and about the excessive power of pharmaceutical companies. We would like to do something about that. I completely agree with him. But if the transparency demanded by Mr Van Gerven leads to the drug not becoming available to patients in the Netherlands - that now seems to be the consequence - is he prepared to bear that consequence?;0
h-tk-20172018-74-24;Mevrouw Tielen;VVD;Leuk onderwerp, maar geen steun voor een debat.;2017-2018;17-4-2018;tk;handelingen;24 Regeling van werkzaamheden;https://zoek.officielebekendmakingen.nl/h-tk-20172018-74-24.html;https://zoek.officielebekendmakingen.nl/h-tk-20172018-74-24.xml;nr. 74, item 24;tielen;Nice topic, but no support for a debate.;0
h-tk-20172018-40-7;Mevrouw Beckerman;SP;Volgens mij is er brede steun voor een debat op korte termijn na de resultaten van het SodM, dus ik zou dat graag snel willen inplannen. Volgens mij heeft de minister-president kunnen horen hoe graag veel van de leden van de Tweede Kamer hem erbij willen. Ik hoop dat hij daarnaar luistert. Volgens mij is het erg belangrijk om ook met hem hierover van gedachten te wisselen.;2017-2018;17-1-2018;tk;handelingen;7 Regeling van werkzaamheden;https://zoek.officielebekendmakingen.nl/h-tk-20172018-40-7.html;https://zoek.officielebekendmakingen.nl/h-tk-20172018-40-7.xml;nr. 40, item 7;beckerman;I think there is broad support for a debate in the short term after the SodM results, so I would like to schedule that quickly. I think the Prime Minister was able to hear how much many of the members of the House of Representatives want him there. I hope he listens to that. I think it is very important to also exchange ideas with him about this.;0
h-tk-20172018-22-6;De heer Van Rooijen;50PLUS;Voorzitter.;2017-2018;15-11-2017;tk;handelingen;6 Besluit de dividendbelasting af te schaffen;https://zoek.officielebekendmakingen.nl/h-tk-20172018-22-6.html;https://zoek.officielebekendmakingen.nl/h-tk-20172018-22-6.xml;nr. 22, item 6;van van rooijen;Chair.;0
h-tk-20172018-104-8;De heer Alkaya;SP;Het verzoek is dus om dat reeds aangevraagde dertigledendebat op te waarderen tot een meerderheidsdebat en dit onderwerp daarbij te bespreken. Dat lijkt mij nuttiger dan een apart debat over dit onderwerp te gaan voeren.;2017-2018;4-9-2018;tk;handelingen;8 Regeling van werkzaamheden;https://zoek.officielebekendmakingen.nl/h-tk-20172018-104-8.html;https://zoek.officielebekendmakingen.nl/h-tk-20172018-104-8.xml;nr. 104, item 8;alkaya;The request is therefore to upgrade the already requested thirty-member debate to a majority debate and to discuss this subject. That seems to me to be more useful than having a separate debate on this subject.;0
h-tk-20172018-45-23;Mevrouw Becker;VVD;"En de heer Bisschop! Sorry, meneer Bisschop, hoe kon ik u over het hoofd zien?
Deze wetswijziging regelt dat mannen en vrouwen binnen de krijgsmacht dezelfde rechten hebben. Laten we eerlijk zijn: eigenlijk had deze wijziging 30 jaar geleden moeten worden doorgevoerd. Maar goed, blijkbaar waren de geesten toen nog niet rijp voor een dergelijke wetswijzing. Nu is die wijziging wel aan de orde. De VVD-fractie is blij dat voormalig minister Hennis dit initiatief heeft genomen. Mannen en vrouwen zijn straks gelijkwaardig als het om militaire dienst gaat en dat is wat ons betreft zeer terecht.
Toegegeven, het is een administratieve handeling. De opkomstplicht is opgeschort en niemand wordt geacht om bij het bereiken van de volwassenheid in militaire dienst te treden. Maar nu we hier toch staan, is het misschien goed om een paar vragen aan de minister te stellen. Hoe staat het met de positie van vrouwen binnen de krijgsmacht? Is de organisatie ook daadwerkelijk ingericht op en klaar voor een gelijke behandeling van mannen en vrouwen, zonder andere kwaliteitseisen te stellen? Staan alle functies open voor vrouwen en zijn de eisen dan ook gelijk? We weten bijvoorbeeld dat het Korps Mariniers sinds 1 januari 2017 voor vrouwen is opengesteld. Heeft dat ook tot vrouwelijke mariniers geleid?
Verder heb ik nog een technische vraag over de lichte voorhangprocedure die nu in de wet staat. Ik heb kennisgenomen van het amendement van collega Diks, waarmee die zou worden omgezet in een zware voorhangprocedure. Dat kwam zojuist ook al even aan de orde in het debat. Regels over ontheffing, uitstel en vrijstelling worden dan, als het aan de Kamer ligt, bij wet geregeld. Dat geeft de wetgever — ons dus — meer invloed op de invulling. Voor de VVD daar een standpunt over kan innemen, zou ik graag van de minister willen weten waarom het kabinet ervoor gekozen heeft om dit überhaupt niet in de wet te regelen. Zijn daar misschien praktische redenen voor? Graag een reactie.
Voorzitter. Administratieve gelijkstelling van mannen en vrouwen is één ding, maar de uitwerking is soms lastiger. De VVD-fractie gaat ervan uit dat Defensie alles op alles zet om iedereen binnen deze mooie organisatie op een gelijkwaardige manier te behandelen, ongeacht geslacht, afkomst of geloofsovertuiging. Alleen dan is Defensie een echte afspiegeling van de samenleving.
Dank u wel, voorzitter.";2017-2018;30-1-2018;tk;handelingen;23 Dienstplicht vrouwen;https://zoek.officielebekendmakingen.nl/h-tk-20172018-45-23.html;https://zoek.officielebekendmakingen.nl/h-tk-20172018-45-23.xml;nr. 45, item 23;becker;"And Mr Bishop! Sorry, Mr. Bishop, how could I miss you?
This change in law ensures that men and women within the armed forces have the same rights. Let's be honest: this change should have been made 30 years ago. Anyway, apparently minds were not yet ripe for such a change in the law. That change is now in order. The VVD faction is pleased that former minister Hennis has taken this initiative. Men and women will soon be equal when it comes to military service and, in our opinion, that is very justified.
Admittedly, it is an administrative action. Compulsory attendance has been suspended and no one is expected to enter military service upon reaching adulthood. But now that we are here, it might be a good idea to ask the minister a few questions. What is the position of women within the armed forces? Is the organization actually set up and ready for equal treatment of men and women, without imposing other quality requirements? Are all positions open to women and are the requirements the same? For example, we know that the Marine Corps has been open to women since January 1, 2017. Has that also led to female Marines?
I also have a technical question about the light preliminary procedure that is now included in the law. I have taken note of Mr Diks's amendment, which would convert this into a heavy preliminary procedure. This was also briefly discussed in the debate just now. Rules on exemption, postponement and relief will then, if it is up to the House, be regulated by law. This gives the legislator - that is, us - more influence on the interpretation. Before the VVD can take a position on this, I would like to know from the minister why the cabinet has chosen not to regulate this in law at all. Are there any practical reasons for this? Please leave a comment.
Chair. Administrative equality between men and women is one thing, but the implementation is sometimes more difficult. The VVD faction assumes that Defense will do everything it can to treat everyone within this beautiful organization in an equal manner, regardless of gender, origin or religion. Only then will Defense be a true reflection of society.
Thank you, Chairman.";0
h-tk-20172018-84-6;Mevrouw Leijten;SP;Bij de Algemene Financiële Beschouwingen hebben we het er uitgebreid over gehad dat de lonen omhoog moeten. Nu kan het Rijk zelf iets doen en nou koerst de minister die ook verantwoordelijk is voor al die ICT-drama's en voor het rijksvastgoedlek aan op een cao-conflict. Vandaag zegt de Europese Commissie nog tegen Nederland: u heeft een probleem met de achterblijvende lonen. De minister van Financiën wil hier niet eens iets over die lonen zeggen. Laat hem dan antwoord geven op de vraag die ik heb gesteld: wat kost het als we 3,5% aan de rijksambtenaren geven en bijvoorbeeld ook aan het zorg- en onderwijspersoneel?;2017-2018;23-5-2018;tk;handelingen;6 Verantwoordingsdebat 2017;https://zoek.officielebekendmakingen.nl/h-tk-20172018-84-6.html;https://zoek.officielebekendmakingen.nl/h-tk-20172018-84-6.xml;nr. 84, item 6;leijten;In the General Financial Considerations we discussed at length the need to increase wages. Now the government can do something itself and now the minister who is also responsible for all those ICT dramas and for the government real estate leak is heading for a collective labor agreement conflict. Today the European Commission says to the Netherlands: you have a problem with lagging wages. The Minister of Finance does not even want to say anything about those wages here. Then let him answer the question I asked: what will it cost if we give 3.5% to government civil servants and, for example, to healthcare and education staff?;0
h-tk-20172018-102-6;Mevrouw Aukje de Vries;VVD;Ik ben nog niet aan het eind van mijn tekst.;2017-2018;4-7-2018;tk;handelingen;6 Voorjaarsnota 2018;https://zoek.officielebekendmakingen.nl/h-tk-20172018-102-6.html;https://zoek.officielebekendmakingen.nl/h-tk-20172018-102-6.xml;nr. 102, item 6;de aukje vries;I haven't finished my text yet.;0
h-tk-20172018-95-38;Mevrouw Van Kooten-Arissen;PvdD;Steun, voorzitter.;2017-2018;19-6-2018;tk;handelingen;38 Regeling van werkzaamheden;https://zoek.officielebekendmakingen.nl/h-tk-20172018-95-38.html;https://zoek.officielebekendmakingen.nl/h-tk-20172018-95-38.xml;nr. 95, item 38;van van kooten-arissen;Support, Chairman.;0
h-tk-20172018-47-8;De heer Azarkan;DENK;Voorzitter, van harte steun voor de brief, niet voor het debat.;2017-2018;1-2-2018;tk;handelingen;8 Regeling van werkzaamheden;https://zoek.officielebekendmakingen.nl/h-tk-20172018-47-8.html;https://zoek.officielebekendmakingen.nl/h-tk-20172018-47-8.xml;nr. 47, item 8;azarkan;Mr President, I wholeheartedly support the letter, not the debate.;0
h-tk-20172018-28-7;De heer Azarkan;DENK;Het gaat om de afschaffing van de geschillencommissie.;2017-2018;29-11-2017;tk;handelingen;7 Begroting Justitie en Veiligheid 2018;https://zoek.officielebekendmakingen.nl/h-tk-20172018-28-7.html;https://zoek.officielebekendmakingen.nl/h-tk-20172018-28-7.xml;nr. 28, item 7;azarkan;It concerns the abolition of the dispute committee.;0
h-tk-20172018-97-7;Staatssecretaris Snel;D66;Misschien kan ik u helpen door te zeggen dat ik in het najaar graag met uw Kamer verder discussieer over deze keuzes in de handhavingsstrategie.;2017-2018;21-6-2018;tk;handelingen;7 Problemen bij innen belastingen;https://zoek.officielebekendmakingen.nl/h-tk-20172018-97-7.html;https://zoek.officielebekendmakingen.nl/h-tk-20172018-97-7.xml;nr. 97, item 7;snel;Perhaps I can help you by saying that I would like to discuss these choices in the enforcement strategy further with your House in the autumn.;0
h-tk-20172018-20-16;De heer Van Rooijen;50PLUS;Ik kom hier in de tweede termijn uiteraard uitvoerig op terug. De enige vraag is: als nu inderdaad bij de arbeidskorting de 3% naar de 6% gaat, waarom is dan niet overwogen om die 6% ook voor de ouderenkorting te kiezen? Daarmee is die fiscale leeftijdsdiscriminatie weg. Het valluik waarover u net sprak, zoals uw collega Wiebes dat indertijd noemde, is nu weg. Het is een soort skibaan, maar dan heel steil. Het wordt nu iets minder steil. In de grafieken in het blauwe boekje van de minister en de staatssecretaris van Financiën zie je dat de ouderenkorting nog steeds heel snel wegvalt. Bij €48.000 is deze op, terwijl dat bij de arbeidskorting op een veel en veel hoger inkomen gebeurt. Dat noemen wij dus fiscale leeftijdsdiscriminatie.;2017-2018;9-11-2017;tk;handelingen;16 Algemene Financiële Beschouwingen 2018;https://zoek.officielebekendmakingen.nl/h-tk-20172018-20-16.html;https://zoek.officielebekendmakingen.nl/h-tk-20172018-20-16.xml;nr. 20, item 16;van van rooijen;I will of course come back to this in detail in the second term. The only question is: if the 3% for the employed person's tax credit does indeed go to 6%, why was it not considered to also choose that 6% for the elderly person's tax credit? This means that tax age discrimination is gone. The trapdoor you just talked about, as your colleague Wiebes called it at the time, is now gone. It is a kind of ski slope, but very steep. It is now becoming a little less steep. In the graphs in the blue book of the Minister and the State Secretary of Finance you can see that the discount for the elderly is still disappearing very quickly. This runs out at €48,000, while with the employment tax credit this happens at a much, much higher income. We call that tax age discrimination.;0
h-tk-20172018-102-9;De heer Snels;GroenLinks;Nee, ik heb de Comptabiliteitswet erop nageslagen, voorzitter. Volgens mij moet de minister zich gewoon aan zijn eigen wetten houden. Hij zegt net dat er door Financiën 1 en Financiën 2 een toets op de Comptabiliteitswet plaatsvindt en dat er vervolgens een memorie van toelichting en een debat komt. Maar artikel 3.1 vraagt na de aanpassing van de Comptabiliteitswet nou juist om in de memorie van toelichting doelstellingen, doelmatigheid en doeltreffendheid te verantwoorden. Dat staat in de wet. Het lijkt mij dat de motie die ik heb ingediend, vraagt dat de minister zich aan de wet houdt, zeker als het gaat om de afschaffing van de dividendbelasting.;2017-2018;4-7-2018;tk;handelingen;9 Voorjaarsnota 2018;https://zoek.officielebekendmakingen.nl/h-tk-20172018-102-9.html;https://zoek.officielebekendmakingen.nl/h-tk-20172018-102-9.xml;nr. 102, item 9;snels;No, I have looked up the Accounts Act, Chairman. I think the minister should just stick to his own laws. He just said that Finance 1 and Finance 2 will carry out an assessment of the Accounts Act and that there will subsequently be an explanatory memorandum and a debate. But after the amendment of the Government Accounts Act, Article 3.1 specifically requires that objectives, efficiency and effectiveness be justified in the explanatory memorandum. That is stated in the law. It seems to me that the motion I submitted requires the minister to comply with the law, especially when it comes to the abolition of dividend tax.;0
h-tk-20172018-56-23-n1;Minister Grapperhaus;CDA;"Dank u wel, voorzitter. Op 24 november jongstleden schreef ik uw Kamer op initiatief van het kabinet een brief waarin ik nog eens op een rij heb gezet wat de regels in ons land zijn op het gebied van seksuele intimidatie en geweld. Daarin heb ik ook uiteengezet hoe we dat kunnen voorkomen en tegengaan in de samenleving, op de werkplek, in het onderwijs, in de sport, maar ook hoe we slachtoffers van seksuele intimidatie en geweld kunnen helpen, in de justitieketen maar ook gewoon in het leven. Die brief kwam voort uit de eerder die maand flink opgelaaide — ik kan niet zeggen ""ontstane"" — #MeToo-discussie.
Ik ga niet herhalen wat ik in die brief heb geschreven, maar ik wil vanavond toch kort nog even het misverstand wegnemen dat er sprake zou zijn van onduidelijke normen voor seksuele intimidatie. Over verkrachting en aanranding, heel kort gezegd seksueel geweld, zijn we het, denk ik, wel eens in de samenleving, zeker over verkrachting. Dat is duidelijk geformuleerd in het strafrecht in artikel 242. Aanranding staat in artikel 246. Ik wil voor alle duidelijkheid tot nog maar eens zeggen: aanranding, dat is elke afgedwongen, ontuchtige handeling.
In de afgelopen maanden werd hier en daar in het debat, althans soms in de media, door mensen gesuggereerd dat er geen duidelijke norm voor seksuele intimidatie zou zijn. Dat is niet juist, want die norm is er. In de Algemene Wet Gelijke Behandeling staat in ongeveer deze bewoordingen de volgende definitie van seksuele intimidatie: seksuele intimidatie is elke vorm van ongewenst verbaal, non-verbaal of fysiek seksueel getint gedrag met het doel of gevolg de waardigheid van een ander persoon te schenden. En dat dan, kun je zeggen, in het bijzonder door het creëren van een intimiderende, vijandige, onterende of vernederende omgeving. Het punt dat hier in het midden staat, is het schenden van de waardigheid van een ander door bepaald seksueel getint gedrag. Dat is seksuele intimidatie. Dat geeft, denk ik, voldoende houvast om te weten hoever je kunt gaan of — nog beter - welke grenzen je echt niet moet overschrijden.
Ik wil daarbij zeggen, hoewel ik op zichzelf wel interesse heb voor de gedachte die mevrouw Van Toorenburg heeft geuit, dat er ook wel degelijk in het strafrecht een aantal normen zijn op dat gebied. Ik noem schennis van de eerbaarheid in artikel 239 Strafrecht — dat is een licht zedenmisdrijf — of seksueel intimiderend gedrag in de vorm van dwang, bedreiging of belediging. Dat staat ook allemaal in Strafrecht geregeld. Ik ga u niet lastigvallen met het opnoemen van de nummers.
Voorzitter. Ik zie mezelf nou niet echt als een moraalridder. Ik vind gewoon dat het van belang is dat we juist wanneer er vanuit de maatschappij heel duidelijk een discussie speelt — de #MeToo-discussie — we nog eens met elkaar op een rij zetten wat het probleem is. Dat hebben de Kamerleden vanavond gedaan. Ik ga niet alle rapporten nog eens een keer doornemen, die toch in detail aangeven dat er gewoon in deze maatschappij echt nog steeds een probleem is met betrekking tot seksueel geweld en seksuele intimidatie. Het rapport van het Fundamental Rights Agency uit 2014 heb ik aangehaald in mijn brief, maar ik kan ook verwijzen naar rapporten van de toch zeer boven twijfel verheven Rutgers Stichting. De monitor Seksuele gezondheid bijvoorbeeld geeft gewoon duidelijk aan dat er nog voldoende te verbeteren valt.
Wat ik vanavond in ieder geval nog eens helder wilde maken — dat heb ik denk ik gedaan — is dat we heldere regels hebben, ook op het gebied van seksuele intimidatie. Dat betekent dat in de samenleving mensen elkaar daarop kunnen aanspreken en moeten blijven aanspreken, ook als die hashtag, #MeToo, langzamerhand wat vervaagd is. Ik wil het daar niet bij laten.
Dank voor de zakdoek. Het is niet de emotie, maar het is het weer.
Ik wil bij u onder de aandacht brengen dat ik morgen een werkbezoek heb bij Pretty Woman, een organisatie in Utrecht waar nog een aantal andere organisaties bij zullen zijn. Dan gaat het over het kijken naar de aanpak van nieuwe online-achtige vormen van seksuele intimidatie, want die zijn er inmiddels ook. Sexting, exposing en dergelijke; het zijn gewoon nieuwe fenomenen, nieuwe verschijningsvormen. Daar moeten we als samenleving mee aan de slag. Daar moeten we wat tegen doen. Daar mag u mij als minister van Justitie toch zeker als een van de eersten op aanspreken. Kortom, we hebben met elkaar inderdaad nog genoeg te doen om seksueel geweld en seksuele intimidatie in de maatschappij terug te dringen.
Een paar vragen zijn op mijn bord terechtgekomen en die wil ik kort beantwoorden. De heer Sjoerdsma vroeg wanneer er een actieplan komt om de meldingsbereidheid te vergroten. Op korte termijn vindt een eerste gesprek plaats met de landelijke trekker van de Centra Seksueel Geweld. Op basis van het WODC-rapport over de beleving van slachtoffers van seksueel geweld, dat in september door mijn ambtsvoorganger aan u is toegestuurd, zal in dat gesprek worden verkend op welke wijze slachtoffers van seksueel geweld gemotiveerd kunnen worden om zich te melden bij de overheid voor recht en zorg. Eén bevinding uit het rapport biedt daarbij bijzondere aanknopingspunten. Dat is de bevinding dat de omgeving van slachtoffers van grote invloed is op de beslissing om zich al dan niet bij de politie te melden. Een groot aantal situaties waarin sprake is van seksueel geweld en seksuele intimidatie vindt helaas plaats in de kleine kring van bekenden en familie. In het vervolgtraject zullen er ook gesprekken plaatsvinden met andere partners. Dat zal gebeuren onder regie van mijn collega voor Rechtsbescherming, Sander Dekker.
Mevrouw Yeşilgöz stelde de vraag of die campagnes tot een grotere aangiftebereidheid leiden ...";2017-2018;22-2-2018;tk;handelingen;23 Seksuele intimidatie op de werkvloer;https://zoek.officielebekendmakingen.nl/h-tk-20172018-56-23-n1.html;https://zoek.officielebekendmakingen.nl/h-tk-20172018-56-23-n1.xml;nr. 56, item 23;grapperhaus;"Thank you, Chairman. On November 24, I wrote a letter to your House at the initiative of the cabinet in which I once again listed the rules in our country in the field of sexual harassment and violence. In it I also explained how we can prevent and counter this in society, in the workplace, in education, in sports, but also how we can help victims of sexual harassment and violence, in the justice chain but also in life. That letter arose from the heated up — I can't say ""emerging"" — #MeToo discussion earlier that month.
I am not going to repeat what I wrote in that letter, but tonight I would like to briefly clear up the misunderstanding that there are unclear standards for sexual harassment. I think we agree in society about rape and sexual assault, in short, sexual violence, especially about rape. This is clearly formulated in criminal law in Article 242. Sexual assault is in Article 246. For the sake of clarity, I would like to say once again: sexual assault is any coerced, indecent act.
In recent months, here and there in the debate, at least sometimes in the media, people have suggested that there is no clear standard for sexual harassment. That is not correct, because that standard exists. The General Equal Treatment Act contains the following definition of sexual harassment in approximately these terms: sexual harassment is any form of unwanted verbal, non-verbal or physical sexually oriented behavior with the purpose or effect of violating the dignity of another person. And that, you could say, in particular by creating an intimidating, hostile, degrading or humiliating environment. The central point here is violating the dignity of another through certain sexually explicit behavior. That's sexual harassment. I think that provides sufficient guidance to know how far you can go or - even better - which boundaries you really should not cross.
I would like to say, although I am interested in the idea expressed by Mrs Van Toorenburg, that there are also a number of standards in criminal law in that area. I mention indecency in Article 239 of Criminal Law — which is a minor sexual offense — or sexually intimidating behavior in the form of coercion, threat or insult. This is all also regulated in Criminal Law. I'm not going to bother you with naming the numbers.
Chair. I don't really see myself as a moral knight. I just think it is important that, especially when there is a very clear discussion going on within society - the #MeToo discussion - we once again identify together what the problem is. The MPs did that tonight. I am not going to go through all the reports again, which nevertheless indicate in detail that there is still a problem with sexual violence and sexual harassment in this society. I cited the 2014 Fundamental Rights Agency report in my letter, but I can also refer to reports from the Rutgers Foundation, which is certainly beyond doubt. The Sexual Health Monitor, for example, clearly indicates that there is still plenty of room for improvement.
In any case, what I wanted to make clear tonight - I think I did - is that we have clear rules, including in the area of ​​sexual harassment. This means that in society people can address each other about this and must continue to address it, even if the hashtag, #MeToo, has gradually faded away. I don't want to leave it at that.
Thanks for the handkerchief. It's not the emotion, it's the weather.
I would like to bring to your attention that tomorrow I have a working visit to Pretty Woman, an organization in Utrecht that will include a number of other organizations. Then it is about looking at tackling new online forms of sexual harassment, because they are now also available. Sexting, exposing and the like; they are simply new phenomena, new manifestations. We as a society have to work on this. We have to do something about that. As Minister of Justice, you can certainly be one of the first to address me about this. In short, we still have plenty of work to do together to reduce sexual violence and sexual harassment in society.
A few questions have come to my attention and I would like to answer them briefly. Mr Sjoerdsma asked when there will be an action plan to increase willingness to report. An initial conversation will take place shortly with the national leader of the Sexual Violence Centers. Based on the WODC report on the experience of victims of sexual violence, which was sent to you by my predecessor in office in September, that conversation will explore how victims of sexual violence can be motivated to report to the government for justice and care. One finding from the report offers special starting points. This is the finding that the environment of victims has a major influence on the decision whether or not to report to the police. Unfortunately, a large number of situations involving sexual violence and sexual harassment take place within a small circle of acquaintances and family. Discussions will also take place with other partners in the follow-up process. This will happen under the direction of my colleague for Legal Protection, Sander Dekker.
Ms Yeşilgöz asked whether those campaigns lead to a greater willingness to report...";0
h-tk-20172018-35-7;Minister Wiebes;VVD;"Ik denk dat het belangrijkste deel van mijn verhaal juist ging over de transitie. Een transitie doe je om een recept niet intact te laten maar om het op een andere manier te gaan doen. Mijn verhaal is dat wij weer opnieuw zouden moeten streven naar voldoende energie, maar dit keer duurzaam. Dat andere recept is zo anders dat dat een nogal forse transitie vraagt. Mijn waarschuwing is dat wij moeten zorgen dat dat zo beheerst mogelijk gaat en dat we dat betaalbaar kunnen houden, omdat anders grote delen van deze samenleving afhaken. En dat is waar ik bang voor ben. Bovendien, zoals ik aan het begin zei, zitten hier twee bewindslieden die allebei vinden dat belastinggeld goed besteed moet worden en niet verspild moet worden. Dus de kosten zijn gewoon belangrijk. Ik denk dat de heer Van Raan dat wel met mij eens is, want hij weet ook wel dat misschien zijn achterban niet afhaakt maar te veel achterbannen wel als we dat niet op een goede manier doen. Hier ligt een taak.
Voorzitter, ik kan aan een volgend blokje beginnen: klimaat en energie. Ik begin met het klimaatakkoord. Waarom eigenlijk een klimaatakkoord? Waarom doen we niet gewoon wat we vinden dat gedaan moet worden? Dat is natuurlijk omdat een transitie niet een ding van de overheid is. De overheid produceert niet, ook geen elektriciteit. De overheid innoveert niet. De overheid is ook maar een beperkte gebruiker. Er zijn overheidsrollen, zeker: regie, wetgeving, financiële instrumenten. Maar waar het de overheid is, is het niet alleen het Rijk. Waar het het Rijk is, is het niet alleen EZK. Ik heb verschillende collega's die hieraan mee moeten doen. Dat vraagt dus om een akkoord, want ik ben het niet alleen en u bent het ook niet alleen.
Dat regeerakkoord is wat mij betreft de basis, maar het is ook een heel Hollands product. Ik heb eerder gezegd: zo Hollands als een vlaflip. Want het is een positieve uitruil. Het heeft even geduurd, maar het is een positieve uitruil. De ambitie is torenhoog. Daar heeft iedereen zijn eigen verhaal bij. De een noemt het zijn uitleg van het liberalisme, de ander noemt het rentmeesterschap of de Schepper. We hebben allemaal een andere manier om op hetzelfde doel uit te komen. Daar hebben we kosteneffectiviteit bovenop gezet, om op een niet-ideologische manier dat doel te halen. Daar hebben we dan ook nog een zeker vleugje polder overheen gegooid. In Frankrijk met Macron zouden we het op een andere manier doen, maar wij doen het met zo'n klimaatakkoord.
Ik heb het over een klimaatakkoord, want het vorige akkoord ging over energie en heette energieakkoord. Dit gaat over klimaat, dus noem ik het klimaatakkoord. Maar die akkoorden zijn wel degelijk verschillend. In het energieakkoord kwam het doel eigenlijk van de SER, niet van de regering of uit een regeerakkoord. Dat is hier wel het geval. Aangezien het daar niet uit de regering kwam, zijn er achteraf bezien ook weinig prijzen uitgedeeld voor de democratische legitimering van het energieakkoord in zijn eerdere vorm. Hier komt het echt uit het regeerakkoord. Er is één doel: het klimaatdoel uit het klimaatakkoord; die 49%. Dat betekent dat we hard moeten sturen op publiek belang. Het gaat niet om de deelbelangen van de deelnemers. Daar ging het bij het energieakkoord in essentie in zo'n SER-setting wel een beetje om. Ik heb er zelf aan meegedaan en terugkijkend zeg ik weleens tegen mezelf: Eric Wiebes, dat had je in jouw rol ook best anders kunnen doen. Maar dat heb ik niet gedaan. Daardoor is het op sommige punten toch een beetje een feest geweest van belangenbehartigingsorganisaties.
Ik denk dat hier — u zou dat van mij moeten verwachten, maar ik wil u niks in de mond leggen — het publiek belang bewaakt moet worden. Dat betekent dat de overheid niet alleen de regie moet nemen, maar ook doelen moet stellen en kaders moet meegeven. Het is niet de bedoeling dat er een overeenkomst komt tussen partijen aan tafel om het twee maal zo duur te doen als nodig. Ik ben hier nogal ferm op het publiek belang. Het publiek belang staat voorop. Het is van de samenleving. Daarbij zijn er wel een paar vrijheidsgraden. Bij een klimaatakkoord — daarover moet je het kunnen hebben — moeten ook vrijheidsgraden bestaan. Maar het doel staat. Laat ik zo zeggen, ik ga niet overhandelen over het percentage. Het kan zijn dat er met de ambities in Europa uiteindelijk een ander percentage uitkomt, maar ik ga niet onderhandelen over het percentage. Ik ga ook niet onderhandelen over het passage in het regeerakkoord over kolencentrales. De kolencentrales gaan weg. Ik heb daarover een brief gestuurd met nogal ferme maatregelen, om maar duidelijk te maken: dit is niet onderhandelbaar. Maar over allerlei andere dingen natuurlijk wel. Ik vind, in dit stadium zeker, elke zin in het regeerakkoord briljant, maar als er iemand komt met een beter idee dan een briljant idee, dan ben ik daar nooit tegen. Dat zou u ook niet moeten zijn. Dus we moeten die vrijheidsgraden bieden. Als sommige inzichten anders uitvallen, vallen ze anders uit en dan gaan we iets anders doen, want we willen de goedkoopste en verstandigste route naar 2050.
Ik denk met vijf tafels — ik noem het sectoren, maar dat zijn het net niet — te gaan werken: opwekking, zware industrie, alles met de gebouwde omgeving en warmte op lage temperatuur; de agrarische sector moet duidelijk aan bod komen en de vervoerssector komt ook niet van de haak. Maar dat is niet genoeg, want die tafels zijn verticaal en toevallig gingen alle verstandige vragen in deze zaal over juist de horizontale verbanden, bijvoorbeeld het ruimtelijke verband, waarover de heer Moorlag zich zorgen maakt. Hij zegt: joh, dat zijn nogal ruimtevreters, moeten we dat niet op de een of andere manier coördineren; moet daar niet iets verstandigs gebeuren? Ja, dat is waar, want je kunt één deel van Nederland niet op drie manieren gebruiken. Ruimte is er één. Daar ben ik de heer Moorlag erkentelijk voor. Innovatie is er één. Volgens mij was het de heer Veldman die heeft gezegd: zorg nou dat er geen belemmeringen zijn. Nee, want die zijn er wel vaak. We verzinnen iets nieuws en omdat de wet gebaseerd was op iets ouds, mag iets nieuws niet. Dat moeten we natuurlijk zo snel mogelijk uit de weg helpen. Ik ben de heer Veldman dus dankbaar voor die suggestie.
Financiering is er één. Ik geloof dat de vraag naar financieringsinstrumenten door verschillende leden is gesteld. De heer Van der Lee heeft daarnaar gevraagd. De heer Moorlag kwam er even op. Mevrouw Dik-Faber heeft er volgens mij vragen over gesteld. Een heleboel dingen hangen af van financiering en hebben ook een bottleneck in financiering. De heer Van Raan heeft daarnaar gevraagd. Het Platform voor Duurzame Financiering bestaat, maar het moet echt een ferme rol gaan spelen. Niet alleen banken, maar ook pensioenfondsen moeten op allerlei manieren ook creatieve vormen van financiering ontwikkelen om dat mogelijk te maken.
Op het gebied van personeel zien we ook een bottleneck, alleen al aan de kant van de technici. Als het gaat om het mkb wil de staatssecretaris een ferme rol op zich nemen om de bottlenecks daar te helpen oplossen. Dat zijn allemaal dwarsverbanden en die moeten ook levendig en actief zijn.
Verder hebben we natuurlijk nog iets van borging nodig, maar wat hierbij heel centraal zal staan, is de uitrol. We kunnen allemaal dingen bedenken, maar als we daarna niet aan een uitvoeringsorganisatie de opdracht geven om er de hele tijd achteraan te zitten en iedereen toch op zijn hoofd te hameren, dan komt er niks van terecht. Ik denk dat hiervoor dus een uitvoeringsorganisatie gebouwd gaat worden die ten minste tot 2030 actief is. Gewoon om elke keer die kalender af te werken, iedereen aan zijn toezeggingen te herinneren en de bottlenecks uit de weg te ruimen.
Dat betekent natuurlijk ook iets voor bewindslieden onderling. Verschillende sprekers hebben daarnaar gevraagd. Kijk, wij houden onszelf wel bij de les. Er ligt formeel wel een regierol bij BZK, maar ik heb alleen al met drie collega's te maken die op zich staan te steigeren om dit te doen. Er wordt hard aan getrokken. Aan ons zal het niet liggen, maar om de rest van de samenleving mee te krijgen, hebben we die uitvoeringsorganisatie nodig. Ik meen dat dit een zorg was van de heer Van der Lee en de heer Jetten. Zij hebben allebei gevraagd hoe wij ervoor gaan zorgen dat alle departementen dan wel collega's meedoen.
Dan moet er dus een overheidsinzet komen. Het moet duidelijk zijn wat de grenzen, de kaders en de doelen van elk van die tafels zijn. Ik denk dat dit ergens begin volgend jaar helder moet kunnen worden gemaakt. Het zou mooi zijn als we op hoofdlijnen in de zomer al zo'n beetje weten waar het naartoe gaat. Dan is er vast nog een hoop uit te werken, daar niet van, maar we zouden in de zomer een soort beeld moeten kunnen hebben van waar dit heen gaat.
Dat betekent dat we daarmee ook de democratische legitimering beter moeten organiseren dan in het verleden. We hebben dat toen eigenlijk een beetje over het hoofd gezien. Het was een ander gebouw. Even verderop was het. Ik kan me dus zo voorstellen dat ik eerst de inzet hier bespreek. Dan kunnen we het er allemaal over hebben. Daarna komt er iets uit en dan is het, denk ik, aan u toe te vertrouwen dat u mij vervolgens afrekent op het resultaat. En dan kunnen we het er weer over hebben. Maar laten we met elkaar afspreken dat wel proberen om dat democratisch deficit van de vorige keer te voorkomen.
Dan zijn er verder nog allemaal andere inhoudelijke ambities die ik zou hebben met dat akkoord, maar om de heer Graus niet te lang tot zwijgen te brengen, denk ik dat ik dat misschien even moet overslaan. De avond moet immers ook nog een beetje behapbaar blijven. Ik zal mijn inhoudelijke begeisterung dus een beetje proberen te beheersen.
Voorzitter. Dat was het akkoord. Hierna komt een subkopje en vervolgens iets over kosteneffectiviteit enzovoort. Maar ik zie dat de heer Moorlag ...";2017-2018;14-12-2017;tk;handelingen;7 Begroting EZK/LNV 2018 (deel Economie en Klimaat);https://zoek.officielebekendmakingen.nl/h-tk-20172018-35-7.html;https://zoek.officielebekendmakingen.nl/h-tk-20172018-35-7.xml;nr. 35, item 7;wiebes;"I think the most important part of my story was about the transition. A transition is done not to leave a recipe intact, but to do it in a different way. My story is that we should again strive for sufficient energy, but this time sustainably. That other recipe is so different that it requires quite a major transition. My warning is that we must ensure that this is as controlled as possible and that we can keep it affordable, otherwise large parts of this society will drop out. And that's what I'm afraid of. Moreover, as I said at the beginning, there are two ministers here who both believe that taxpayers' money should be well spent and not wasted. So cost is just important. I think Mr Van Raan agrees with me on that, because he also knows that his supporters may not drop out, but too many supporters will if we do not do this in the right way. There is a task here.
Mr President, I can start on the next block: climate and energy. I'll start with the climate agreement. Why a climate agreement? Why don't we just do what we think should be done? That is of course because a transition is not a matter for the government. The government does not produce electricity, not even electricity. The government does not innovate. The government is also only a limited user. There are government roles, certainly: direction, legislation, financial instruments. But where it is the government, it is not just the central government. Where it is the government, it is not just EZK. I have several colleagues who have to participate in this. So that requires an agreement, because it's not just me and it's not just you either.
As far as I am concerned, that coalition agreement is the basis, but it is also a very Dutch product. I've said before: as Dutch as a vlaflip. Because it is a positive trade-off. It took a while, but it's a positive trade-off. The ambition is sky-high. Everyone has their own story. Some call it his explanation of liberalism, others call it stewardship or the Creator. We all have a different way of arriving at the same goal. We have added cost-effectiveness on top of that, to achieve that goal in a non-ideological way. We also added a certain touch of polder to it. In France with Macron we would do it in a different way, but we do it with such a climate agreement.
I am talking about a climate agreement, because the previous agreement was about energy and was called the energy agreement. This is about climate, so I call it the climate agreement. But those chords are definitely different. In the energy agreement, the goal actually came from the SER, not from the government or from a coalition agreement. That is the case here. Since it did not come from the government, in retrospect few prizes were awarded for the democratic legitimization of the energy agreement in its earlier form. This is where it really comes from the coalition agreement. There is one goal: the climate goal from the climate agreement; that 49%. This means that we must focus strongly on public interest. It is not about the partial interests of the participants. That is essentially what the energy agreement was all about in such a SER setting. I took part in it myself and looking back I sometimes say to myself: Eric Wiebes, you could have done that differently in your role. But I didn't do that. As a result, it has been a bit of a party for advocacy organizations on some points.
I think that here - you should expect that from me, but I don't want to put anything into your mouth - the public interest must be safeguarded. This means that the government must not only take control, but also set goals and provide frameworks. It is not the intention that there will be an agreement between the parties at the table to make it twice as expensive as necessary. I'm quite firm on the public interest here. The public interest comes first. It belongs to society. There are a few degrees of freedom. In a climate agreement - you should be able to talk about that - there must also be degrees of freedom. But the goal stands. Let me put it this way, I'm not going to discuss the percentage. It may be that the ambitions in Europe ultimately result in a different percentage, but I am not going to negotiate on the percentage. I am also not going to negotiate the passage in the coalition agreement on coal-fired power stations. The coal-fired power stations are going away. I have sent a letter about this with rather firm measures, just to make it clear: this is not negotiable. But of course about all kinds of other things. I certainly think every sentence in the coalition agreement is brilliant at this stage, but if someone comes up with a better idea than a brilliant idea, then I am never against that. You shouldn't be either. So we have to provide those degrees of freedom. If some insights turn out differently, they turn out differently and then we will do something different, because we want the cheapest and wisest route to 2050.
I think I will work with five tables - I call them sectors, but they are not exactly -: generation, heavy industry, everything with the built environment and low-temperature heat; the agricultural sector must be clearly addressed and the transport sector is also not off the hook. But that is not enough, because those tables are vertical and coincidentally, all the sensible questions in this room were about precisely the horizontal relationships, for example the spatial relationship, about which Mr Moorlag is concerned. He says: dude, those are quite space wasters, shouldn't we coordinate that somehow; Shouldn't something sensible be done there? Yes, that's true, because you can't use one part of the Netherlands in three ways. Space is one. I am grateful to Mr Moorlag for that. Innovation is one. I think it was Mr Veldman who said: make sure there are no obstacles. No, because they are often there. We come up with something new and because the law was based on something old, something new is not allowed. Of course, we need to get this out of the way as quickly as possible. So I am grateful to Mr Veldman for that suggestion.
Financing is one. I believe that the question of financial instruments has been raised by several Members. Mr Van der Lee asked about this. It occurred to Mr Moorlag briefly. I think Mrs Dik-Faber asked questions about it. A lot of things depend on financing and also have a bottleneck in financing. Mr Van Raan asked about this. The Platform for Sustainable Finance exists, but it really needs to play a strong role. Not only banks, but also pension funds must develop creative forms of financing in all kinds of ways to make this possible.
We also see a bottleneck in terms of personnel, just on the technicians' side. When it comes to SMEs, the State Secretary wants to take a firm role in helping to solve the bottlenecks there. These are all cross-connections and they must also be lively and active.
We also need some safeguards, of course, but what will be very central here is the rollout. We can all come up with things, but if we don't then instruct an implementing organization to chase it all the time and hammer everyone on the head, then nothing will come of it. I think that an implementation organization will be built for this purpose that will be active at least until 2030. Just to complete that calendar every time, remind everyone of their commitments and remove the bottlenecks.
Of course, that also means something for ministers themselves. Several speakers have asked about this. Look, we keep ourselves on our toes. There is formally a directing role at the Ministry of the Interior and Kingdom Relations, but I only have to deal with three colleagues who are eager to do this. It's being pulled hard. It won't be up to us, but to get the rest of society on board, we need that implementation organization. I believe this was a concern of Mr Van der Lee and Mr Jetten. They both asked how we will ensure that all departments or colleagues participate.
Then there must be government intervention. It must be clear what the boundaries, frameworks and goals of each of those tables are. I think this should be made clear sometime early next year. It would be nice if we already knew in general terms in the summer where things are going. There's probably still a lot to work out, but we should be able to have some idea of ​​where this is going in the summer.
This means that we must also organize democratic legitimation better than in the past. We actually overlooked that a bit at the time. It was a different building. It was a little further away. So I can imagine that I would first discuss the stakes here. Then we can all talk about it. Then something will come out and then, I think, it is up to you to hold me accountable for the result. And then we can talk about it again. But let us agree with each other that we will try to prevent that democratic deficit from last time.
Then there are all kinds of other substantive ambitions that I would have with that agreement, but in order not to silence Mr Graus for too long, I think I should perhaps skip that for the moment. After all, the evening must remain somewhat manageable. So I will try to control my substantive enthusiasm a bit.
Chair. That was the deal. After this comes a subheading and then something about cost-effectiveness and so on. But I see that Mr Moorlag ...";0
h-tk-20172018-52-9;De heer De Graaf;PVV;Ik weet niet of u dat meteen wilt toestaan. Ik wil ook best verdergaan met mijn tekst.;2017-2018;14-2-2018;tk;handelingen;9 Strafrechtelijke aanpak terrorisme;https://zoek.officielebekendmakingen.nl/h-tk-20172018-52-9.html;https://zoek.officielebekendmakingen.nl/h-tk-20172018-52-9.xml;nr. 52, item 9;de de graaf;I don't know if you want to allow that right away. I would also like to continue with my text.;0
h-tk-20172018-20-8;Minister Hoekstra;CDA;Over de dividendbelasting, een van de hobby's van de heer Nijboer, komen we volgens mij zo meteen nog te spreken. Laat ik dus niet proberen ...;2017-2018;9-11-2017;tk;handelingen;8 Algemene Financiële Beschouwingen;https://zoek.officielebekendmakingen.nl/h-tk-20172018-20-8.html;https://zoek.officielebekendmakingen.nl/h-tk-20172018-20-8.xml;nr. 20, item 8;hoekstra;I think we will soon discuss dividend tax, one of Mr Nijboer's hobbies. So let me not try...;1
h-tk-20172018-107-19;De heer Jetten;D66;Voorzitter. Ik zou graag een brief willen voor het AO Mijnbouw, dat later deze maand plaatsvindt. Ik hoop dat ook de schriftelijke vragen van de heer Wassenberg vóór dat AO zijn beantwoord. Dan kunnen we dit onderwerp nog deze maand met de minister bespreken. Dus geen steun voor het debat.;2017-2018;11-9-2018;tk;handelingen;19 Regeling van werkzaamheden;https://zoek.officielebekendmakingen.nl/h-tk-20172018-107-19.html;https://zoek.officielebekendmakingen.nl/h-tk-20172018-107-19.xml;nr. 107, item 19;jetten;Chair. I would like a letter for the Mining AO, which is taking place later this month. I hope that Mr Wassenberg's written questions have also been answered before that AO. Then we can discuss this subject with the minister this month. So no support for the debate.;0
h-tk-20172018-85-8;Staatssecretaris Keijzer;CDA;Toen vorig jaar in mei door de Nederlandse regering het standpunt in de Europese Raad is ingenomen, is daaraan voorafgaand uiteraard ook een BNC-fiche naar de Kamer gestuurd. Daarin stond wat ik u zojuist vertelde. De verwachting is niet dat dit heel veel anders zal zijn. Gezien de grote verwachte positieve effecten op het vrije verkeer van diensten, die juist ook voor Nederlandse ondernemers van groot belang zijn, zie ik geen reden om een ander standpunt in te nemen.;2017-2018;24-5-2018;tk;handelingen;8 Raad voor Concurrentievermogen;https://zoek.officielebekendmakingen.nl/h-tk-20172018-85-8.html;https://zoek.officielebekendmakingen.nl/h-tk-20172018-85-8.xml;nr. 85, item 8;keijzer;When the Dutch government adopted its position in the European Council in May last year, a BNC sheet was of course also sent to Parliament beforehand. It contained what I just told you. This is not expected to be much different. Given the expected major positive effects on the free movement of services, which are also of great importance for Dutch entrepreneurs, I see no reason to take a different position.;0
h-tk-20172018-12-3;De heer Asscher;PvdA;Zeker. Dat kunt u.;2017-2018;12-10-2017;tk;handelingen;3 Eindverslag van de informateur;https://zoek.officielebekendmakingen.nl/h-tk-20172018-12-3.html;https://zoek.officielebekendmakingen.nl/h-tk-20172018-12-3.xml;nr. 12, item 3;asscher;Certainly. You can.;0
h-tk-20172018-87-3;Minister Koolmees;D66;Ik weet niet of ik die laatste conclusie kan trekken. Ik ben het wel met de heer Segers eens dat de informatiepositie echt beter moet. De informatie die beschikbaar is, bij verschillende diensten, bij verschillende rijksoverheidsinstanties, moet ook terechtkomen bij die gemeenten om te kunnen acteren. Dat ben ik zeer met de heer Segers eens. Dat is een van de grote uitdagingen waar ook bijvoorbeeld de burgemeester van Den Haag, mevrouw Krikke, toe oproept. Daar moeten wij als kabinet mee aan de slag gaan om dat te verbeteren.;2017-2018;30-5-2018;tk;handelingen;3 Buitenlandse financiering van moskeeën;https://zoek.officielebekendmakingen.nl/h-tk-20172018-87-3.html;https://zoek.officielebekendmakingen.nl/h-tk-20172018-87-3.xml;nr. 87, item 3;koolmees;I don't know if I can draw that last conclusion. I do agree with Mr Segers that the information position really needs to improve. The information that is available at various services, at various government agencies, must also reach those municipalities in order to be able to act. I very much agree with Mr Segers. That is one of the major challenges that, for example, the mayor of The Hague, Mrs. Krikke, calls for. We as a government must work to improve this.;0
h-tk-20172018-31-7;De heer Bisschop;SGP;U kent mijn wereld dan voldoende om te weten dat wij belijden dat de mens geneigd is tot alle kwaad. In die zin zouden de rollen eigenlijk omgedraaid moeten zijn en zou ik juist voor een verklaring omtrent het gedrag moeten pleiten!;2017-2018;6-12-2017;tk;handelingen;7 Begroting Onderwijs, Cultuur en Wetenschap 2018 inclusief het onderdeel Groen onderwijs;https://zoek.officielebekendmakingen.nl/h-tk-20172018-31-7.html;https://zoek.officielebekendmakingen.nl/h-tk-20172018-31-7.xml;nr. 31, item 7;bisschop;You know my world enough to know that we confess that man is inclined to all evil. In that sense, the roles should actually be reversed and I should argue for an explanation regarding the behavior!;0
h-tk-20172018-79-8;De heer Kwint;SP;"Dank. Dit kabinet heeft alleen, helaas, een wat starre kijk op kinderopvang. Het is niks meer of minder dan een arbeidsmarktinstrument, oftewel een manier om vrouwen aan het werk te krijgen, terwijl toch het kind centraal zou moeten staan. En de financiering gaat ook nog lang niet altijd goed. Mensen komen in de problemen omdat ze grote bedragen moeten terugbetalen, er moeten voorlichtingscampagnes gestart worden om het uit te leggen en het is verschrikkelijk ingewikkeld. De wet die dit zou moeten verbeteren, wordt ineens niet meer ingediend, lazen wij gisteren, terwijl er toch al 20 miljoen aan voorbereidingskosten geïnvesteerd zijn. Waarom doet het kabinet dit? Dat is mij uit de brief niet helemaal duidelijk geworden. Maak het nou makkelijk voor ouders. Als je dan toch op zoek gaat naar andere financiering, kijk dan ook nog eens naar bijvoorbeeld het oorspronkelijke plan, namelijk het direct betalen van kinderopvang door de overheid of het openstellen van twee dagen gratis kinderopvang voor iedereen. Niet omdat je daarmee werken voor ouders makkelijker maakt, maar omdat je daarmee ook al vroeg segregatie en tweedeling kan bestrijden.
Daarom twee moties. De eerste.
De Kamer,
gehoord de beraadslaging,
constaterende dat het kabinet kinderopvang voornamelijk ziet als arbeidsmarktinstrument;
van mening dat kinderopvang niet in de eerste plaats een arbeidsmarktprobleem, maar zeker zozeer ook een instrument moet zijn dat de ontwikkeling van kinderen kan stimuleren;
verzoekt de regering, indachtig deze mening, het beleid over kinderopvang breder vorm te geven dan vanuit het arbeidsmarktperspectief en hierin bijvoorbeeld ook de ontwikkeling van het kind, het tegengaan van achterstanden en het bestrijden van segregatie mee te nemen,
en gaat over tot de orde van de dag.
Deze motie is voorgesteld door de leden Kwint en Westerveld. Naar mij blijkt, wordt de indiening ervan voldoende ondersteund.
Zij krijgt nr.";2017-2018;26-4-2018;tk;handelingen;8 Kinderopvang;https://zoek.officielebekendmakingen.nl/h-tk-20172018-79-8.html;https://zoek.officielebekendmakingen.nl/h-tk-20172018-79-8.xml;nr. 79, item 8;kwint;"Thanks. Unfortunately, this cabinet has a somewhat rigid view on childcare. It is nothing more or less than a labor market instrument, or a way to get women to work, while the child should be central. And financing does not always go well. People get into trouble because they have to pay back large amounts, information campaigns have to be started to explain it and it is terribly complicated. The law that should improve this is suddenly no longer being submitted, we read yesterday, even though 20 million in preparation costs have already been invested. Why is the government doing this? That is not entirely clear to me from the letter. Now make it easy for parents. If you do look for other financing, also look at the original plan, for example, namely paying for childcare directly by the government or opening up two days of free childcare to everyone. Not because it makes working easier for parents, but because it also allows you to combat segregation and division at an early stage.
Therefore two motions. The first.
The Chamber,
after hearing the deliberation,
noting that the government mainly views childcare as a labor market instrument;
believes that childcare should not primarily be a labor market problem, but also an instrument that can stimulate the development of children;
calls on the government, taking this opinion into account, to shape childcare policy more broadly than from the labor market perspective and, for example, to also take into account the development of the child, combating disadvantages and combating segregation,
and goes about the order of the day.
This motion was proposed by members Kwint and Westerveld. It appears to me that its submission is sufficiently supported.
She gets no.";0
h-tk-20172018-43-3;De heer Van Weyenberg;D66;Ja, daar zou ik zo op komen, maar dat wil ik natuurlijk met liefde doen. Ik vind ook dat er een einde aan het beleid van de heer Draghi moet komen. Ik sluit mij wat dat betreft aan bij wat de heer Van der Linde daarover zei. Maar wat wij ook van de rente van de heer Draghi vinden, het is wel de realiteit. Dat is de kern. Ik ben zo voorzichtig. Weet u, tien jaar geleden zeiden mensen van de FNV, maar bijvoorbeeld ook van APG: the only way is up met die rente, verhogen maar, want dat gaat toch gebeuren. In de afgelopen jaren is de rente helaas alleen maar verder gedaald, maar als wij dat toen hadden gedaan, hadden wij heel veel geld herverdeeld. Uit de doorrekeningen, ook van het voorstel dat de heer Van Rooijen hier nu neerlegt — ik heb daar zo nog wel vragen over — blijkt dat gepensioneerden op de plus één staan en dat mensen die nog niet zijn gepensioneerd ongeveer op de min één staan. Daar kunt u voor kiezen, maar ik vind dat we daar dan wel eerlijk over moeten zijn: dat is herverdeling tussen generaties. Dat is niet de keuze die mijn fractie maakt.;2017-2018;24-1-2018;tk;handelingen;3 Aanpassing disconteringsvoet;https://zoek.officielebekendmakingen.nl/h-tk-20172018-43-3.html;https://zoek.officielebekendmakingen.nl/h-tk-20172018-43-3.xml;nr. 43, item 3;van van weyenberg;Yes, I would think of that in a moment, but of course I want to do that with love. I also believe that Mr Draghi's policy should come to an end. In that regard, I agree with what Mr Van der Linde said about this. But whatever we think of Mr Draghi's interest rate, it is reality. That's the gist. I'm so careful. You know, ten years ago people from the FNV, but also from APG, for example, said: the only way is up with that interest rate, just increase it, because that is going to happen anyway. Unfortunately, interest rates have only fallen further in recent years, but if we had done that then, we would have redistributed a lot of money. The calculations, including the proposal that Mr Van Rooijen is now submitting here - I still have questions about that - show that pensioners are at plus one and that people who have not yet retired are approximately at minus one. You can choose that, but I think we should be honest about it: that is redistribution between generations. That is not the choice my group makes.;0
h-tk-20172018-92-25;Mevrouw Van den Berg;CDA;Voorzitter. Het is een zeer belangrijk onderwerp. Samen met mevrouw Diertens hebben wij ook al vragen ingediend. Dus alle steun voor een brief, zodat hier ook opheldering over komt. Wij wachten, ook gezien de brief van gisteren, tot ook het rapport beschikbaar komt. Dus die feiten willen we graag hebben.;2017-2018;12-6-2018;tk;handelingen;25 Regeling van werkzaamheden;https://zoek.officielebekendmakingen.nl/h-tk-20172018-92-25.html;https://zoek.officielebekendmakingen.nl/h-tk-20172018-92-25.xml;nr. 92, item 25;van den van den berg;Chair. It is a very important topic. We have also submitted questions together with Mrs. Diertens. So all support for a letter, so that this can also be clarified. We are waiting, also in view of yesterday's letter, until the report also becomes available. So we would like to have those facts.;0
h-tk-20172018-50-3;Mevrouw Hennis-Plasschaert;VVD;Het zijn iets meer regels, maar dat geeft niet. Het zijn inderdaad een aantal basisregels waarmee in een klap helder wordt hoe we een aantal voorstellen zouden kunnen afwegen en beoordelen. Ik vraag vooral aan de minister om te reflecteren op hoe wij de prikkels voor betere naleving en handhaving kunnen verbeteren. Ik neig zelf steeds meer naar het depolitiseren van de handhaving en naleving omdat ik van mening ben dat dit kan bijdragen aan het vertrouwen tussen en in lidstaten. Het gaat niet alleen om het vertrouwen tussen de lidstaten, maar vooral ook om het vertrouwen van de Nederlanders en de Europeanen in de munt. Ik ben er daarom zeer op gebrand om daarvoor verschillende mogelijkheden te verkennen. Dat is de reden waarom ik de minister vraag daarop te reflecteren. Zelf ben ik dus voorstander van het vergaand depolitiseren van naleving en handhaving.;2017-2018;8-2-2018;tk;handelingen;3 Verdieping van de EMU;https://zoek.officielebekendmakingen.nl/h-tk-20172018-50-3.html;https://zoek.officielebekendmakingen.nl/h-tk-20172018-50-3.xml;nr. 50, item 3;hennis-plasschaert;There are a few more rules, but that doesn't matter. These are indeed a number of basic rules that instantly make it clear how we could weigh and assess a number of proposals. I especially ask the minister to reflect on how we can improve the incentives for better compliance and enforcement. I am increasingly leaning towards depoliticizing enforcement and compliance because I believe that this can contribute to trust between and within Member States. It is not only about trust between the member states, but especially about the trust of the Dutch and Europeans in the currency. I am therefore very keen to explore different options for this. That is why I ask the minister to reflect on this. Personally, I am in favor of the far-reaching depoliticization of compliance and enforcement.;0
h-tk-20172018-35-7;Mevrouw Agnes Mulder;CDA;"Ja, voorzitter, en er komt er ook een van mij bij. Daar begin ik maar direct mee en dan licht ik haar daarna even toe.
De Kamer,
gehoord de beraadslaging,
overwegende dat de regeling verlaagd tarief bij collectieve opwek erg complex blijft;
overwegende dat de energietransitie draagvlak nodig heeft en projecten van inwoners van onderop voor draagvlak zorgen voor de transitie naar een duurzame energievoorziening;
overwegende dat een vergoeding voor het leveren van duurzame, collectief opgewekte energie eenvoudiger kan dan een fiscale prikkel;
verzoekt de regering een aparte regeling voor energiecoöperaties zon-PV op te nemen in de SDE+-regeling, zoals er aparte regelingen zijn voor wind-op-zee-projecten en biomestvergisters,
en gaat over tot de orde van de dag.
Deze motie is voorgesteld door de leden Agnes Mulder, Dik-Faber en Jetten. Naar mij blijkt, wordt de indiening ervan voldoende ondersteund.
Zij krijgt nr.";2017-2018;14-12-2017;tk;handelingen;7 Begroting EZK/LNV 2018 (deel Economie en Klimaat);https://zoek.officielebekendmakingen.nl/h-tk-20172018-35-7.html;https://zoek.officielebekendmakingen.nl/h-tk-20172018-35-7.xml;nr. 35, item 7;agnes mulder;"Yes, Chairman, and there will also be one from me. I'll start with that right away and then I'll explain it briefly afterwards.
The Chamber,
after hearing the deliberation,
whereas the reduced rate scheme for collective generation remains very complex;
whereas the energy transition needs support and projects from residents at the bottom provide support for the transition to a sustainable energy supply;
whereas compensation for the supply of sustainable, collectively generated energy can be simpler than a tax incentive;
calls on the government to include a separate scheme for solar PV energy cooperatives in the SDE+ scheme, just as there are separate schemes for offshore wind projects and biomanure digesters,
and goes about the order of the day.
This motion was proposed by members Agnes Mulder, Dik-Faber and Jetten. It appears to me that its submission is sufficiently supported.
She gets no.";0
h-tk-20172018-102-6;Mevrouw Leijten;SP;Met vier coalitiepartijen vind ik dat echt veel te weinig.;2017-2018;4-7-2018;tk;handelingen;6 Voorjaarsnota 2018;https://zoek.officielebekendmakingen.nl/h-tk-20172018-102-6.html;https://zoek.officielebekendmakingen.nl/h-tk-20172018-102-6.xml;nr. 102, item 6;leijten;With four coalition parties, I think that is far too little.;0
h-tk-20172018-56-6-n1;De heer Van Rooijen;50PLUS;Er is maar één fiscaal veto. Bij alle fiscale zaken in Europa kan ieder land, ook Nederland, een veto geven. Waarschijnlijk is dat het laatste veto dat zou sneuvelen. U zegt dat er minder veto's moeten komen, maar sluit u uit dat daar het fiscale veto bij in het geding kan komen?;2017-2018;22-2-2018;tk;handelingen;6 Informele Europese top;https://zoek.officielebekendmakingen.nl/h-tk-20172018-56-6-n1.html;https://zoek.officielebekendmakingen.nl/h-tk-20172018-56-6-n1.xml;nr. 56, item 6;van van rooijen;There is only one fiscal veto. Any country, including the Netherlands, can veto all tax matters in Europe. That is probably the last veto that would fall. You say that there should be fewer vetoes, but do you rule out that the tax veto could be at stake?;0
h-tk-20172018-62-4;De heer Geurts;CDA;Ik ben blijkbaar veel te duidelijk voor GroenLinks. Of de GroenLinksfractie dacht: de heer Geurts gaat dit en dit zeggen. Ik heb alle vertrouwen in de minister. Als u dat antwoord wilt horen: ik heb alle vertrouwen in de minister.;2017-2018;15-3-2018;tk;handelingen;4 Fraude bij de registratie van rundvee;https://zoek.officielebekendmakingen.nl/h-tk-20172018-62-4.html;https://zoek.officielebekendmakingen.nl/h-tk-20172018-62-4.xml;nr. 62, item 4;geurts;Apparently I am far too clear for GroenLinks. Or the GroenLinks faction thought: Mr Geurts is going to say this and this. I have every confidence in the minister. If you want to hear that answer: I have every confidence in the minister.;1
h-tk-20172018-97-7;De heer Nijboer;PvdA;De Belastingdienst heeft eigenlijk geld over, daarom is het geld geen probleem. Want de Investeringsagenda loopt achter op schema. De staatssecretaris zou kunnen overwegen om een deel van die middelen — het gaat echt om honderden miljoenen die nog niet geïnvesteerd zijn — te gebruiken om minder mensen te laten uitstromen. Dus als ik het nou als volgt invul, want het budget is er en dat is dus geen probleem. Is dat niet een route die we zouden kunnen bewandelen, om te voorkomen dat mensen onnodig worden ontslagen? Ik voel dat de staatssecretaris ook eigenlijk vindt dat dit steun verdient.;2017-2018;21-6-2018;tk;handelingen;7 Problemen bij innen belastingen;https://zoek.officielebekendmakingen.nl/h-tk-20172018-97-7.html;https://zoek.officielebekendmakingen.nl/h-tk-20172018-97-7.xml;nr. 97, item 7;nijboer;The tax authorities actually have money left over, so money is not a problem. Because the Investment Agenda is behind schedule. The State Secretary could consider using some of those resources - it really concerns hundreds of millions that have not yet been invested - to allow fewer people to leave. So if I fill it in as follows, because the budget is there and that is no problem. Isn't that a route we could take, to prevent people from being fired unnecessarily? I feel that the State Secretary actually believes that this deserves support.;0
h-tk-20172018-12-3;De heer Klaver;GroenLinks;Ik snap de rolverwarring, maar u staat daar als fractievoorzitter, en dat is ook hoe ik ernaar vraag. Zou u als fractievoorzitter van de VVD zo'n verzoek kunnen steunen?;2017-2018;12-10-2017;tk;handelingen;3 Eindverslag van de informateur;https://zoek.officielebekendmakingen.nl/h-tk-20172018-12-3.html;https://zoek.officielebekendmakingen.nl/h-tk-20172018-12-3.xml;nr. 12, item 3;klaver;I understand the role confusion, but you are standing there as party leader, and that is also how I ask about it. As leader of the VVD, could you support such a request?;0
h-tk-20172018-37-10;De heer Ten Broeke;VVD;Wat betreft de openheid die door Karabulut hier naar voren wordt gebracht: ik bepleitte al maximale openheid nog voordat zij woordvoerder werd. Daardoor voel ik me dus niet aangesproken. We sturen vanavond geen coalitie weg, we sturen Nederlandse F-16-vliegers weg. Nederlandse F-16-vliegers, zo hebben wij in al die debatten, al die onderdelen van de debatten, kunnen leren, doen dit heel zorgvuldig. Ik had de hoop dat die conclusie in ieder geval vanavond ook door u getrokken zou kunnen worden. Als u die conclusie trekt, maakt u een verschil tussen het coalitieoptreden en het Nederlandse optreden, want het Nederlandse staat er borg voor dat de grootste mate van zorgvuldigheid wordt betracht. Ik vind het jammer dat u dat niet kunt erkennen.;2017-2018;20-12-2017;tk;handelingen;10 Verlenging Nederlandse bijdrage strijd tegen ISIS;https://zoek.officielebekendmakingen.nl/h-tk-20172018-37-10.html;https://zoek.officielebekendmakingen.nl/h-tk-20172018-37-10.xml;nr. 37, item 10;ten broeke;As for the openness expressed here by Karabulut: I was already advocating maximum openness before she became spokesperson. That's why I don't feel addressed. We are not sending away a coalition tonight, we are sending away Dutch F-16 pilots. Dutch F-16 pilots, as we have learned in all those debates, all those parts of the debates, do this very carefully. I hoped that you could also draw that conclusion this evening, at least. If you draw that conclusion, you make a difference between coalition action and Dutch action, because the Dutch guarantee that the greatest degree of care is exercised. I'm sorry you can't acknowledge that.;0
h-tk-20172018-93-9;Minister Bruins;VVD;Jawel. Er gaat wel gehandhaafd worden. Nogmaals, ik denk dat het niet zover komt, want als 1 juli 2 juli wordt is er geen man overboord. Maar mochten partijen zich niet kunnen vinden in dat addendum, dan ben ik niet voornemens om de inspectie de handen op de rug te binden per 1 juli. De IC-richtlijn is al twee jaar geleden afgesproken. Dus het moet wel een keer beginnen.;2017-2018;13-6-2018;tk;handelingen;9 Positie van regionale ziekenhuizen;https://zoek.officielebekendmakingen.nl/h-tk-20172018-93-9.html;https://zoek.officielebekendmakingen.nl/h-tk-20172018-93-9.xml;nr. 93, item 9;bruins;Yes. It will be enforced. Again, I don't think it will come to that, because if July 1 becomes July 2, no one will be left over. But if the parties do not agree with that addendum, then I do not intend to tie the inspectorate's hands behind its back as of July 1. The IC guideline was agreed two years ago. So it has to start at some point.;0
h-tk-20172018-104-8;De heer Omtzigt;CDA;Misschien ter toelichting, het is een heel principieel punt. We hebben ook bij de erf- en schenkbelasting gehad dat we de stukken niet hadden en twee weken later hoorden dat er stukken waren.;2017-2018;4-9-2018;tk;handelingen;8 Regeling van werkzaamheden;https://zoek.officielebekendmakingen.nl/h-tk-20172018-104-8.html;https://zoek.officielebekendmakingen.nl/h-tk-20172018-104-8.xml;nr. 104, item 8;omtzigt;Perhaps by way of explanation, it is a very principled point. We also had the inheritance and gift tax claim that we did not have the documents and two weeks later we heard that there were documents.;0
h-tk-20172018-99-10;De heer Markuszower;PVV;"Dank u wel, voorzitter. Het is op zich een treurige conclusie van dit debat. Een levensgevaarlijke imam bedreigt vele Nederlanders, onder wie de burgemeester van Rotterdam, en hij roept al jarenlang, ook onlangs, op tot geweld waar meerdere mensen, dus niet één persoon, het slachtoffer van kunnen worden en misschien al zijn. Maar wat doet deze minister? Hij pakt niet de imam aan, maar opent frontaal de aanval op de vrijheid van meningsuiting. De minister zou natuurlijk gewoon alsnog het OM kunnen en moeten instrueren om deze gevaarlijke imam, Fawaz Jneid, te vervolgen wegens het openlijk oproepen tot geweld. Daarom dien ik samen met de heer Geert Wilders de volgende motie in.
De Kamer,
gehoord de beraadslaging,
constaterende dat in DTN 47 van maart 2018 staat dat imam Fawaz Jneid de Rotterdamse burgemeester Aboutaleb als afvallige moslim heeft gekwalificeerd,
overwegende dat op afvalligheid in de islam de doodstraf staat;
constaterende dat imam Fawaz Jneid door het tot afvallige verklaren van burgemeester Aboutaleb de facto oproept hem te vermoorden en dus aanzet tot geweld;
constaterende dat het aanzetten tot geweld strafbaar is en vervolgd dient te worden;
verzoekt de minister van Justitie en Veiligheid het Openbaar Ministerie een aanwijzing te geven om tot vervolging van imam Fawaz Jneid over te gaan,
en gaat over tot de orde van de dag.
Deze motie is voorgesteld door de leden Markuszower en Wilders. Naar mij blijkt, wordt de indiening ervan voldoende ondersteund.
Zij krijgt nr.";2017-2018;27-6-2018;tk;handelingen;10 Maatregelen tegen haatimam die burgemeester Rotterdam bedreigt;https://zoek.officielebekendmakingen.nl/h-tk-20172018-99-10.html;https://zoek.officielebekendmakingen.nl/h-tk-20172018-99-10.xml;nr. 99, item 10;markuszower;"Thank you, Chairman. It is in itself a sad conclusion to this debate. A life-threatening imam threatens many Dutch people, including the mayor of Rotterdam, and he has been calling for violence for years, including recently, of which several people, not just one person, could and perhaps already are. But what does this minister do? He does not attack the imam, but opens the attack on freedom of expression head-on. The minister could of course still instruct the Public Prosecution Service to prosecute this dangerous imam, Fawaz Jneid, for openly calling for violence. That is why I am submitting the following motion together with Mr Geert Wilders.
The Chamber,
after hearing the deliberation,
noting that DTN 47 of March 2018 states that Imam Fawaz Jneid has qualified Rotterdam mayor Aboutaleb as an apostate Muslim,
whereas apostasy is punishable by death in Islam;
noting that by declaring Mayor Aboutaleb an apostate, Imam Fawaz Jneid is de facto calling for his murder and thus inciting violence;
noting that incitement to violence is punishable and must be prosecuted;
requests the Minister of Justice and Security to instruct the Public Prosecution Service to prosecute Imam Fawaz Jneid,
and goes about the order of the day.
This motion was proposed by members Markuszower and Wilders. It appears to me that its submission is sufficiently supported.
She gets no.";0
h-tk-20172018-3-12;De heer De Groot;D66;Je moet het hele plaatje bekijken. Je kunt niet heel snel naar minder dieren toeredeneren. Het kan natuurlijk zo zijn dat je uiteindelijk uitkomt op een verdienmodel waarin je met minder productie meer kunt gaan verdienen. Ik zal een voorbeeld geven. Als je de hele melkveehouderij in Nederland — het gaat dan om ongeveer 14 miljard kilo melk — alleen op gras en restproducten uit de levensmiddelenindustrie zet, dan heb je ongeveer 3 miljard kilo minder melk. Dat betekent niet automatisch minder dieren. Want stel dat die 3 miljard kilo minder melk nu net de hoeveelheid is die in slechte jaren op de wereldmarkt moet worden afgezet met verlies, met als gevolg dat de gemiddelde prijs voor boeren dan weer lager is. Daarover gaat het natuurlijk. Je moet naar het hele verdienmodel kijken. Je moet ook kijken naar de vraag of je met dat voerspoor aan duurzamer voer kan komen en of je dan inderdaad minder granen kan gaan voeren. Dus ja, het kan zijn dat je minder dieren gaat hebben, maar dat hoeft niet. Wel gaat je footprint omlaag en daar is het uiteindelijk om te doen. Voor D66 is het hebben van minder dieren niet per se de oplossing waarmee je begint.;2017-2018;21-9-2017;tk;handelingen;12 Nederlandse veestapel en de doelstellingen van het klimaatakkoord;https://zoek.officielebekendmakingen.nl/h-tk-20172018-3-12.html;https://zoek.officielebekendmakingen.nl/h-tk-20172018-3-12.xml;nr. 3, item 12;de de groot;You have to look at the whole picture. You cannot quickly rationalize towards fewer animals. It may of course be the case that you ultimately end up with a revenue model in which you can earn more with less production. I'll give an example. If you put the entire dairy farming industry in the Netherlands - which amounts to approximately 14 billion kilos of milk - solely on grass and residual products from the food industry, you would have approximately 3 billion kilos less milk. That does not automatically mean fewer animals. Because suppose that 3 billion kilos less milk is precisely the amount that has to be sold on the world market at a loss in bad years, with the result that the average price for farmers is lower. That's what it's about, of course. You have to look at the entire revenue model. You also have to look at the question of whether you can get more sustainable feed with that feed track and whether you can indeed feed less grains. So yes, you may have fewer animals, but that is not necessary. Your footprint will decrease and that is ultimately what it is all about. For D66, having fewer animals is not necessarily the solution you start with.;0
h-tk-20172018-83-26;Staatssecretaris Van Ark;VVD;Voorzitter, misschien toch even over dat actieplan. Ik heb heel duidelijk opgeschreven: de heer Van Weyenberg zegt dat hij een concreet, stevig actieplan wil en dat de acties natuurlijk nog wel uitgewerkt moeten worden, maar dat zijn verwachtingen hooggespannen zijn. Ik kan in ieder geval aangeven dat ik die boodschap luid en duidelijk heb gehoord. Wat betreft zijn specifieke vraag deel ik wat mevrouw Özütok zei. Zij zei dat het ergste hieraan behalve de vraag zelf vooral het feit is dat mensen zeiden: het mag niet, maar ik zal u toch helpen. Dat maakt dat we hier echt met een diepgeworteld issue te maken hebben. Hoe kan de inspectie dan beter op de hoogte zijn? Wat mij betreft door samen te werken met de branche. Dat is ook door mensen te wijzen op de mogelijkheid die ze hebben om de inspectie te benaderen. Dat kan natuurlijk via een vakbond of een ondernemingsraad — dan moet de inspectie ook aan de slag met signalen — maar het is voor eenieder mogelijk om bij de inspectie aan te kaarten dat er een misstand vermoed wordt. Dan zal de inspectie ook naar bevind van zaken handelen.;2017-2018;22-5-2018;tk;handelingen;26 Discriminatie bij uitzendbureaus;https://zoek.officielebekendmakingen.nl/h-tk-20172018-83-26.html;https://zoek.officielebekendmakingen.nl/h-tk-20172018-83-26.xml;nr. 83, item 26;van van ark;Mr President, perhaps let's talk about that action plan. I have written down very clearly: Mr Van Weyenberg says that he wants a concrete, solid action plan and that the actions of course still have to be developed, but that his expectations are high. In any case, I can say that I heard that message loud and clear. Regarding his specific question, I share what Mrs Özütok said. She said that the worst thing about this, besides the question itself, is the fact that people said: it's not allowed, but I will help you anyway. That means that we are really dealing with a deep-rooted issue here. How can the inspectorate be better informed? As far as I'm concerned, by working together with the industry. This is also by pointing out to people the option they have to approach the inspection. This can of course be done through a trade union or a works council - then the inspectorate must also work on signals - but it is possible for anyone to report to the inspectorate that an abuse is suspected. The inspectorate will then also act according to the findings.;0
h-tk-20172018-66-13;De heer Koerhuis;VVD;"Voorzitter. Een goede en betrouwbare huurruimte is ook voor studenten belangrijk. Het grootste deel van huurders en verhuurders gaat gewoon goed met elkaar om, maar zodra verhuurders huurders intimideren of discrimineren, vervallen panden bewust niet herstellen of zich op een andere manier niet aan de regels houden, vindt de VVD dat dat keihard aangepakt moet worden.
We hebben er de afgelopen jaren voor gezorgd dat gemeenten meer instrumenten hebben gekregen om malafide pandeigenaren aan te pakken. Zo kunnen gemeenten boetes geven, panden sluiten en panden overnemen. Het is ook mogelijk om een beroepsverbod op te leggen. Kan de minister aangeven hoe vaak gemeenten deze instrumenten gebruiken? Uit een rapport van afgelopen najaar blijkt dat gemeenten landelijk in 2015 en 2016 maar twintig boetes hebben uitgedeeld. Gemeenten hebben één pand overgenomen en het is niet bekend of gemeenten überhaupt een beroepsverbod hebben aangevraagd. Is dit laatste wel bekend bij de minister? Waarom worden de instrumenten die gemeenten hebben niet of nauwelijks gebruikt? Graag een reactie van de minister hierop. Wat gaat zij hieraan doen?
Ik krijg signalen dat boetes door foute verhuurders soms ingecalculeerd worden, zodat je niet aan de regels houden alsnog loont. Dankzij de VVD en D66 komt er een strengere aanpak. Hiermee gaan verhuurders die vaker de fout in gaan, bij de Huurcommissie eerder, langer en meer betalen. Welke andere instrumenten ziet de minister nog om foute verhuurders aan te pakken, zoals snelrecht, hogere boetes en eventueel economische delicten? Graag een reactie van de minister op deze drie voorstellen.
Als je nu een sociale huurwoning van een paar honderd euro in Amsterdam of Utrecht illegaal onderverhuurt in bijvoorbeeld vier kamers, dan kun je daar zo €2.000 voor krijgen, terwijl de maximale boete nu nog maar €20.000 bedraagt. Daarom stelt de VVD vandaag samen met de SP voor om die winsten gewoon af te pakken. Dat kan als we hier een economisch delict van gaan maken.
Voorzitter. Dan iets waar we het hier in de Kamer al vaak over gehad hebben. Er zijn verhuurmakelaars en websites die soms ten onrechte bemiddelingskosten in rekening brengen bij huurders. Daar is ook een Kamerbrede motie over aangenomen, ingediend door mijn collega Kops. Het is dus duidelijk dat dat niet mag, maar toch krijg ik steeds maar weer signalen dat verhuurmakelaars nog altijd bemiddelingskosten in rekening brengen bij huurders. Er zijn nu online standaardsommatiebrieven en -dagvaardingen te vinden, waarmee je het bedrag kan terugvorderen. Waarom gebeurt dit niet genoeg? Wat voor drempels ervaren studenten hier? Graag een uitgebreide reactie van de minister hierop.";2017-2018;28-3-2018;tk;handelingen;13 Brandbrief over huisjesmelkers;https://zoek.officielebekendmakingen.nl/h-tk-20172018-66-13.html;https://zoek.officielebekendmakingen.nl/h-tk-20172018-66-13.xml;nr. 66, item 13;koerhuis;"Chair. Good and reliable rental space is also important for students. The majority of tenants and landlords get along well with each other, but as soon as landlords intimidate or discriminate against tenants, consciously do not repair dilapidated buildings or otherwise do not comply with the rules, the VVD believes that this must be tackled head on.
In recent years, we have ensured that municipalities have more tools to tackle rogue property owners. For example, municipalities can issue fines, close buildings and take over properties. It is also possible to impose a professional ban. Can the minister indicate how often municipalities use these instruments? A report from last autumn shows that municipalities issued only twenty fines nationally in 2015 and 2016. Municipalities have taken over one building and it is not known whether municipalities have applied for a professional ban at all. Is the latter known to the minister? Why are the instruments that municipalities have not or hardly used? I would like a response from the minister on this. What is she going to do about this?
I receive signals that fines are sometimes charged by bad landlords, so that not adhering to the rules still pays off. Thanks to the VVD and D66, a stricter approach is being taken. This means that landlords who make mistakes more often will pay the Rent Assessment Board earlier, longer and more. What other instruments does the minister see to tackle bad landlords, such as summary justice, higher fines and possibly economic crimes? I would like a response from the minister on these three proposals.
If you now illegally sublet a social rental home worth a few hundred euros in Amsterdam or Utrecht into, for example, four rooms, you can get €2,000 for it, while the maximum fine is now only €20,000. That is why the VVD and the SP are today proposing to simply take away those profits. That is possible if we turn this into an economic crime.
Chair. Then something that we have often discussed here in the House. There are rental agents and websites that sometimes incorrectly charge tenants for mediation costs. A House-wide motion was also adopted about this, submitted by my colleague Kops. So it is clear that this is not allowed, but I keep receiving signals that rental agents still charge agency fees to tenants. Standard demand letters and summons can now be found online, with which you can reclaim the amount. Why doesn't this happen enough? What kind of barriers do students experience here? I would like a detailed response from the minister on this.";0
h-tk-20182019-99-12;Mevrouw Van den Hul;PvdA;Datzelfde geldt voor ons. Van harte steun.;2018-2019;27-6-2019;tk;handelingen;12 Regeling van werkzaamheden;https://zoek.officielebekendmakingen.nl/h-tk-20182019-99-12.html;https://zoek.officielebekendmakingen.nl/h-tk-20182019-99-12.xml;nr. 99, item 12;van den van den hul;The same applies to us. Wholehearted support.;0
h-tk-20182019-7-26;De heer Van Ojik;GroenLinks;"De minister zei: ik ga in mijn laatste blokje vooruitkijken; dan ga ik zeggen wat we dan wél gaan doen. Ik hoor nu alleen maar dat we niets meer gaan doen en dat we in de toekomst beter gaan selecteren en beter gaan monitoren. Dat is allemaal belangrijk. Dat vind ik ook belangrijk, maar mijn vraag is: wat gaan we doen om organisaties die nog steeds aan de goede kant staan in Syrië, niet in de steek te laten?";2018-2019;2-10-2018;tk;handelingen;26 Nederlandse steun aan de gewapende oppositie in Syrië;https://zoek.officielebekendmakingen.nl/h-tk-20182019-7-26.html;https://zoek.officielebekendmakingen.nl/h-tk-20182019-7-26.xml;nr. 7, item 26;van van ojik;"The minister said: I am going to look ahead in my last block; then I will tell you what we are going to do. All I hear now is that we are not going to do anything anymore and that we will select better and monitor better in the future. That's all important. I think that is important too, but my question is: what are we going to do so that we do not abandon organizations that are still on the right side in Syria?";0
h-tk-20182019-18-10;Minister Schouten;CU;"Volgens mij heb ik net geprobeerd te schetsen hoe wij dat traject ingaan. Ik ben het met de heer Moorlag eens dat het meer is dan even een paar wetten en regels veranderen. Er is jarenlang op een bepaalde manier heel goed doorgedacht over het vraagstuk hoe we onze landbouw vormgeven en we moeten ook nieuwe antwoorden zoeken op nieuwe vragen. Dat moet op veel terreinen gebeuren, bijvoorbeeld onderwijs, dat daar een onderdeel van is.
Ik zie dat er in dit proces al wel het een en ander gebeurt. Ik heb de laatste weken behoorlijk veel discussies met allerlei partijen over de betekenis van kringlooplandbouw: wat betekent dat voor mijn sector, wat betekent dat voor mijn bedrijf, hoe kan ik eraan bijdragen? Er komt ook veel energie vrij, merk ik. Ik heb ook aangegeven dat we nu met al die maatschappelijke partijen het traject aangaan om te komen tot afspraken en concrete resultaten en te bepalen wie daarbij wat gaat doen. Ik weet dat de heer Moorlag inderdaad vaak het woord ""landbouwakkoord"" in de mond neemt. Aan de ene kant vind ik dat bijna te groot, maar aan de andere kant vind ik het te beperkt, want daarbij zet je jezelf vast door een aantal afspraken waarmee alles moet gebeuren. Ik denk dat het verder ontwikkelen en doordenken van de kringlooplandbouw een proces is dat wij continu met elkaar doorlopen. Maar wij gaan dus met partijen afspraken maken. Daar is de ambitie ook op gericht. Dat gaan we doen, ook voor de zomer van 2019, maar ondertussen pakken we gewoon continu alles op wat we al kunnen oppakken.";2018-2019;1-11-2018;tk;handelingen;10 Begroting Landbouw, Natuur en Voedselkwaliteit 2019;https://zoek.officielebekendmakingen.nl/h-tk-20182019-18-10.html;https://zoek.officielebekendmakingen.nl/h-tk-20182019-18-10.xml;nr. 18, item 10;schouten;"I think I have just tried to outline how we are going to embark on that process. I agree with Mr Moorlag that it is more than just changing a few laws and rules. For years, the issue of how we shape our agriculture has been carefully thought through in a certain way and we also have to look for new answers to new questions. This needs to happen in many areas, for example education, which is part of it.
I see that some things are already happening in this process. In recent weeks I have had quite a few discussions with all kinds of parties about the meaning of circular agriculture: what does that mean for my sector, what does that mean for my company, how can I contribute to it? I also notice that a lot of energy is released. I also indicated that we are now embarking on a process with all these social parties to arrive at agreements and concrete results and to determine who will do what. I know that Mr Moorlag indeed often uses the word ""agricultural agreement"". On the one hand I think that is almost too big, but on the other hand I think it is too limited, because you are binding yourself by a number of agreements with which everything has to be done. I think that further developing and thinking through circular agriculture is a process that we continuously go through together. But we are going to make agreements with the parties. That is also what the ambition is aimed at. We will do that, also for the summer of 2019, but in the meantime we will continue to pick up everything we can already pick up.";0
h-tk-20182019-51-4;De heer Kerstens;PvdA;"Voorzitter. Ik doe een beroep op uw vaak geroemde souplesse, want ik ga een motie voorlezen die anders voorgelezen zou zijn door mevrouw Karabulut.
De Kamer,
gehoord de beraadslaging,
constaterende dat sociale onveiligheid gedefinieerd wordt als het resultaat van ""interpersoonlijk gedrag in de werksfeer dat ongewenst is"";
van mening dat een structurele omslag noodzakelijk is waarbij over een lange termijn meerdere middelen moeten worden ingezet;
van mening dat een onafhankelijk meldpunt een noodzakelijke voorwaarde is om het vertrouwen van slachtoffers van sociale onveiligheid te helpen herstellen;
verzoekt de regering om voor een termijn van drie jaar een onafhankelijk meldpunt buiten de organisatie van het ministerie van Defensie te organiseren,
en gaat over tot de orde van de dag.
Deze motie is voorgesteld door de leden Kerstens en Karabulut. Naar mij blijkt, wordt de indiening ervan voldoende ondersteund.
Zij krijgt nr.";2018-2019;7-2-2019;tk;handelingen;4 Integrale aanpak veiligheid en integriteit;https://zoek.officielebekendmakingen.nl/h-tk-20182019-51-4.html;https://zoek.officielebekendmakingen.nl/h-tk-20182019-51-4.xml;nr. 51, item 4;kerstens;"Chair. I appeal to your much-vaunted flexibility, because I am going to read a motion that would otherwise have been read by Mrs Karabulut.
The Chamber,
after hearing the deliberation,
noting that social insecurity is defined as the result of ""interpersonal behavior in the working environment that is undesirable"";
believes that a structural change is necessary in which multiple resources must be deployed over the long term;
believes that an independent reporting point is a necessary condition to help restore the confidence of victims of social insecurity;
calls on the government to organize an independent reporting point outside the organization of the Ministry of Defense for a period of three years,
and goes about the order of the day.
This motion was proposed by members Kerstens and Karabulut. It appears to me that its submission is sufficiently supported.
She gets no.";0
h-tk-20182019-32-4;De heer Wassenberg;PvdD;"Dank u wel, voorzitter. Ik heb vier moties.
De Kamer,
gehoord de beraadslaging,
constaterende dat honden die een rashondenshow winnen op grote schaal worden ingezet als fokdier, omdat fokkers bereid zijn om veel te betalen voor een dekking door zo'n winnaar;
constaterende dat rashondenshows zo bijdragen aan een toename van inteelt;
overwegende dat daardoor de genetische diversiteit van het betreffende ras afneemt en de kans op erfelijke ziekten en afwijkingen toeneemt;
verzoekt de regering om een einde te maken aan rashondenshows,
en gaat over tot de orde van de dag.
Deze motie is voorgesteld door het lid Wassenberg. Naar mij blijkt, wordt de indiening ervan voldoende ondersteund.
Zij krijgt nr.
De Kamer,
gehoord de beraadslaging,
constaterende dat huisdieren in een impuls gekocht kunnen worden, voordat de koper de bijkomende kosten en de verplichtingen met betrekking tot de zorg voor het dier heeft kunnen overzien;
overwegende dat dieren het voornaamste slachtoffer zijn van een impulsaankoop;
constaterende dat er een bedenktijd bestaat voor online aankopen, maar niet voor huisdieren;
constaterende dat 36 gemeenten hebben verzocht om een verplichte bedenktijd voor de aankoop van huisdieren;
verzoekt de regering om te onderzoeken of en hoe een verplichte bedenktijd voor de aanschaf van huisdieren bij kan dragen aan het terugdringen van het aantal impulsaankopen van dieren,
en gaat over tot de orde van de dag.
Deze motie is voorgesteld door het lid Wassenberg. Naar mij blijkt, wordt de indiening ervan voldoende ondersteund.
Zij krijgt nr.
De Kamer,
gehoord de beraadslaging,
constaterende dat een houder volgens de Wet dieren verplicht is om over voldoende kennis en vaardigheden te beschikken voor het houden van een dier;
constaterende dat het in de praktijk vaak aan die kennis ontbreekt;
constaterende dat veel gevallen van dierenverwaarlozing veroorzaakt worden door dit gebrek aan kennis;
overwegende dat door het volgen van een cursus zowel dierenleed voorkomen kan worden als abnormaal en ongewenst gedrag van dieren, en dat dit zo ook bijdraagt tot minder bijtincidenten;
verzoekt de regering om alle toekomstige eigenaren van honden verplicht een cursus te laten doen,
en gaat over tot de orde van de dag.
Deze motie is voorgesteld door het lid Wassenberg. Naar mij blijkt, wordt de indiening ervan voldoende ondersteund.
Zij krijgt nr.";2018-2019;5-12-2018;tk;handelingen;4 Dierenwelzijn;https://zoek.officielebekendmakingen.nl/h-tk-20182019-32-4.html;https://zoek.officielebekendmakingen.nl/h-tk-20182019-32-4.xml;nr. 32, item 4;wassenberg;"Thank you, Chairman. I have four motions.
The Chamber,
after hearing the deliberation,
noting that dogs that win a purebred dog show are widely used as breeding animals, because breeders are willing to pay a lot for mating by such a winner;
noting that purebred dog shows contribute to an increase in inbreeding;
whereas this reduces the genetic diversity of the breed in question and increases the risk of hereditary diseases and abnormalities;
calls on the government to put an end to purebred dog shows,
and goes about the order of the day.
This motion was proposed by Member Wassenberg. It appears to me that its submission is sufficiently supported.
She gets no.
The Chamber,
after hearing the deliberation,
noting that pets can be bought on impulse, before the buyer has been able to understand the additional costs and obligations relating to the care of the animal;
whereas animals are the main victims of impulse buying;
noting that there is a cooling-off period for online purchases, but not for pets;
noting that 36 municipalities have requested a mandatory reflection period for the purchase of pets;
Calls on the government to investigate whether and how a mandatory reflection period for the purchase of pets can contribute to reducing the number of impulse purchases of animals,
and goes about the order of the day.
This motion was proposed by Member Wassenberg. It appears to me that its submission is sufficiently supported.
She gets no.
The Chamber,
after hearing the deliberation,
noting that according to the Animals Act, a keeper is obliged to have sufficient knowledge and skills for keeping an animal;
noting that in practice this knowledge is often lacking;
noting that many cases of animal neglect are caused by this lack of knowledge;
whereas taking a course can prevent animal suffering as well as abnormal and undesirable behavior of animals, and that this also contributes to fewer biting incidents;
calls on the government to make all future dog owners obligatory to take a course,
and goes about the order of the day.
This motion was proposed by Member Wassenberg. It appears to me that its submission is sufficiently supported.
She gets no.";0
h-tk-20182019-22-5;Minister Schouten;CU;Dat laatste ben ik nou precies eens met diegene die dit stelt. Daarom gaan we ook inzetten op slimmere oplossingen. Als ik een voorbeeld mag noemen: ik had het net over het realtime volgen van de meststromen. Wij gaan erop inzetten om precies te kijken wat voor vervoer er is zodat we dat kunnen volgen. Op het moment dat daar een afwijking in lijkt te zijn, kun je heel gericht een toezichthouder daarnaartoe sturen. Dat is effectiever dan, zoals ik weleens heb gezegd, achter elke boom een inspecteur zetten. Want a zo veel inspecteurs gaan we nooit krijgen en b ben je dan heel ongericht aan het kijken waar het niet goed gaat. We zijn dus juist bezig met een heel gerichte inzet. We zijn ook bezig in een aantal gebieden om daar ook die samenwerking heel intensief vorm te geven. Dat is al gebeurd en is al gaande. Om bijvoorbeeld nog een indruk te geven: voor dit jaar heb ik 1,45 miljoen euro extra vrijgemaakt om bij te dragen aan die extra handhaving. Voor volgend jaar is dat 2,4 miljoen. Volgens mij gebeurt er al behoorlijk veel en zetten we precies in op allebei de sporen die het OM ook graag wil.;2018-2019;13-11-2018;tk;handelingen;5 Vragenuur: Vragen Bromet;https://zoek.officielebekendmakingen.nl/h-tk-20182019-22-5.html;https://zoek.officielebekendmakingen.nl/h-tk-20182019-22-5.xml;nr. 22, item 5;schouten;I exactly agree with the person who stated this. That is why we will also focus on smarter solutions. If I may give an example: I was just talking about real-time monitoring of manure flows. We will focus on looking exactly at what kind of transport there is so that we can monitor it. If there appears to be a deviation, you can send a supervisor there in a very targeted manner. That is more effective than, as I have sometimes said, putting an inspector behind every tree. Because a we will never have that many inspectors and b you will then be looking very unfocused to see where things are not going well. So we are working on a very targeted effort. We are also working in a number of areas to shape this collaboration very intensively. That has already happened and is already happening. For example, to give another impression: for this year I have freed up an extra 1.45 million euros to contribute to that extra enforcement. For next year that is 2.4 million. I think quite a lot is already happening and we are focusing on both of the tracks that the Public Prosecution Service would like.;0
h-tk-20182019-18-8;De heer Graus;PVV;Ik houd de motie aan.;2018-2019;1-11-2018;tk;handelingen;8 Paarden;https://zoek.officielebekendmakingen.nl/h-tk-20182019-18-8.html;https://zoek.officielebekendmakingen.nl/h-tk-20182019-18-8.xml;nr. 18, item 8;graus;I support the motion.;0
h-tk-20182019-58-27;Mevrouw Van Brenk;50PLUS;Voorzitter. Een heuglijke dag, want minister De Jonge heeft het licht gezien, hij vindt dat de marktwerking in de zorg is doorgeslagen. Wij zagen dit al veel eerder, maar wij juichen dit moment toe. Wij willen graag precies weten wat hij nou voor ogen heeft: is dat nou een inperking van de keuzevrijheid of terugdringing van de markt? Graag een brief en daarna een debat hierover met minister De Jonge.;2018-2019;5-3-2019;tk;handelingen;27 Regeling van werkzaamheden;https://zoek.officielebekendmakingen.nl/h-tk-20182019-58-27.html;https://zoek.officielebekendmakingen.nl/h-tk-20182019-58-27.xml;nr. 58, item 27;van van brenk;Chair. A memorable day, because Minister De Jonge has seen the light, he believes that market forces in healthcare have taken a turn. We saw this much earlier, but we welcome this moment. We would like to know exactly what he has in mind: is that a restriction of freedom of choice or a reduction of the market? I would like a letter and then a debate about this with Minister De Jonge.;1
h-tk-20182019-17-8;Mevrouw Lodders;VVD;"Ja, je kan het voor zijn. Preventie is altijd heel erg goed, dus daar zal je altijd op in moeten zetten. Ik denk dat de heer Graus net zo vaak als ik stallen bezoekt. Hij weet ook dat de rommel, het voer, voerresten en dergelijke ongedierte aantrekken. Op het moment dat ze er eenmaal zijn, moet je als boer wel de handvatten hebben om ze te kunnen bestrijden, want anders krijg je echt deze problemen.
Dan het tweede punt, het systeem waar de heer Graus wel vaker voor gepleit heeft. Volgens mij zijn er een aantal proefopstellingen geweest. Ik vind dat het echt aan de stalbouwers is om een proefopstelling neer te zetten. Overigens — dat debat hebben we ook vaker gehad — is het niet zo dat dieren wegvluchten van de vlammenzee. Ik heb zelf van wat dichterbij de ellende mee mogen maken dat dieren de vlammen in vluchtten. Dat hoeven we hier niet te bespreken, want dat is weer een heel ander onderwerp. Maar ook dat is dus niet zo eenvoudig, zeg ik tegen de heer Graus.";2018-2019;31-10-2018;tk;handelingen;8 Begroting Landbouw, Natuur en Voedselkwaliteit 2019;https://zoek.officielebekendmakingen.nl/h-tk-20182019-17-8.html;https://zoek.officielebekendmakingen.nl/h-tk-20182019-17-8.xml;nr. 17, item 8;lodders;"Yes, you can get ahead of it. Prevention is always very good, so you will always have to focus on it. I think Mr. Graus visits stables as often as I do. He also knows that the mess, food, leftovers and the like attract pests. Once they are there, as a farmer you must have the tools to combat them, otherwise you will really have these problems.
Then the second point, the system that Mr Graus has often advocated. I think there have been a number of test setups. I think it is really up to the stable builders to set up a test setup. By the way - we have had that debate before - it is not the case that animals flee from the sea of ​​flames. I have personally witnessed the misery of animals fleeing into the flames. We don't need to discuss that here, because that is a completely different topic. But that is not that simple either, I tell Mr Graus.";0
h-tk-20182019-8-7;Minister De Jonge;CDA;De motie op stuk nr. 267 verzoekt de regering de gemeenten volledig te compenseren voor de gederfde inkomsten die het gevolg zijn van de invoering van het abonnementstarief. Allereerst: laten we de discussies over het abonnementstarief hebben op het moment dat we het wetsvoorstel aan uw Kamer hebben doen toekomen. Laat ik zeggen dat er inmiddels drie of vier moties zijn ingediend die raken aan het abonnementstarief. Dat zie ik als een aanmoediging om dat wetsvoorstel ook niet te lang op zich te laten wachten maar daar spoedig mee te komen. Dan kunnen we dat debat snel hebben. De moties die daarover vandaag zijn ingediend, zijn in zekere zin ontijdig en zal ik allemaal ontraden. In deze motie zit ook inhoudelijk iets bijzonders. Er wordt namelijk in gevraagd om de gederfde inkomsten te compenseren. Dat doen we, meer dan dat. Het gaat niet zozeer over de gederfde inkomsten, het gaat over een potentieel gedragseffect dat daar nog bovenop komt. Ook daarover hebben we het gesprek met gemeenten gevoerd. Boven op het accres worden ze daar dus voor gecompenseerd. De gederfde inkomsten zullen naar schatting van het CPB zo'n 120 miljoen zijn. Daar wordt 145 miljoen aan toegevoegd, dus meer. Wat hier wordt gevraagd doen we al. Ik denk dat u iets anders bedoelt. Zekerheidshalve, ook omdat de motie ontijdig is, ontraad ik haar.;2018-2019;3-10-2018;tk;handelingen;7 Wmo;https://zoek.officielebekendmakingen.nl/h-tk-20182019-8-7.html;https://zoek.officielebekendmakingen.nl/h-tk-20182019-8-7.xml;nr. 8, item 7;de de jonge;The motion on document no. 267 requests the government to fully compensate the municipalities for the lost income resulting from the introduction of the subscription rate. First of all: let us have discussions about the subscription rate when we have submitted the bill to your House. Let me say that three or four motions have now been submitted that affect the subscription rate. I see that as an encouragement not to wait too long for this bill, but to introduce it quickly. Then we can have that debate quickly. The motions submitted on this matter today are in a sense untimely and I will advise against them all. There is also something special in this motion. It asks for compensation for lost income. We do that, more than that. It's not so much about the lost income, it's about a potential behavioral effect on top of that. We have also discussed this with municipalities. They are therefore compensated for this on top of the increase. The CPB estimates that the lost income will be around 120 million. 145 million will be added to this, so more. We already do what is asked here. I think you mean something different. To be on the safe side, also because the motion is untimely, I advise against it.;0
h-tk-20182019-49-14;Mevrouw Bergkamp;D66;Voorzitter, ik sluit me aan bij de woorden van mevrouw Agema.;2018-2019;5-2-2019;tk;handelingen;14 Regeling van werkzaamheden;https://zoek.officielebekendmakingen.nl/h-tk-20182019-49-14.html;https://zoek.officielebekendmakingen.nl/h-tk-20182019-49-14.xml;nr. 49, item 14;bergkamp;Mr President, I agree with Mrs Agema's words.;0
h-tk-20182019-30-8;Mevrouw Diks;GroenLinks;"Ja, ik dacht ook dat ik er nog één had!
Ik heb al meermaals mijn zorgen geuit over het handelen van de Nederlandse ambassades in het kader van imvo. De interruptie net met mevrouw Van den Hul ging daar eigenlijk ook voor een deel over. We hebben natuurlijk even een beetje gezocht naar hoe die ambassades eigenlijk geïnstrueerd worden. Dat hebben we even opgezocht, en ik heb hier de richtlijn. Het is in feite een A4'tje, maar thuis noem ik dit gewoon een half A4'tje. En als er zo'n dunne richtlijn is, begrijp ik wel dat veel ambassades een eigen invulling kiezen. En ik zeg het een beetje grappend, maar ik bedoel het eigenlijk best wel een beetje chagrijnig.
We hebben hier namelijk al meermaals het gesprek over gevoerd, bijvoorbeeld over hoe de Nederlandse ambassade in Brazilië zich opstelt. Daar mag u natuurlijk als minister een andere opvatting over hebben, maar het is in ieder geval duidelijk dat de Nederlandse ambassade daar bedrijven ondersteunt die dingen doen waarvan ik zeker weet dat de minister er niet vrolijk van wordt, en wij in ieder geval niet. Daar gebeuren echt nare dingen, die wij als Nederland in ieder geval niet tegenwerken. En ik begrijp dat, want in de richtlijn wordt alleen maar aangegeven wat er zou kúnnen. In de richtlijn wordt helemaal niet aangegeven wat er bij ambassades eigenlijk níét zou moeten kunnen. En ik zou willen vragen: bent u bereid om daar een iets uitgebreidere richtlijn voor te schrijven?";2018-2019;29-11-2018;tk;handelingen;8 Begroting Buitenlandse Handel en Ontwikkelingssamenwerking;https://zoek.officielebekendmakingen.nl/h-tk-20182019-30-8.html;https://zoek.officielebekendmakingen.nl/h-tk-20182019-30-8.xml;nr. 30, item 8;diks;"Yep, I thought I had one too!
I have already expressed my concerns several times about the actions of the Dutch embassies in the context of IMVO. The interruption just now with Mrs. Van den Hul was actually partly about that. Of course, we did some searching to find out how those embassies are actually instructed. We looked that up, and I have the guideline here. It is in fact an A4 sheet, but at home I just call it half an A4 sheet. And if there is such a thin guideline, I understand that many embassies choose their own interpretation. And I say it a bit jokingly, but I actually mean it quite grumpily.
We have already had discussions about this several times, for example about the position of the Dutch embassy in Brazil. You, as a minister, may of course have a different view on this, but in any case it is clear that the Dutch embassy there supports companies that do things that I am sure will not make the minister happy, and certainly not us. Really bad things happen there, which we in the Netherlands certainly do not oppose. And I understand that, because the directive only indicates what could be done. The guideline does not indicate at all what should not actually be possible at embassies. And I would like to ask: are you prepared to write a slightly more extensive guideline for this?";0
h-tk-20182019-89-8;De heer Kuzu;DENK;Dat is oktober? Als we voor oktober een brief krijgen, dan kan ik de motie aanhouden.;2018-2019;5-6-2019;tk;handelingen;8 Studeren met een functiebeperking in mbo en h.o.;https://zoek.officielebekendmakingen.nl/h-tk-20182019-89-8.html;https://zoek.officielebekendmakingen.nl/h-tk-20182019-89-8.xml;nr. 89, item 8;kuzu;That's October? If we receive a letter before October, I can defer the motion.;0
h-tk-20182019-97-37;De heer De Graaf;PVV;"Ik houd het echt heel kort, voorzitter. Om het probleem met Ede op te lossen en om heel snel een voorbeeld te stellen, dien ik de volgende motie in.
De Kamer,
gehoord de beraadslaging,
verzoekt de regering de jihadgrootouders uit Ede en hun kleinkinderen te denaturaliseren en uit te zetten,
en gaat over tot de orde van de dag.
Deze motie is voorgesteld door het lid De Graaf. Naar mij blijkt, wordt de indiening ervan voldoende ondersteund.
Zij krijgt nr.";2018-2019;25-6-2019;tk;handelingen;37 Problematiek rondom de terugkeer van jihadi's;https://zoek.officielebekendmakingen.nl/h-tk-20182019-97-37.html;https://zoek.officielebekendmakingen.nl/h-tk-20182019-97-37.xml;nr. 97, item 37;de de graaf;"I'll keep it really short, Chairman. To solve the problem with Ede and to set an example very quickly, I am submitting the following motion.
The Chamber,
after hearing the deliberation,
calls on the government to denaturalize and deport the jihadi grandparents from Ede and their grandchildren,
and goes about the order of the day.
This motion was proposed by member De Graaf. It appears to me that its submission is sufficiently supported.
She gets no.";0
h-tk-20182019-108-10;De heer Rudmer Heerema;VVD;"Voorzitter. Dank voor de uitgebreide beantwoording waaruit we onze antwoorden hebben kunnen destilleren. Dat is fijn. Dank ook voor het positieve oordeel over het amendement en dat de minister met ons deelt dat een school die onvoldoende scoort, geen nevenvestiging mag openen. Laat ze eerst maar hun energie stoppen in de hoofdvestiging.
Voorzitter. We hebben geluisterd naar het antwoord op de buitenlandse initiatiefnemers in Nederland. Daar heb ik samen met mijn collega Rog een motie over en die luidt als volgt.
De Kamer,
gehoord de beraadslaging,
overwegende dat het onderwijsaanbod op elke school dient bij te dragen aan de basiswaarden van de democratische rechtsstaat;
verzoekt de regering te borgen dat ook buitenlandse initiatiefnemers die in Nederland een nieuwe school of een nieuwe dependance willen openen, vooraf worden getoetst op hun plan hoe zij het burgerschapsonderwijs willen vormgeven,
en gaat over tot de orde van de dag.
Deze motie is voorgesteld door de leden Rudmer Heerema en Rog. Naar mij blijkt, wordt de indiening ervan voldoende ondersteund.
Zij krijgt nr.";2018-2019;12-9-2019;tk;handelingen;10 Meer ruimte voor nieuwe scholen;https://zoek.officielebekendmakingen.nl/h-tk-20182019-108-10.html;https://zoek.officielebekendmakingen.nl/h-tk-20182019-108-10.xml;nr. 108, item 10;rudmer heerema;"Chair. Thank you for the detailed answer from which we were able to distill our answers. That's nice. Thank you also for the positive assessment of the amendment and that the minister shares with us that a school with an insufficient score may not open a branch. Let them first put their energy into the head office.
Chair. We listened to the response to the foreign initiators in the Netherlands. Together with my colleague Rog, I have a motion about this and it reads as follows.
The Chamber,
after hearing the deliberation,
whereas the educational offering at every school should contribute to the basic values ​​of the democratic constitutional state;
Calls on the government to ensure that foreign initiators who want to open a new school or a new branch in the Netherlands are also assessed in advance on their plan for how they want to shape citizenship education,
and goes about the order of the day.
This motion was proposed by members Rudmer Heerema and Rog. It appears to me that its submission is sufficiently supported.
She gets no.";0
h-tk-20182019-41-6;Mevrouw Yeşilgöz-Zegerius;VVD;Ik kom nog heel even op terug op die 17.500 schades die bij de Tijdelijke Commissie Mijnbouwschade liggen. Ik heb daar zojuist ook over gesproken in mijn inbreng. Ik hoor de minister zeggen dat hij de aannemersvariant haalbaar en interessant vindt om verder te ontwikkelen. Nu wil ik eigenlijk weten wat dat nu concreet betekent. Dat betekent dus dat mensen die een schade hebben gemeld, tot een bepaald bedrag, zelf een erkende aannemer kunnen inschakelen, het kunnen laten fixen en niet eens de rekening zelf hoeven af te handelen, en dat het zo gewoon is geregeld. Begrijp ik goed dat dat de aannemersvariant is van al die 17.500 schades?;2018-2019;16-1-2019;tk;handelingen;6 Afhandeling schade en versterkingsoperatie Groningen vanwege gaswinning;https://zoek.officielebekendmakingen.nl/h-tk-20182019-41-6.html;https://zoek.officielebekendmakingen.nl/h-tk-20182019-41-6.xml;nr. 41, item 6;yeşilgöz-zegerius;I will briefly return to those 17,500 claims that are before the Temporary Mining Damage Committee. I just talked about that in my contribution. I hear the minister say that he finds the contractor variant feasible and interesting to further develop. Now I actually want to know what that actually means. This means that people who have reported damage, up to a certain amount, can call in a recognized contractor themselves, have it fixed and do not even have to settle the bill themselves, and that it is simply arranged. Do I understand correctly that this is the contractor's version of all those 17,500 damages?;0
h-tk-20182019-104-8;Minister Koolmees;D66;Ik heb net al toegezegd dat ik de VNG dat graag wil vragen, maar dat gaat natuurlijk via de staatssecretaris, want de staatssecretaris is natuurlijk beleidsverantwoordelijke voor de bijstandswet, de Participatiewet. Ik vind het een terechte vraag en ik wil dit dus ook gewoon toezeggen. Dat zal inderdaad gaan via een brief van de staatssecretaris aan uw Kamer, omdat de staatssecretaris daarvoor verantwoordelijk is. Maar uiteindelijk zijn we natuurlijk samen verantwoordelijk voor de uitvoering, hè.;2018-2019;4-9-2019;tk;handelingen;8 Ten onrechte verstrekte uitkeringen aan gevangenen;https://zoek.officielebekendmakingen.nl/h-tk-20182019-104-8.html;https://zoek.officielebekendmakingen.nl/h-tk-20182019-104-8.xml;nr. 104, item 8;koolmees;I have just promised that I would like to ask the VNG about this, but that will of course be done through the State Secretary, because the State Secretary is of course policy responsible for the social assistance law, the Participation Act. I think it is a fair question and I would like to say so. This will indeed be done via a letter from the State Secretary to your House, because the State Secretary is responsible for this. But ultimately we are of course jointly responsible for the implementation, right?;0
h-tk-20182019-37-31;De heer Laçin;SP;"Voorzitter, dank. Ik wil eerst iedereen op de publieke tribune welkom heten. Goed dat jullie er zijn; zonder jullie was dit debat er wellicht nooit geweest.
Voorzitter. Toen de minister bijna veertien maanden geleden aantrad als minister, zei ze dat ze het vertrouwen in haar ministerie wilde herstellen. Groot gelijk had ze, want toen al was het vertrouwen geschaad door bijvoorbeeld het bekendmaken van de laagvliegroutes voor Lelystad Airport in de zomer van 2017. Maar de vraag is of het haar gelukt is om het vertrouwen te herstellen. Ik zal haar alvast helpen: nee, dat is haar niet gelukt — verre van zelfs. Fouten in de milieueffectrapportage werden ontdekt door Leon Adegeest. De update van de MER is onvolledig omdat bijvoorbeeld CO
Wat ook niet helpt, is het feit dat het ministerie, Schiphol, de luchtvaartsector en de Commissie voor de m.e.r. bij elkaar op schoot zitten. Opstellers en beoordelaars van de MER zijn getrouwd. Ambtenaren helpen bij het opstellen van de MER Schiphol, die ze zelf moeten beoordelen daarna. Schiphol stelt de MER twee jaar lang uit, tot er een gewenste uitkomst komt. Verschillende ministers en directeurs van Schiphol komen van Shell; toch geen onbelangrijke partij binnen de fossiele en vervuilende luchtvaart. Vorige week bleek ook nog eens dat KLM meeschrijft aan antwoorden die de Kamerleden stellen aan deze minister en haar ambtenaren. Dus nogmaals de vraag: denkt de minister dat zij het vertrouwen heeft weten te herstellen? Graag een reactie.
Toch lukt het de minister om ons te blijven verbazen. Na elk nieuw dieptepunt denk ik samen met vele anderen dat het niet erger kan. En toch gebeurt het. Want de brief van afgelopen vrijdag, waarin de minister de deuren wagenwijd openzet voor autonome groei en vrachtvluchten op Lelystad Airport, had zelfs de coalitie niet zien aankomen, maak ik op uit de reacties die ik heb gezien. Dit is niks anders dan de spelregels veranderen terwijl de wedstrijd al tien jaar geleden is begonnen. Het principe loslaten dat Lelystad, als er überhaupt al wordt uitgebreid, moet functioneren als overloopluchthaven van Schiphol, is een keiharde klap in het gezicht van mensen die misschien nog een piepklein beetje vertrouwen hadden in deze minister en de politiek, al die mensen in Overijssel, Gelderland, Friesland, de Veluwe en bijvoorbeeld iedereen die de petitie heeft getekend die wij vorige week hebben ontvangen, in naam van alles wat geen stem heeft: kinderen, dieren en de natuur. Want zij horen op één te komen, en niet het doorduwen van een kansloze asfaltstrook in de polder.
Voorzitter. Nu ook de Europese Commissie duidelijk heeft gemaakt dat het dwingen van maatschappijen om van Schiphol naar Lelystad te verhuizen niet mag, moet de minister vandaag duidelijkheid scheppen. Zij moet hier straks bevestigen dat Lelystad alleen bestaansrecht zou hebben als overloop van Schiphol, dat de stekker eruit gaat als dat niet mogelijk is en dat vracht- en nachtvluchten hoe dan ook geen plek krijgen op Lelystad Airport. Dat heb ik in eerdere debatten ook al aangegeven. Dit debat is wat de SP betreft een uitgelezen kans voor de minister om te laten zien dat ze een rechte rug heeft, luistert naar de mensen die ze heeft gesproken en staat achter haar eerdere woorden. De minister moet vandaag kleur bekennen.";2018-2019;18-12-2018;tk;handelingen;31 Herziening van het Nederlandse luchtruim;https://zoek.officielebekendmakingen.nl/h-tk-20182019-37-31.html;https://zoek.officielebekendmakingen.nl/h-tk-20182019-37-31.xml;nr. 37, item 31;laçin;"Chairman, thank you. I would first like to welcome everyone to the public gallery. Good to have you here; Without you, this debate might never have happened.
Chair. When the minister took office as minister almost fourteen months ago, she said she wanted to restore confidence in her ministry. She was absolutely right, because trust had already been damaged by, for example, the announcement of the low flight routes for Lelystad Airport in the summer of 2017. But the question is whether she managed to restore trust. I'll help her in advance: no, she didn't succeed — far from it, in fact. Errors in the environmental impact assessment were discovered by Leon Adegeest. The update of the EIS is incomplete because, for example, CO
What also does not help is the fact that the ministry, Schiphol, the aviation sector and the EIA Commission. sit on each other's laps. Drafters and assessors of the EIA are married. Civil servants help draw up the Schiphol EIA, which they must then assess themselves. Schiphol will postpone the EIA for two years until a desired outcome is achieved. Several ministers and directors of Schiphol come from Shell; not an insignificant party within fossil and polluting aviation. Last week it also emerged that KLM contributes to the answers that MPs provide to this minister and her officials. So the question again: does the minister think she has managed to restore confidence? Please leave a comment.
Yet the minister manages to continue to amaze us. After each new low, I, along with many others, think that things can't get any worse. And yet it happens. Because last Friday's letter, in which the minister opens the doors wide to autonomous growth and cargo flights at Lelystad Airport, even the coalition did not see it coming, I gather from the reactions I have seen. This is nothing more than changing the rules of the game even though the competition started ten years ago. Abandoning the principle that Lelystad, if there is any expansion at all, must function as an overflow airport from Schiphol, is a hard slap in the face to people who perhaps still had a tiny bit of confidence in this minister and politicians, all those people in Overijssel, Gelderland, Friesland, the Veluwe and, for example, everyone who signed the petition we received last week, in the name of everything that has no voice: children, animals and nature. Because they should come first, and not push through a hopeless asphalt strip in the polder.
Chair. Now that the European Commission has also made it clear that forcing companies to move from Schiphol to Lelystad is not allowed, the minister must provide clarity today. She will soon have to confirm that Lelystad would only have a right to exist as a spillover from Schiphol, that the plug will be pulled if that is not possible and that freight and night flights will not be allowed at Lelystad Airport in any case. I have already indicated this in previous debates. As far as the SP is concerned, this debate is an excellent opportunity for the minister to show that she has a straight back, listens to the people she has spoken to and stands behind her previous words. The minister must show his true colors today.";1
h-tk-20182019-51-10;Minister Rutte;VVD;Zeker.;2018-2019;7-2-2019;tk;handelingen;10 Staat van de Europese Unie;https://zoek.officielebekendmakingen.nl/h-tk-20182019-51-10.html;https://zoek.officielebekendmakingen.nl/h-tk-20182019-51-10.xml;nr. 51, item 10;rutte;Certainly.;0
h-tk-20182019-38-6;De heer Tony van Dijck;PVV;Ik vind het ook bijna respectloos naar de Kamer hoe hier semantische spelletjes worden gespeeld over een eurozonebudget. We noemen het niet meer zo en dus is het geen eurozonebudget meer. Het blijft een pot geld alleen voor de eurolanden. Mijn vraag in de eerste termijn was hoe de minister dit denkt te kunnen verkopen aan de niet-eurolanden, want die dragen ook bij aan de EU-begroting en hun geld wordt dus deels gebruikt voor alleen eurolanden. Met andere woorden, die niet-eurolanden gaan dat niet pikken en voor je het weet, wordt het eurozonebudget uit het MFK getild en gevoed door eurolanden.;2018-2019;19-12-2018;tk;handelingen;6 Najaarsnota 2018;https://zoek.officielebekendmakingen.nl/h-tk-20182019-38-6.html;https://zoek.officielebekendmakingen.nl/h-tk-20182019-38-6.xml;nr. 38, item 6;van tony dijck;I also find it almost disrespectful to the House how semantic games are being played here about a eurozone budget. We no longer call it that and so it is no longer a eurozone budget. It remains a pot of money only for the euro countries. My question in the first term was how the minister thinks he can sell this to non-euro countries, because they also contribute to the EU budget and their money is therefore partly used for euro countries only. In other words, those non-euro countries will not accept that and before you know it, the eurozone budget will be lifted from the MFF and fed by euro countries.;0
h-tk-20182019-5-4;Mevrouw Bruins Slot;CDA;Ik steun de woorden van mevrouw Karabulut om het nu niet te steunen omdat we eerst nog een rondetafelgesprek houden, ook een voorstel van mevrouw Karabulut. Het tweede is dat de debataanvraag van de heer Krol niet alleen over terugkijken ging maar ook over het vooruitkijken. Zeker na de onthullingen van gisteren hecht ik er belang aan dat we snel na het rondetafelgesprek wel het debat gaan voeren.;2018-2019;26-9-2018;tk;handelingen;4 Regeling van werkzaamheden;https://zoek.officielebekendmakingen.nl/h-tk-20182019-5-4.html;https://zoek.officielebekendmakingen.nl/h-tk-20182019-5-4.xml;nr. 5, item 4;bruins slot;I support Mrs Karabulut's words not to support it now because we will first have a round table discussion, which is also a proposal from Mrs Karabulut. The second is that Mr Krol's request for debate was not only about looking back but also about looking forward. Especially after yesterday's revelations, I attach importance to having the debate soon after the round table discussion.;0
h-tk-20182019-38-10;Minister Wiebes;VVD;Ik zeg niks anders dan ik begin juli heb gezegd. Toen is besloten om batch 1588 voort te zetten in een nader te bepalen tempo. Daar is toen budget voor opgehaald. Dat is er ook. We hebben toen gezegd dat batch 1581 onder de nieuwe aanpak valt. Dat staat heel helder in de Kamerstukken. Alleen de mensen die een formeel veiligheidsadvies, een versterkingsadvies hebben gekregen, worden meegenomen in de bestaande aanpak. Dat zijn er een stuk of vijftien. Mensen die de papieren hebben opgevraagd zoals ze er lagen maar die daarmee niet een veiligheidsadvies van de NCG hebben gekregen, vallen daar echt niet onder. Dat is vanaf het begin duidelijk geweest.;2018-2019;19-12-2018;tk;handelingen;10 Minimaliseren gaswinning Groningenveld;https://zoek.officielebekendmakingen.nl/h-tk-20182019-38-10.html;https://zoek.officielebekendmakingen.nl/h-tk-20182019-38-10.xml;nr. 38, item 10;wiebes;I'm not saying anything different than what I said at the beginning of July. It was then decided to continue batch 1588 at a rate to be determined. A budget was then raised for this. There is that too. We then said that batch 1581 falls under the new approach. This is stated very clearly in the parliamentary documents. Only people who have received formal safety advice or reinforcement advice are included in the existing approach. There are about fifteen of them. People who requested the papers as they were, but who did not receive safety advice from the NCG, are really not included. That has been clear from the start.;0
h-tk-20182019-37-31;De heer Van Raan;PvdD;Dat begrijp ik, maar dat het lastig of moeilijk is, wil niet zeggen dat we het niet moeten doen. Er is een CO;2018-2019;18-12-2018;tk;handelingen;31 Herziening van het Nederlandse luchtruim;https://zoek.officielebekendmakingen.nl/h-tk-20182019-37-31.html;https://zoek.officielebekendmakingen.nl/h-tk-20182019-37-31.xml;nr. 37, item 31;van van raan;I understand that, but just because it's difficult or difficult doesn't mean we shouldn't do it. There is a CO;0
h-tk-20182019-100-40;De heer Drost;CU;Ik heb een korte vraag. Ik kan me grotendeels vinden in het betoog van mevrouw Diertens. Zij heeft ook een amendement ingediend. Vorige sprekers heb ik horen zeggen dat het belangrijk is dat we er vandaag met elkaar uitkomen. Het woord consensus is ook een aantal keren gevallen. Maar de bijdrage tot nu toe inschattend is die consensus nog niet aanwezig op deze vloer. Is er voor mevrouw Diertens nog ruimte om het ergens met elkaar over te hebben? Is het amendement van haar nu in beton gegoten, gebeiteld, of kunnen we echt proberen om vandaag tot consensus te komen? En waar zit die ruimte voor haar dan nog?;2018-2019;2-7-2019;tk;handelingen;40 Koninkrijksgeschillen;https://zoek.officielebekendmakingen.nl/h-tk-20182019-100-40.html;https://zoek.officielebekendmakingen.nl/h-tk-20182019-100-40.xml;nr. 100, item 40;drost;I have a quick question. I largely agree with Mrs Diertens' argument. She has also tabled an amendment. I have heard previous speakers say that it is important that we reach an agreement today. The word consensus has also been used a number of times. But judging by the contribution so far, that consensus is not yet present on this floor. Is there still room for Mrs. Diertens to discuss something with each other? Is her amendment now set in stone, set in stone, or can we really try to reach consensus today? And where is that space for her?;0
h-tk-20182019-60-3;Minister De Jonge;CDA;Kan het ook tien minuten?;2018-2019;7-3-2019;tk;handelingen;3 VAO Ouderenzorg;https://zoek.officielebekendmakingen.nl/h-tk-20182019-60-3.html;https://zoek.officielebekendmakingen.nl/h-tk-20182019-60-3.xml;nr. 60, item 3;de de jonge;Can it also be ten minutes?;0
h-tk-20182019-40-8;De heer Ronnes;CDA;Ik pak er een voorbeeld uit, de gemeenten. Ik vind dat wij als overheid op dit moment het voorbeeld moeten geven naar bedrijven in Nederland, andere instanties, in die zin dat je met contant geld een aantal transacties kunt doen. Dat dit in de huidige tijd technisch niet allemaal meer mogelijk is, is tot daaraan toe, maar ik vind wel dat een overheid ervoor moet zorgen dat mensen aan de balie gewoon contant kunnen betalen. Dat geldt zeker voor gemeenten in het geval van het afrekenen van een rijbewijs, een paspoort of een toekomstige bruiloft.;2018-2019;15-1-2019;tk;handelingen;8 Gebruik van contant geld in de samenleving;https://zoek.officielebekendmakingen.nl/h-tk-20182019-40-8.html;https://zoek.officielebekendmakingen.nl/h-tk-20182019-40-8.xml;nr. 40, item 8;ronnes;Let me take one example, the municipalities. I believe that we as a government should currently set an example for companies in the Netherlands and other institutions, in the sense that you can do a number of transactions with cash. The fact that this is no longer technically possible nowadays is a matter of course, but I do think that a government should ensure that people can simply pay in cash at the counter. This certainly applies to municipalities in the case of paying for a driver's license, a passport or a future wedding.;0
h-tk-20182019-35-13-n1;Minister Grapperhaus;CDA;"Nee, ik heb nog twee belangrijke punten. Het allerlaatste punt is dat van de heer Van Raak over de rechtsstaat. Het leek me mooi om daarmee te eindigen. Hij heeft overigens vandaag een brief van mij gehad over KPMG, de kosten en dergelijke, en wat de rol van die consultants is geweest bij de inrichting van de nationale politie.
Maar voordat ik aan dat punt toekom, had de heer Baudet nog de vraag gesteld of we niet gewoon 1 miljard extra in de politie kunnen gooien. Ik moet eerlijk zeggen, voorzitter, dat mij die vraag verbaast. Ik heb hier een begrotingsbehandeling gedaan. Ik heb mijn begroting, over twee dagen uitgesmeerd, bij uw Kamer verdedigd. De heer Baudet was de eerste dag, bij de eerste termijn van de Kamer, wel aanwezig. Hij heeft toen 100 vragen gesteld over het migratiepact. Hij heeft mij nul vragen gesteld over de begroting, nul vragen over de politie. Er kan — dat weet ieder Kamerlid — een amendement worden ingediend op mijn begroting. Het was prima geweest om daar toen met elkaar over te debatteren. Ik heb overigens wel de moeite genomen om het verkiezingsprogramma van Forum nog eens erbij te pakken. Daar staat dat miljard extra voor de politie nergens genoemd. Maar dat debat hadden we een maand geleden. Ik had daar heel graag toen met u als Kamer over gesproken, en uitgelegd wat ik daarvan vind. Maar dat is nu een beetje pour les besoins de la cause, lijkt mij.
Dan was er nog een vraag over het Marrakeshimmigratiepact, maar dat staat wel heel erg ver af van dit debat. Daar waren toen 100 vragen over die, meen ik, ook zijn beantwoord.
Dan heb ik nog één laatste vraag, en dat vind ik een heel wezenlijke, de vraag van de heer Van Raak over de rechtsstaat. Die kan ik nu doen, maar ik kan hem ook als afsluiting na de interrupties doen; wat u wilt, voorzitter.";2018-2019;12-12-2018;tk;handelingen;13 Evaluatie Politiewet 2012;https://zoek.officielebekendmakingen.nl/h-tk-20182019-35-13-n1.html;https://zoek.officielebekendmakingen.nl/h-tk-20182019-35-13-n1.xml;nr. 35, item 13;grapperhaus;"No, I have two more important points. The very last point is that of Mr Van Raak about the rule of law. I thought it would be nice to end with that. By the way, he received a letter from me today about KPMG, the costs and the like, and what the role of those consultants was in the organization of the national police.
But before I get to that point, Mr Baudet had asked whether we couldn't just throw an extra 1 billion into the police. I must honestly say, Chairman, that this question surprises me. I have done a budget discussion here. I defended my budget in your House over two days. Mr Baudet was present on the first day, during the first term of Parliament. He then asked 100 questions about the migration pact. He asked me zero questions about the budget, zero questions about the police. Every Member of Parliament knows that an amendment can be submitted to my budget. It would have been fine to debate that with each other at the time. By the way, I did take the trouble to read the Forum's election manifesto again. That billion extra for the police is not mentioned anywhere there. But we had that debate a month ago. I would have loved to discuss this with you as a House at the time and explain what I think about it. But that's a bit of a cause, I think.
Then there was a question about the Marrakech immigration pact, but that is very far removed from this debate. There were 100 questions about it at the time that, I think, were also answered.
Then I have one last question, and I think it is a very important one, Mr Van Raak's question about the rule of law. I can do that now, but I can also do it as a conclusion after the interruptions; whatever you want, chairman.";1
h-tk-20182019-25-29;De heer Baudet;FvD;Ja, van staatssecretaris Harbers. Maar het is dus niet zo — dat was wat Malik Azmani mij vroeg — dat mijn eigen oordeel nog niet vaststaat. Nee, ik laat met die vragen zien waarom ik, Forum voor Democratie en heel veel mensen in Nederland zo enorm sceptisch staan tegenover dit verdrag. Dus het zijn inderdaad vragen, maar eigenlijk zijn het kritiekpunten.;2018-2019;20-11-2018;tk;handelingen;29 Begroting Justitie en Veiligheid 2019;https://zoek.officielebekendmakingen.nl/h-tk-20182019-25-29.html;https://zoek.officielebekendmakingen.nl/h-tk-20182019-25-29.xml;nr. 25, item 29;baudet;Yes, from State Secretary Harbers. But it is not the case - that was what Malik Azmani asked me - that my own judgment has not yet been determined. No, with these questions I show why I, the Forum for Democracy and many people in the Netherlands are so extremely skeptical about this treaty. So they are indeed questions, but actually they are points of criticism.;0
h-tk-20182019-5-9;De heer Jasper van Dijk;SP;Als ik de heer Van Weyenberg goed beluister, dan is een belangrijk bezwaar, of mogelijk bezwaar, de dekking van mijn amendementen. Daar zit nu juist de ruimte. Ik noem het lage-inkomensvoordeel als mogelijke dekking. Daar valt best wat te halen. Ik ben ervan overtuigd dat ik uw partij daar ook in mee kan krijgen. Dat gaat nu niet allemaal naar de goede plekken. Er zijn ook meer mogelijkheden. Dus als de dekking het probleem is, dan verwacht ik wel commitment van uw zijde om hier een oplossing voor te vinden.;2018-2019;26-9-2018;tk;handelingen;9 Invoering extra geboorteverlof;https://zoek.officielebekendmakingen.nl/h-tk-20182019-5-9.html;https://zoek.officielebekendmakingen.nl/h-tk-20182019-5-9.xml;nr. 5, item 9;van jasper dijk;If I listen carefully to Mr Van Weyenberg, an important objection, or possible objection, is the coverage of my amendments. That's where the space is right now. I mention the low-income benefit as possible coverage. There is quite a bit to be had there. I am convinced that I can get your party on board with this too. Not all of that is going to the right places now. There are also more options. So if coverage is the problem, I expect commitment from your side to find a solution.;0
h-tk-20182019-42-7;De heer Gijs van Dijk;PvdA;Voorzitter, het is eigenlijk de tweede keer dat dit naar buiten komt. We hebben eerder een brief gevraagd, die we ook hebben gekregen, met een feitenrelaas. Dus ik steun het debat en zou daarbij graag de brief die we eerder hebben gekregen, inclusief het feitenrelaas, willen betrekken.;2018-2019;17-1-2019;tk;handelingen;7 Regeling van werkzaamheden;https://zoek.officielebekendmakingen.nl/h-tk-20182019-42-7.html;https://zoek.officielebekendmakingen.nl/h-tk-20182019-42-7.xml;nr. 42, item 7;van gijs dijk;Mr President, this is actually the second time that this has come out. We previously requested a letter, which we also received, with a statement of facts. So I support the debate and would like to include the letter we received earlier, including the statement of facts.;0
h-tk-20182019-7-25;De heer Stoffer;SGP;Steun.;2018-2019;2-10-2018;tk;handelingen;25 Regeling van werkzaamheden;https://zoek.officielebekendmakingen.nl/h-tk-20182019-7-25.html;https://zoek.officielebekendmakingen.nl/h-tk-20182019-7-25.xml;nr. 7, item 25;stoffer;Support.;0
h-tk-20182019-49-15;De heer Dijkhoff;VVD;"Iedereen mag zijn recensie geven van hoe ik het heb aangepakt. Ik heb in ieder geval gemerkt dat het in mijn achterban weer de nodige rust heeft teruggebracht om goed te kunnen kijken welke voorstellen wel en niet geaccepteerd kunnen worden en welke voorstellen we kunnen dragen. Ik constateer ook dat we in de discussie — dat geldt gelukkig niet alleen voor mijn partij, maar voor veel meer partijen — nu meer de nadruk leggen op de haalbaarheid en de betaalbaarheid voor mensen in plaats van alleen maar te zeggen ""als wij het niet doen, kan het nooit meer"" en ""we moeten harder en sneller dan de rest van de wereld"" en ""wij moeten een soort proeftuin worden voor de wereld"" en ""55% is eigenlijk nog aan de krappe kant"". Het is prima dat de heer Klaver een andere recensie geeft van hoe ik dat heb gedaan, maar ik zie het wel als een positief effect dat er een pas op plaats is gemaakt in de discussie, dat er ruimte is, los van alleen maar ""het moet, het moet, het moet"", dat we allemaal nu meer aandacht besteden aan de gevolgen voor mensen en dat we die kennelijk allemaal in toom willen houden.";2018-2019;5-2-2019;tk;handelingen;15 Klimaatakkoord;https://zoek.officielebekendmakingen.nl/h-tk-20182019-49-15.html;https://zoek.officielebekendmakingen.nl/h-tk-20182019-49-15.xml;nr. 49, item 15;dijkhoff;"Anyone can give their review of how I went about it. In any case, I have noticed that it has restored the necessary peace among my supporters to be able to look carefully at which proposals can and cannot be accepted and which proposals we can support. I also note that in the discussion - fortunately this does not only apply to my party, but to many more parties - we now place more emphasis on feasibility and affordability for people instead of just saying ""if we don't do it, it will never be possible"" and ""we have to work harder and faster than the rest of the world"" and ""we have to become a kind of testing ground for the world"" and ""55% is actually still on the small side"". It is fine that Mr Klaver gives a different review of how I did that, but I do see it as a positive effect that the discussion has moved on, that there is room, apart from just ""it has to be done, it has to be done, it has to be done"", that we all now pay more attention to the consequences for people and that we apparently all want to keep them in check.";0
h-tk-20182019-49-3-n1;De heer Nijboer;PvdA;Ik kijk een beetje om me heen en ik zie mensen steeds meer zuchten en steunen. Ook het CDA, coalitiepartij, zegt al: kom nou eens in actie, minister. De minister toont zich een omgekeerde Jan Schaefer. Ze praat alleen maar, maar ze presteert niks. Dat kan niet. Er is woningnood. Er moet geïnvesteerd worden in woningen in plaats van bezuinigd, wat het kabinet doet. Die noodknop moet er komen. Daar praten we al maanden over. Tegen de zomer komt er een keer een wetsvoorstel aan. Wanneer gaat die wet dan in? Waar moeten de mensen tot die tijd wonen? Kom in actie, vraag ik de minister. Kom in actie, doe er wat aan.;2018-2019;5-2-2019;tk;handelingen;3 Vragenuur: Vragen Ronnes;https://zoek.officielebekendmakingen.nl/h-tk-20182019-49-3-n1.html;https://zoek.officielebekendmakingen.nl/h-tk-20182019-49-3-n1.xml;nr. 49, item 3;nijboer;I look around and I see people sighing and supporting more and more. The CDA, coalition party, is also saying: take action, minister. The minister appears to be a reverse Jan Schaefer. She just talks, but she doesn't do anything. That's not possible. There is a housing shortage. Investments in housing must be made instead of cuts, which is what the government is doing. That emergency button must be there. We've been talking about that for months. A bill will be introduced by the summer. When will that law come into effect? Where should people live until then? Take action, I ask the minister. Take action, do something about it.;1
h-tk-20182019-47-5;De heer Groothuizen;D66;Het gaat om de eerste aanvraagprocedure, ja. Ik heb u het antwoord gegeven.;2018-2019;30-1-2019;tk;handelingen;5 Versoepeling van het kinderpardon;https://zoek.officielebekendmakingen.nl/h-tk-20182019-47-5.html;https://zoek.officielebekendmakingen.nl/h-tk-20182019-47-5.xml;nr. 47, item 5;groothuizen;It concerns the first application procedure, yes. I have given you the answer.;0
h-tk-20182019-41-7;De heer Van der Lee;GroenLinks;We hebben daar al even over gedebatteerd via interrupties. Ik kan me voorstellen dat je het aanbieden van verkeerd hout als een economisch delict ziet. Dan heb je een andere vorm van handhaving dan op lokaal niveau. Ik zou graag willen dat daar even naar gekeken wordt. Ik denk dat het belangrijk is om daar tegen op te treden, maar ook dat het een belangrijke rol zou kunnen spelen in de bewustwording en de voorlichting als dit zou gebeuren. Ook daarop hoop ik een oordeel Kamer te ontvangen. Dank u wel.;2018-2019;16-1-2019;tk;handelingen;7 Gevaren van de uitstoot van houtkachels;https://zoek.officielebekendmakingen.nl/h-tk-20182019-41-7.html;https://zoek.officielebekendmakingen.nl/h-tk-20182019-41-7.xml;nr. 41, item 7;van der van der lee;We have already debated this for a while through interruptions. I can imagine that you view offering the wrong wood as an economic offense. Then you have a different form of enforcement than at local level. I would like this to be looked into. I think it is important to take action against this, but also that it could play an important role in raising awareness and information if this were to happen. I also hope to receive a judgment from the House on this. Thank you.;0
h-tk-20182019-6-6;Mevrouw Bromet;GroenLinks;Ook geen steun van GroenLinks.;2018-2019;27-9-2018;tk;handelingen;6 Regeling van werkzaamheden;https://zoek.officielebekendmakingen.nl/h-tk-20182019-6-6.html;https://zoek.officielebekendmakingen.nl/h-tk-20182019-6-6.xml;nr. 6, item 6;bromet;Also no support from GroenLinks.;0
h-tk-20182019-61-32;De heer Van Aalst;PVV;... als u iets wil met innovatie, is meneer Schonis het dan met mij eens dat dit desastreus is voor de door zijn partij o zo geliefde innovatie?;2018-2019;12-3-2019;tk;handelingen;32 Vrachtwagenheffing;https://zoek.officielebekendmakingen.nl/h-tk-20182019-61-32.html;https://zoek.officielebekendmakingen.nl/h-tk-20182019-61-32.xml;nr. 61, item 32;van van aalst;... if you want something to do with innovation, does Mr. Schonis agree with me that this is disastrous for the innovation so beloved by his party?;0
h-tk-20182019-28-31;De heer De Graaf;PVV;Clown.;2018-2019;27-11-2018;tk;handelingen;31 Regeling van werkzaamheden;https://zoek.officielebekendmakingen.nl/h-tk-20182019-28-31.html;https://zoek.officielebekendmakingen.nl/h-tk-20182019-28-31.xml;nr. 28, item 31;de de graaf;Clown.;1
h-tk-20182019-40-7;Mevrouw Ploumen;PvdA;Dank u wel.;2018-2019;15-1-2019;tk;handelingen;7 Regeling van werkzaamheden;https://zoek.officielebekendmakingen.nl/h-tk-20182019-40-7.html;https://zoek.officielebekendmakingen.nl/h-tk-20182019-40-7.xml;nr. 40, item 7;ploumen;Thank you.;0
h-tk-20192020-10-20;Mevrouw Ellemeet;GroenLinks;Nee.;2019-2020;8-10-2019;tk;handelingen;20 Regeling van werkzaamheden;https://zoek.officielebekendmakingen.nl/h-tk-20192020-10-20.html;https://zoek.officielebekendmakingen.nl/h-tk-20192020-10-20.xml;nr. 10, item 20;ellemeet;No.;0
h-tk-20192020-74-23;De heer Snels;GroenLinks;Een tweede vraag. Dat onderwijs is gewoon een goed voorbeeld. Daarom neem ik ook het kabinetsbeleid van de afgelopen twee maanden als voorbeeld. Dat is een goed voorbeeld van hoe je dat doet, maar je doet dat à l'improviste. Je ziet wat er aankomt, je moet handelen, je stelt doelen en je maakt beleid. In de begrotingen kijken we iets langer vooruit. Je hebt al die welzijnsindicatoren, zoals onderwijs, zorg en eenzaamheid bij ouderen, maar ook economie en financiën. Dit is het een moment om nou eens in samenhang te kijken wat je als kabinet aan bredewelvaartachtige doelen wil stellen voor het komend jaar. Het lijkt mij zo'n mooie kans om dat nou eens uit te proberen. Het lijkt mij zo'n mooie opdracht voor het kabinet, en niet alleen voor deze minister, voor de komende begroting. Hoe dat precies moet, weet ik ook niet, maar ga het eens proberen. Want dit debat voeren we nu al drie jaar. Dat is Groundhog Day: iedere keer opnieuw proberen we ... Ik maak een grapje. Er worden stappen vooruitgezet, maar probeer dat nou eens te doen met hele concrete doelen op die verschillende welzijnsindicatoren. Dat is een opdracht voor al die collega's van u in het kabinet. Schrijf dat in die begrotingen: wat is de samenhang daartussen en waar gaan we volgend jaar het debat over voeren bij het Verantwoordingsdebat?;2019-2020;26-5-2020;tk;handelingen;23 Verantwoordingsdebat over het jaar 2019;https://zoek.officielebekendmakingen.nl/h-tk-20192020-74-23.html;https://zoek.officielebekendmakingen.nl/h-tk-20192020-74-23.xml;nr. 74, item 23;snels;A second question. That education is simply a good example. That is why I also use the government's policy of the past two months as an example. That's a good example of how to do that, but you do it à l'improviste. You see what is coming, you have to act, you set goals and you make policy. In the budgets we look a little longer ahead. You have all those well-being indicators, such as education, care and loneliness among the elderly, but also the economy and finances. This is a moment to take a coherent look at what broad-welfare-like goals you as a government want to set for the coming year. It seems like such a great opportunity to try that out. It seems to me such a great assignment for the cabinet, and not just for this minister, for the coming budget. I don't know exactly how to do that, but I'll give it a try. Because we have been having this debate for three years now. That's Groundhog Day: every time we try... I'm kidding. Progress is being made, but try to do so with very concrete goals for those various well-being indicators. That is an assignment for all your colleagues in the cabinet. Write that in those budgets: what is the connection between them and what will we debate next year in the Accountability Debate?;0
h-tk-20192020-23-8;De heer Nijboer;PvdA;"Ik heb goed geluisterd, maar we zijn het niet eens. Het kan gebeuren dat je het niet eens bent. Maar dat er zo weinig ideeën vanuit het parlement door het kabinet worden overgenomen, vind ik niet verstandig. Niet voor het brede draagvlak dat dit kabinet, denk ik, toch nodig heeft, zowel in de Tweede Kamer als in de Eerste Kamer en bij het zoeken naar draagvlak in de komende tijd. Ik zou het niet zo hebben gedaan. Ik roep de staatssecretaris dan ook op om dat in de toekomst meer te doen. Hij krijgt nog aardig wat zware debatten voor de kiezen en als de houding blijft ""ik leg het nog een keer uit, want ik weet hoe het zit"", is dat niet de juiste weg om te gaan.
Voorzitter, dank u wel.";2019-2020;13-11-2019;tk;handelingen;8 Pakket Belastingplan 2020;https://zoek.officielebekendmakingen.nl/h-tk-20192020-23-8.html;https://zoek.officielebekendmakingen.nl/h-tk-20192020-23-8.xml;nr. 23, item 8;nijboer;"I listened carefully, but we disagree. You may disagree. But I do not think it is wise that so few ideas from parliament are adopted by the cabinet. Not for the broad support that I think this cabinet needs, both in the House of Representatives and the Senate and when seeking support in the near future. I wouldn't have done it that way. I therefore call on the State Secretary to do more of this in the future. He will still have to deal with quite a few tough debates and if the attitude remains ""I'll explain it again, because I know how it is"", that is not the right way to go.
Chairman, thank you.";0
h-tk-20192020-48-8;De heer Van Wijngaarden;VVD;Ja, en toch denk ik dat we alle reden hebben om kritisch te zijn op de aard van die evaluatie. Wordt dat dan een themaonderzoek? Hoe wordt de Kamer daarin betrokken? Waarom zeg ik dat: omdat we willen dat er ook echt wordt gekeken hoe dat in de praktijk gaat. Er moet dus niet van een afstand gekeken worden of een bepaald protocol is ingevoerd en een bepaalde training gegeven is, maar er moet echt in de praktijk getoetst worden of de nieuwe werkwijze wordt nageleefd. Mogen we als Kamer verwachten dat de evaluatie dat karakter zal hebben? Of gaat die minder ver?;2019-2020;30-1-2020;tk;handelingen;8 Aanpak van bedreiging en stalking;https://zoek.officielebekendmakingen.nl/h-tk-20192020-48-8.html;https://zoek.officielebekendmakingen.nl/h-tk-20192020-48-8.xml;nr. 48, item 8;van van wijngaarden;Yes, and yet I think we have every reason to be critical of the nature of that evaluation. Will that be a thematic study? How is the House involved in this? Why do I say that: because we want to really look at how this works in practice. It is therefore not necessary to look from a distance to see whether a certain protocol has been introduced and a certain training has been given, but it must really be tested in practice whether the new working method is being complied with. Can we as a House expect that the evaluation will have that character? Or does it go less far?;0
h-tk-20192020-45-12;De heer Middendorp;VVD;Het hoort hier niet thuis ...;2019-2020;23-1-2020;tk;handelingen;12 Wijziging van de Paspoortwet;https://zoek.officielebekendmakingen.nl/h-tk-20192020-45-12.html;https://zoek.officielebekendmakingen.nl/h-tk-20192020-45-12.xml;nr. 45, item 12;middendorp;It doesn't belong here...;0
h-tk-20192020-99-3-n1;Mevrouw Van Brenk;50PLUS;Ik ben inderdaad ook heel blij met dit initiatief, maar een heleboel mensen zeggen: als ik meer ga verdienen, gaat dat ten koste van mijn zorgtoeslag en dan maak ik me zorgen dat ik dat later weer terug moet betalen, net als de huurtoeslag. We zijn bezig met allerlei lapmiddelen om mensen inderdaad een leefbaar inkomen te geven. We hebben net te horen gekregen dat naast D66 en 50PLUS ook de ChristenUnie iets gaat doen met de belastingen. Kunnen we dat ook van de PvdA verwachten? Kunnen mensen ook van u verwachten dat er een oplossing komt, misschien in de vorm van een negatieve belasting?;2019-2020;9-9-2020;tk;handelingen;3 Wet invoering minimumuurloon;https://zoek.officielebekendmakingen.nl/h-tk-20192020-99-3-n1.html;https://zoek.officielebekendmakingen.nl/h-tk-20192020-99-3-n1.xml;nr. 99, item 3;van van brenk;I am indeed very happy with this initiative, but a lot of people say: if I earn more, it will be at the expense of my healthcare allowance and then I worry that I will have to pay it back later, just like the housing allowance. We are working on all kinds of stopgap measures to indeed give people a living income. We have just been told that in addition to D66 and 50PLUS, the Christian Union will also do something about taxes. Can we also expect the same from the PvdA? Can people also expect you to find a solution, perhaps in the form of a negative tax?;0
h-tk-20192020-62-10;De heer Laçin;SP;Ik heb het hier niet over bedragen. In mijn inbreng heb ik het ook gehad over de samenhang van maatregelen. Het treft altijd dezelfde groep. Ik begrijp best dat de coalitie hier één punt uitlicht, maar als je naar de samenhang van alle maatregelen kijkt, dan pakt dit kabinet altijd dezelfde mensen en blijft het cadeautjes geven aan het grootkapitaal en aan multinationals.;2019-2020;11-3-2020;tk;handelingen;10 Wet vliegbelasting;https://zoek.officielebekendmakingen.nl/h-tk-20192020-62-10.html;https://zoek.officielebekendmakingen.nl/h-tk-20192020-62-10.xml;nr. 62, item 10;laçin;I'm not talking about amounts here. In my contribution I also discussed the coherence of measures. It always affects the same group. I understand that the coalition is highlighting one point here, but if you look at the coherence of all the measures, this government always takes the same people and continues to give presents to big business and multinationals.;0
h-tk-20192020-41-10;Mevrouw Dik-Faber;CU;Dank u wel.;2019-2020;15-1-2020;tk;handelingen;10 Woningcorporaties / Evaluatie Woningwet en Huurakkoord;https://zoek.officielebekendmakingen.nl/h-tk-20192020-41-10.html;https://zoek.officielebekendmakingen.nl/h-tk-20192020-41-10.xml;nr. 41, item 10;dik-faber;Thank you.;0
h-tk-20192020-28-2;Mevrouw Westerveld;GroenLinks;Het is goed dat we binnenkort meer horen, in ieder geval in de eerste helft van volgend jaar, over wat we in de toekomst kunnen doen om eerder in te grijpen. Nu zitten we natuurlijk wel met de huidige situatie en met regels waarvan de minister inderdaad al een heel aantal keren in de Kamer heeft aangegeven dat ze behoorlijk ingewikkeld zijn. Wat gaat er gebeuren als we geen gelijk krijgen op 9 december, wanneer de volgende stap is in de rechtszaal? Ik geef de heer Bisschop gelijk dat dat nogal forse consequenties heeft en dat er nagedacht moet worden over een stap B. Wat gaat er gebeuren op het moment dat in de rechtszaal blijkt dat de minister geen gelijk krijgt van de rechter?;2019-2020;26-11-2019;tk;handelingen;2 Vragenuur: Vragen Van Meenen;https://zoek.officielebekendmakingen.nl/h-tk-20192020-28-2.html;https://zoek.officielebekendmakingen.nl/h-tk-20192020-28-2.xml;nr. 28, item 2;westerveld;It is good that we will hear more soon, at least in the first half of next year, about what we can do in the future to intervene earlier. Now we are of course faced with the current situation and with rules that the minister has indeed indicated in Parliament on a number of occasions that they are quite complicated. What will happen if we don't get it right on December 9, when the next step is in court? I agree with Mr Bisschop that this has quite serious consequences and that step B should be considered. What will happen when it turns out in court that the minister is not right by the judge?;0
h-tk-20192020-18-9;Minister De Jonge;CDA;Dat is heel goed. Ik zou 'm nog een keer bekijken als ik u was.;2019-2020;31-10-2019;tk;handelingen;9 Begroting Volksgezondheid, Welzijn en Sport 2020;https://zoek.officielebekendmakingen.nl/h-tk-20192020-18-9.html;https://zoek.officielebekendmakingen.nl/h-tk-20192020-18-9.xml;nr. 18, item 9;de de jonge;That's very good. I'd watch it again if I were you.;0
h-tk-20192020-79-10;De heer Wilders;PVV;"Over meten met twee maten gesproken. Breek me de bek niet open! Het was de GroenLinksburgemeester die ervoor zorgde dat de horecaondernemer die zijn terras niet precies met een meetlat van 1,5 meter opstelde, een boete van €4.000 krijgt. Er zijn mensen die hun opa en oma in het verpleeghuis willen bezoeken en dat niet konden, waardoor opa en oma bijna verpieterden van eenzaamheid. Dat is wat er is gebeurd. Er zijn bedrijven die hun zaak moesten sluiten. Er zijn mensen die niet naar een begrafenis konden omdat er maar 30 man bij mocht zijn. Maar tegelijkertijd zegt mevrouw Halsema tegen allerlei linkse activisten: kom maar naar de Dam; kom maar, doe het maar. Dat is met twee maten meten. GroenLinks meet met twee maten. Mevrouw Halsema is daar hét voorbeeld van. Ze heeft al die mensen die zich de afgelopen tijd aan die verschrikkelijke, maar noodzakelijke coronaregels hebben gehouden, keihard in hun gezicht gespuugd. Twee maten is de achternaam van GroenLinks.";2019-2020;4-6-2020;tk;handelingen;10 Ontwikkelingen rondom het coronavirus;https://zoek.officielebekendmakingen.nl/h-tk-20192020-79-10.html;https://zoek.officielebekendmakingen.nl/h-tk-20192020-79-10.xml;nr. 79, item 10;wilders;"Talk about double standards. Don't break my mouth! It was the GroenLinks mayor who ensured that catering entrepreneurs who did not set up their terrace exactly with a measuring stick of 1.5 meters received a fine of €4,000. There are people who want to visit their grandparents in the nursing home and were unable to do so, causing their grandparents to almost die of loneliness. That's what happened. There are companies that have had to close their businesses. There are people who could not go to a funeral because there were only 30 people allowed. But at the same time, Mrs. Halsema says to all kinds of left-wing activists: come to Dam Square; come on, do it. That is double standards. GroenLinks applies double standards. Mrs Halsema is the perfect example of this. She has spit straight in the face of all those people who have recently adhered to those terrible, but necessary corona rules. Two sizes is the surname of GroenLinks.";1
h-tk-20192020-93-4;Minister De Jonge;CDA;Ja, ja. Zeker. Dit neem ik graag mee. Die getraptheid zit er inderdaad in. In aanvang is het vrijwillig. Als iemand zich daar niet aan houdt en er tegelijkertijd wel redenen zijn om aan te nemen dat die persoon recentelijk een dusdanig contact met een lijder of een vermoedelijke lijder aan een infectieziekte behorende tot de groep A heeft gehad en mogelijk met diezelfde ziekte is geïnfecteerd, dan kan de voorzitter van de veiligheidsregio die maatregel opleggen, die vervolgens moet worden getoetst door de rechter.;2019-2020;12-8-2020;tk;handelingen;4 Ontwikkelingen rondom het coronavirus;https://zoek.officielebekendmakingen.nl/h-tk-20192020-93-4.html;https://zoek.officielebekendmakingen.nl/h-tk-20192020-93-4.xml;nr. 93, item 4;de de jonge;Yes, yes. Certainly. I would like to take this with me. That gradualness is indeed there. Initially it is voluntary. If someone does not comply with this and at the same time there are reasons to assume that that person has recently had such contact with a sufferer or a suspected sufferer of an infectious disease belonging to group A and may have been infected with the same disease, then the chairman of the safety region can impose that measure, which must then be assessed by the judge.;0
h-tk-20192020-34-18;De heer Stoffer;SGP;Voorzitter, de SGP had ook graag voor de motie op stuk nr. 202 willen stemmen.;2019-2020;10-12-2019;tk;handelingen;18 Stemmingen moties Gegevensuitwisseling in de zorg / Gegevensbescherming;https://zoek.officielebekendmakingen.nl/h-tk-20192020-34-18.html;https://zoek.officielebekendmakingen.nl/h-tk-20192020-34-18.xml;nr. 34, item 18;stoffer;Mr President, the SGP would also have liked to vote in favor of the motion on document no. 202.;0
h-tk-20192020-45-4;Mevrouw Dik-Faber;CU;We hebben een rondetafel gehouden in de Tweede Kamer, waarbij veel wetenschappers aanwezig waren. Ook ethici waren aanwezig. Het viel mij op dat in dat gesprek, dat met de grootste zorgvuldigheid werd gevoerd, de ethische reflectie toch lastig was. Volgens mij hebben we dat zelfs allebei geproefd, volgens mij vanuit verschillende perspectieven. Een aantal ethische vragen kon onvoldoende beantwoord worden. Ik maak mij daar zorgen over. Ik vind het belangrijk dat op allerlei terreinen en ook in de wetenschap die ethische bezinning voldoende plaatsvindt. Daarom heb ik mijn vraag aan de minister gesteld.;2019-2020;23-1-2020;tk;handelingen;4 Wijziging van de Embryowet;https://zoek.officielebekendmakingen.nl/h-tk-20192020-45-4.html;https://zoek.officielebekendmakingen.nl/h-tk-20192020-45-4.xml;nr. 45, item 4;dik-faber;We held a round table in the House of Representatives, attended by many scientists. Ethicists were also present. It struck me that in that conversation, which was conducted with the greatest care, ethical reflection was still difficult. I think we both even tasted that, I think from different perspectives. A number of ethical questions could not be answered sufficiently. I worry about that. I think it is important that sufficient ethical reflection takes place in all kinds of areas, including in science. That is why I asked my question to the minister.;0
h-tk-20192020-47-7;Minister De Jonge;CDA;"Dat had ik al aan u toegezegd. Volgens mij stelde u namelijk dezelfde vraag naar aanleiding van het amendement van mevrouw Van den Berg. Ik zeg even iets over de getallen. Er zijn nu ongeveer vijftien inspecteurs. Dat is niet de totale personele capaciteit, maar 15 fte inspectie is bezig met het toezicht op nieuwe zorgaanbieders. Nou, dan is het niet zo heel erg moeilijk om op je vingers na te tellen dat de Wtza daarvoor een uitbreiding betekent. Indicatief was daarvoor nu geraamd 10 fte erbij. Dat was ook in de begroting belegd. Maar wegend wat de inspectie allemaal moet doen — dit is overigens niet het enige extra klusje dat de inspectie de komende tijd te doen heeft — wegend ook hoe het amendement van mevrouw Van den Berg meetelt, zou je zomaar op je klompen kunnen aanvoelen dat ook die tien erbij, dus van 15 naar 25 fte, onvoldoende gaat zijn en dat je er nog een paar meer bij hebt. Dat is de reden dat ik niet zo heel erg schrik van het woord ""uitbreiden"". Dat is namelijk de meest logische implicatie van dit wetsvoorstel evenals van het amendement van mevrouw Van den Berg. Ik vind dat gesprek ook fair. Ik loop daar niet voor weg.
Als u dekkingszorgen heeft, is mijn antwoord daarop dat ik denk dat dit echt wel ruimte is die ik op de begroting van VWS moet kunnen vinden. Ik zal geen claim indienen bij de minister van Financiën. Ik denk dat hij ervan uitgaat dat ik dit regel in de eigen begroting. Dit is dus gewoon een opdracht die ik heb onderweg naar de begroting. U zegt terecht: dan wil ik ook bij de begroting expliciet zien op welke manier die begrotingsaanpassing is gemaakt, en er dus eigenlijk budget wordt toegevoegd aan de kostenplaats van de inspectie. Dat snap ik, en dat ga ik ook doen. Sterker nog, u heeft het budgetrecht. Dus als u zegt dat ik wel heel scheutig ben geweest in de richting van de inspectie, kunt u dat er nog uitamenderen ook en er andere mooie dingen van doen, want zo werkt het budgetrecht.";2019-2020;29-1-2020;tk;handelingen;7 Wet toetreding zorgaanbieders;https://zoek.officielebekendmakingen.nl/h-tk-20192020-47-7.html;https://zoek.officielebekendmakingen.nl/h-tk-20192020-47-7.xml;nr. 47, item 7;de de jonge;"I already promised you that. I think you asked the same question in response to Mrs Van den Berg's amendment. Let me say something about the numbers. There are now about fifteen inspectors. That is not the total staff capacity, but 15 FTE inspectorates are busy supervising new healthcare providers. Well, then it is not that difficult to count on your fingers that the Wtza means an extension for this. An indicative estimate for this was now an additional 10 FTEs. That was also included in the budget. But considering what the inspectorate has to do - this is not the only extra job that the inspectorate will have to do in the near future - also considering how Mrs Van den Berg's amendment counts, you could easily sense that those ten additional jobs, so from 15 to 25 FTEs, will also be insufficient and that you will need a few more. That's why the word ""expand"" doesn't scare me all that much. That is the most logical implication of this bill as well as of Mrs Van den Berg's amendment. I also think that conversation is fair. I'm not running away from that.
If you have coverage concerns, my answer is that I think this is really room that I should be able to find in the budget of VWS. I will not make a claim to the Minister of Finance. I think he assumes that I will arrange this in my own budget. So this is just an assignment I have on the way to the budget. You rightly say: then I also want to see explicitly in the budget how the budget adjustment has been made, and how the budget is actually added to the inspection cost center. I understand that, and that's what I'm going to do. In fact, you have the budget right. So if you say that I have been very generous in the direction of the inspection, you can also amend that and do other nice things with it, because that is how budget law works.";0
h-tk-20192020-61-32;De heer Von Martels;CDA;Ik zie er wel twee.;2019-2020;10-3-2020;tk;handelingen;32 Implementatiewet wijziging EU-kaderrichtlijn afvalstoffen;https://zoek.officielebekendmakingen.nl/h-tk-20192020-61-32.html;https://zoek.officielebekendmakingen.nl/h-tk-20192020-61-32.xml;nr. 61, item 32;von martels;I see two.;0
h-tk-20192020-20-3;Mevrouw Kuik;CDA;Ja, een goede aanvulling.;2019-2020;6-11-2019;tk;handelingen;3 Begroting Onderwijs, Cultuur en Wetenschap 2020;https://zoek.officielebekendmakingen.nl/h-tk-20192020-20-3.html;https://zoek.officielebekendmakingen.nl/h-tk-20192020-20-3.xml;nr. 20, item 3;kuik;Yes, a good addition.;0
h-tk-20192020-32-6;De heer Stoffer;SGP;Ik blijf nu echt een probleem houden. Het wás niet zo. Anders was het niet een halfjaar lang en nog langer zo geweest. Als die cultuur niet verandert, als de staatssecretaris dat niet tussen zijn oren heeft, heb ik echt een probleem. Dat moet anders. Anders heb je geen andere cultuur en blijft het zoals het is. Als ik niet dat antwoord krijg, heb ik echt een probleem.;2019-2020;4-12-2019;tk;handelingen;6 Ten onrechte ingevorderde kinderopvangtoeslagen;https://zoek.officielebekendmakingen.nl/h-tk-20192020-32-6.html;https://zoek.officielebekendmakingen.nl/h-tk-20192020-32-6.xml;nr. 32, item 6;stoffer;I still have a real problem now. It wasn't so. Otherwise it wouldn't have been like this for six months and even longer. If that culture does not change, if the State Secretary does not have that in his mind, I really have a problem. That has to be different. Otherwise you don't have a different culture and it stays the way it is. If I don't get that answer, I'm in real trouble.;0
h-tk-20192020-45-7;De heer Hijink;SP;Dat is niet zo verschrikkelijk veel. Ik heb het dictum aangepast, dat nu komt te luiden: verzoekt de regering te bewerkstelligen dat nu geen onomkeerbare stappen worden gezet die een mogelijke doorstart in de weg kunnen staan.;2019-2020;23-1-2020;tk;handelingen;7 VAO Financiële problemen bij diverse Jeugdzorginstellingen (AO d.d. 22/01);https://zoek.officielebekendmakingen.nl/h-tk-20192020-45-7.html;https://zoek.officielebekendmakingen.nl/h-tk-20192020-45-7.xml;nr. 45, item 7;hijink;That's not terribly much. I have amended the operative part, which now reads: requests the government to ensure that no irreversible steps are taken that could hinder a possible restart.;0
h-tk-20192020-84-2;De heer Anne Mulder;VVD;Als je zegt het regeerakkoord te willen openbreken, dan zou ik zeggen: klop op de deur en doe het! Doe het in plaats van steeds te roepen: ik ben het een beetje eens met die of dat. Gewoon straight forward: ik wil dit, ik wil dat. Punt. Daar heb ik wat aan.;2019-2020;17-6-2020;tk;handelingen;2 Europese top van 19 juni 2020;https://zoek.officielebekendmakingen.nl/h-tk-20192020-84-2.html;https://zoek.officielebekendmakingen.nl/h-tk-20192020-84-2.xml;nr. 84, item 2;anne mulder;If you say you want to break up the coalition agreement, then I would say: knock on the door and do it! Do it instead of always saying: I somewhat agree with this or that. Just straight forward: I want this, I want that. Point. That helps me.;0
h-tk-20192020-7-25;Mevrouw Van Eijs;D66;Voorzitter. Wij hebben hier natuurlijk al eerder over gedebatteerd. Ik denk dat we allemaal niet willen wat daar nu gebeurt, maar het is ook best een technisch onderwerp. Dus ik wil het debat niet steunen, maar zal in de procedurevergadering morgen een aanvraag doen voor een schriftelijk overleg, omdat de uitzending heel veel vragen bij mij heeft opgeroepen.;2019-2020;1-10-2019;tk;handelingen;25 Regeling van werkzaamheden;https://zoek.officielebekendmakingen.nl/h-tk-20192020-7-25.html;https://zoek.officielebekendmakingen.nl/h-tk-20192020-7-25.xml;nr. 7, item 25;van van eijs;Chair. We have of course debated this before. I think we all don't want what is happening there, but it is also quite a technical subject. So I do not want to support the debate, but will request a written consultation at the procedural meeting tomorrow, because the broadcast has raised a lot of questions for me.;0
h-tk-20192020-24-5;De heer Harbers;VVD;"Ik sta hier omdat er een stikstofprobleem is. Dat probleem erkent de VVD. Ik sta hier een brief te verdedigen waarin ook staat dat stikstofruimte die beschikbaar komt voor 30% naar de natuur gaat. Maar we moeten reëel zijn met elkaar. We weten dat er in Nederland gebieden zijn die — al haal je alle activiteiten in de omgeving weg, zorg je ervoor dat er niemand meer woont of rijdt en dat alle bedrijven dichtgaan — nog steeds niet te redden zijn. Dan moet je realistisch zijn met elkaar. Je moet dan zeggen: wat niet te redden is, moet je ook niet willen beschermen. Je moet dan kijken of je natuur op een andere plek robuuster kunt maken, ergens waar je een goed Natura 2000-gebied hebt. Misschien moet je daar wat herindelen.
Ik heb nieuws voor de heer Klaver: er wonen gewoon 17 miljoen mensen in dit land. Die 17 miljoen mensen willen heel normale dingen. Ze willen wonen, ze willen werken, ze willen een baan, ze willen dat er ergens een bedrijf is, en ze willen inderdaad ook nog naar hun werk kunnen komen of bij hun familie kunnen komen. Dan moet je realistisch zijn in het natuurbeleid. Als zelfs dat soort dingen niet meer kunnen, moet je kritisch zijn over de natuurdoelen die we met elkaar willen nastreven. Dat gaat niet tegen de natuur in. Dat betekent dat je aan de ene kant zegt: wat niet te handhaven is, kun je niet handhaven. Die natuurwet moet je dan maar even serieus nemen. Aan de andere kant zeg je: zorg ervoor dat je de natuur die je wel hebt robuuster en steviger maakt.";2019-2020;14-11-2019;tk;handelingen;5 Snelle oplossing van de stikstof- en pfas-problematiek;https://zoek.officielebekendmakingen.nl/h-tk-20192020-24-5.html;https://zoek.officielebekendmakingen.nl/h-tk-20192020-24-5.xml;nr. 24, item 5;harbers;"I'm here because there is a nitrogen problem. The VVD recognizes that problem. I am here defending a letter that also states that 30% of the nitrogen space that becomes available goes to nature. But we have to be real with each other. We know that there are areas in the Netherlands that - even if you remove all activities in the area, ensure that no one lives or drives there anymore and that all businesses close - still cannot be saved. Then you have to be realistic with each other. You must then say: you should not want to protect what cannot be saved. You then have to see whether you can make nature more robust elsewhere, somewhere where you have a good Natura 2000 area. Maybe you need to rearrange something there.
I have news for Mr Klaver: there are simply 17 million people living in this country. Those 17 million people want very normal things. They want to live, they want to work, they want a job, they want there to be a business somewhere, and they indeed want to be able to come to work or visit their family. Then you have to be realistic in nature policy. If even those kinds of things are no longer possible, you have to be critical about the nature goals that we want to pursue together. That does not go against nature. This means that on the one hand you say: you cannot enforce what cannot be enforced. You have to take that law of nature seriously. On the other hand, you say: make sure that you make the nature that you do have more robust and sturdier.";0
h-tk-20192020-15-4;Minister Van Nieuwenhuizen-Wijbenga;VVD;"Ik ben altijd graag bereid om bij collega's de belangen van de binnenvaart en van de verduurzaming daar aan de orde te stellen. Nogmaals, de banken hebben ook de green deal ondertekend. We gaan natuurlijk nauwlettend volgen of zij de daad bij het woord voegen en ook daadwerkelijk meedenken en dit mogelijk maken. Ik ben graag bereid om daar wat breder aandacht voor te vragen.
Ik blijf maar even bij de cruiseschepen en de heer Paternotte. Hoe lang blijven die vervuilende cruiseschepen in de binnenstad en moeten zij niet standaard op de walstroom? Dat is een hele goede vraag, want cruiseschepen meren vaak aan in de binnensteden omdat zij dan bij de toeristische attracties zijn. Dat heeft op zich voordelen, want dat voorkomt weer heel veel busvervoer enzovoort in de stad. De precieze plek waar zij mogen aanleggen, is natuurlijk een verantwoordelijkheid van de gemeente. Ik ben het echter zeer met de heer Paternotte eens dat walstroom de uitstoot van die cruiseschepen drastisch kan verminderen. Daarom is dit onderwerp ook onderdeel van de green deal. We gaan die vijf businesscases uitwerken. Daarbij zijn de havens van Amsterdam en Rotterdam heel uitdrukkelijke voorbeelden. Ik was voor het Global Center on Adaptation in Miami, omdat ik zeer blij was dat mayor Suarez van die stad zich bereid heeft verklaard om daar een lokaal kantoor — als Republikein, toch bijzonder — van het Global Center on Adaptation te openen. Ik werd rondgeleid in Miami en ook daar zie je grote cruiseschepen. Ik zei dat wij voor cruiseschepen bezig zijn met walstroom, daar hebben ze dat dus al. Dan denk je: dat is het land van Trump en wij lopen voor. Nou, wij lopen dus achter. Ik vind echt dat wij als Nederland ervoor moeten zorgen dat de cruiseschepen in Nederland gewoon walstroom kunnen krijgen. Ik vond het echt beschamend dat ik dat moest bekennen daar. Ik vind het ook heel goed dat wij met die vijf businesscases aan de slag gaan. In de richting van mevrouw De Pater, die zei dat het natuurlijk ook geldt langs de binnenvaartroutes, zeg ik dat wij echt moeten zorgen dat wij die walstroom voor elkaar krijgen.
De heer Stoffer heeft nog gevraagd hoe de minister vaart maakt met het vergroeningsfonds en wat zij gaat doen om te voorkomen dat geluidswensen de kleine schepen de das om doen. De heer Laçin en de heer Van Aalst hebben daar ook van alles over gezegd. Samen met de andere CCR-landen, de Centrale Commissie voor de Rijnvaart, heb ik een groot onderzoek uitbesteed naar de financieringsbehoefte en de financieringsmogelijkheden voor de verduurzaming van de binnenvaart. Zo'n brede actie kan ook in het kader van level playing field en gelijke kansen alleen maar in internationaal verband worden opgepakt. Medio volgend jaar zijn die studies gereed. Dan weten we precies wat de financieringsbehoefte is en welke instrumenten daarvoor geschikt zijn. In de tweede helft van volgend jaar kunnen we daar in Europees verband vervolgacties op zetten. In de afgelopen jaren zijn op Nederlands initiatief de internationale geluidseisen voor bestaande schepen van voor 1976 al versoepeld. Deze schepen kunnen nou eenmaal niet aan dezelfde eisen voldoen als nieuwe schepen. Daarom mogen bestaande schepen de normen voor woon- en slaapruimten met 5 tot 10 dB(A) overschrijden, als er maar wel maatregelen worden getroffen die redelijkerwijs binnen de mogelijkheden liggen. In overleg met de brancheorganisaties wordt nu door de ILT gekeken naar de manier waarop je daar in de praktijk invulling aan zou kunnen geven. Ik verwacht dat daar voor het eind van het jaar overeenstemming over wordt bereikt. Ik stel voor dat ik u daarover informeer voor het AO Maritiem.
De heer Laçin had daar een vraag aan gekoppeld: gaat de minister aan de slag met een werkbare hardheidsclausule die zekerheid biedt voor de schippers? De CCR en de EU kennen een hardheidsclausule waarop alle schepen een beroep kunnen doen, dus niet alleen de kleine schepen maar allemaal. Naast die normale hardheidsclausule was er inderdaad in het verleden een simpelere versie, de zogenaamde crisishardheidsclausule, die de CCR in 2008 heeft vastgesteld. Schippers konden voor één termijn van zeven jaar uitstel krijgen van investeringen, met als doel om de crisis te kunnen overbruggen door uitstel van de investeringsplicht. De ASV heeft mij nu gevraagd om een nieuwe, simpele regeling voor bestaande kleine schepen. In de tussentijd kunnen ze natuurlijk wel een beroep doen op de normale hardheidsclausule. Ik heb hun beloofd om hen daarbij te helpen. Op dit moment zijn we in gesprek met de ASV over, bij wijze van spreken met terugwerkende kracht, een soort dummycase: hoe had het kunnen werken? In de tussentijd ben ik ook bezig om de Europese collega's zover te krijgen. Ik heb ze allemaal een brief geschreven, met daarin de vraag: wij willen niet dat deze categorie het hoofd niet boven water kan houden, dus kan ik jullie instemming krijgen voor een simpelere hardheidsclausule à la de crisishardheidsclausule of in een andere vorm, zodat we de kleine schepen de mogelijkheid kunnen geven om toch door te kunnen gaan? Ik kan dat niet alleen beslissen, maar ik heb er wel goeie hoop op dat ik de Europese collega's ervan kan overtuigen, want het is niet in hun belang dat de kleine schepen verdwijnen. Kijk bijvoorbeeld naar het Franse vaarwegennet. Heel veel vaarwegen zijn daar alleen toegankelijk met kleine schepen. Ik verwacht ook steun van de Belgische binnenvaartsector. Ik heb dus goede hoop dat ik een stap verder kan komen, maar dat loopt nog.";2019-2020;17-10-2019;tk;handelingen;4 Begroting Infrastructuur en Waterstaat 2020;https://zoek.officielebekendmakingen.nl/h-tk-20192020-15-4.html;https://zoek.officielebekendmakingen.nl/h-tk-20192020-15-4.xml;nr. 15, item 4;van van nieuwenhuizen-wijbenga;"I am always happy to raise the interests of inland shipping and its sustainability with colleagues. Again, the banks have also signed the green deal. We will of course closely monitor whether they put their money where their mouth is and actually think along and make this possible. I would be happy to draw more attention to this.
I'll just stick with the cruise ships and Mr Paternotte. How long will those polluting cruise ships stay in the city center and should they not have shore power as standard? That is a very good question, because cruise ships often dock in the city centers because they are close to the tourist attractions. That in itself has advantages, because it prevents a lot of bus transport and so on in the city. The exact location where they are allowed to moor is of course the responsibility of the municipality. However, I very much agree with Mr Paternotte that shore power can drastically reduce emissions from those cruise ships. That is why this subject is also part of the green deal. We are going to develop those five business cases. The ports of Amsterdam and Rotterdam are very clear examples. I was in Miami for the Global Center on Adaptation because I was very happy that Mayor Suarez of that city has expressed his willingness to open a local office there - as a Republican, which is special - of the Global Center on Adaptation. I was shown around Miami and there you also see large cruise ships. I said that we are working on shore power for cruise ships, so they already have that. Then you think: that is Trump's country and we are ahead. Well, so we're behind. I really think that we in the Netherlands should ensure that cruise ships in the Netherlands can simply receive shore power. I thought it was really embarrassing that I had to admit that there. I also think it is very good that we are working on those five business cases. In the direction of Mrs De Pater, who said that this of course also applies along the inland shipping routes, I say that we really have to ensure that we achieve shore-side power.
Mr Stoffer asked how the minister is making progress with the greening fund and what she will do to prevent noise concerns from ruining small ships. Mr Laçin and Mr Van Aalst have also said a lot about this. Together with the other CCNR countries, the Central Commission for Navigation on the Rhine, I have outsourced a major study into the financing needs and financing options for making inland navigation more sustainable. Such a broad action can only be taken up internationally in the context of a level playing field and equal opportunities. These studies will be ready by the middle of next year. Then we know exactly what the financing need is and which instruments are suitable for this. We can take follow-up actions at a European level in the second half of next year. In recent years, the international noise requirements for existing ships built before 1976 have been relaxed at the Dutch initiative. These ships simply cannot meet the same requirements as new ships. Therefore, existing ships may exceed the standards for living and sleeping quarters by 5 to 10 dB(A), as long as measures are taken that are reasonably possible. In consultation with the trade organizations, the ILT is now looking at how this could be implemented in practice. I expect that an agreement will be reached on this before the end of the year. I propose that I inform you about this for the AO Maritime.
Mr Laçin had linked this to a question: will the minister work on a workable hardship clause that provides certainty for skippers? The CCNR and the EU have a hardship clause that all ships can invoke, not just small ships but all. In addition to the normal hardship clause, there was indeed a simpler version in the past, the so-called crisis hardship clause, which the CCNR adopted in 2008. Skippers could receive a deferral of investments for one period of seven years, with the aim of bridging the crisis by deferring the investment obligation. The ASV has now asked me for a new, simple scheme for existing small ships. In the meantime, they can of course invoke the normal hardship clause. I promised them to help them with that. We are currently in discussions with the ASV about, so to speak, retroactively, a kind of dummy case: how could it have worked? In the meantime, I am also working on getting my European colleagues to agree. I have written a letter to all of them asking: we do not want this category to be unable to keep its head above water, so can I get your agreement for a simpler hardship clause a la the crisis hardship clause or in another form, so that we can give the small ships the opportunity to continue? I cannot decide that alone, but I have high hopes that I can convince my European colleagues, because it is not in their interest that the small ships disappear. Look, for example, at the French waterway network. Many waterways there are only accessible by small ships. I also expect support from the Belgian inland shipping sector. So I have good hope that I can take a step further, but that is still ongoing.";0
h-tk-20192020-6-6;Minister Ollongren;D66;Nee, dat zou ik graag willen. We hebben via de woondeals inzicht in de plannen, maar nu hebben we een extra instrument in handen, een financieel instrument, waarvan we gezegd hebben dat het moet leiden tot sneller bouwen en meer woningen. We zien tegelijkertijd ook — en de vorige voorzitter wilde eigenlijk niet dat we dat onderwerp hier zouden bespreken — dat er een nieuw probleem is ontstaan en dat probleem heet stikstof. Dat probleem was er op zich al, maar laten we zeggen dat het gaat over het systeem waarmee we ermee omgingen. We hebben ook gezegd — en dat staat ook in de brief — dat de 1 miljard ook kan worden ingezet om dat probleem op te lossen. Wellicht zijn dat additionele kosten die gemaakt moeten worden om woningbouw wel mogelijk te maken en tegelijkertijd de stikstofdepositie te beperken. Dus om die reden is het heel lastig om nu te zeggen over welke aantallen we het precies hebben, want het hangt ervan af welke keuzes er worden gemaakt.;2019-2020;26-9-2019;tk;handelingen;6 Stijgende woonlasten voor huurders;https://zoek.officielebekendmakingen.nl/h-tk-20192020-6-6.html;https://zoek.officielebekendmakingen.nl/h-tk-20192020-6-6.xml;nr. 6, item 6;ollongren;No, I would like that. We have insight into the plans through the housing deals, but now we have an additional instrument at our disposal, a financial instrument, which we have said should lead to faster construction and more homes. At the same time, we also see - and the previous chairman actually did not want us to discuss that subject here - that a new problem has arisen and that problem is called nitrogen. That problem was there in itself, but let's say it's about the system we used to deal with it. We also said - and this is also stated in the letter - that the 1 billion can also be used to solve that problem. These may be additional costs that have to be incurred to make housing construction possible and at the same time limit nitrogen deposition. So for that reason it is very difficult to say exactly what numbers we are talking about, because it depends on what choices are made.;0
h-tk-20192020-47-7;Minister De Jonge;CDA;Ja, dat is het amendement op stuk nr. 34 (34767) van de heer Kerstens. Hij is niet in de zaal, maar ik weet dat hij dan altijd eventjes via de monitor meekijkt. Dat amendement ga ik ontraden. Het amendement regelt namelijk een voorhang van de AMvB.;2019-2020;29-1-2020;tk;handelingen;7 Wet toetreding zorgaanbieders;https://zoek.officielebekendmakingen.nl/h-tk-20192020-47-7.html;https://zoek.officielebekendmakingen.nl/h-tk-20192020-47-7.xml;nr. 47, item 7;de de jonge;Yes, that is the amendment to document no. 34 (34767) by Mr Kerstens. He is not in the room, but I know he is always watching through the monitor. I will advise against that amendment. The amendment provides for a preview of the AMvB.;0
h-tk-20192020-55-34;De heer Baudet;FvD;... dan is er geen enkele reden om Portugal te gaan veroveren of Polen.;2019-2020;18-2-2020;tk;handelingen;34 Buitengewone Europese top van 20 februari 2020;https://zoek.officielebekendmakingen.nl/h-tk-20192020-55-34.html;https://zoek.officielebekendmakingen.nl/h-tk-20192020-55-34.xml;nr. 55, item 34;baudet;... then there is no reason to conquer Portugal or Poland.;0
h-tk-20192020-54-2;De heer Jetten;D66;Naar aanleiding van de motie over Mercosur heb ik een vraag. Wil de Partij voor de Dieren nou dat dit kabinet aan de slag gaat om de nog lopende onderhandelingen te gebruiken om de lat van een vrijhandelsverdrag hoger te leggen, om ook daar klimaat en dierenwelzijn beter te beschermen, of wil mevrouw Ouwehand dat de onderhandelingen van het verdrag gewoon stoppen, omdat ze überhaupt geen internationale afspraken over handel wil maken?;2019-2020;13-2-2020;tk;handelingen;2 Goedkeuring Brede Economische en Handelsovereenkomst (CETA) tussen Canada en de Europese Unie;https://zoek.officielebekendmakingen.nl/h-tk-20192020-54-2.html;https://zoek.officielebekendmakingen.nl/h-tk-20192020-54-2.xml;nr. 54, item 2;jetten;I have a question regarding the motion on Mercosur. Does the Party for the Animals want this cabinet to use the ongoing negotiations to raise the bar for a free trade agreement, to better protect the climate and animal welfare there too, or does Ms. Ouwehand want the treaty negotiations to simply stop, because she does not want to make international agreements on trade in the first place?;0
h-tk-20192020-46-32;Minister Bijleveld-Schouten;CDA;Omdat wij op hoofdlijnen informeren en ook verwijzen naar het verdrag, kan de Kamer haar taak uitoefenen en daar vragen over stellen in onze richting. Ik blijf de motie toch ontraden.;2019-2020;28-1-2020;tk;handelingen;32 Samenwerking tussen Nederland en de VS op het gebied van defensieaangelegenheden;https://zoek.officielebekendmakingen.nl/h-tk-20192020-46-32.html;https://zoek.officielebekendmakingen.nl/h-tk-20192020-46-32.xml;nr. 46, item 32;bijleveld-schouten;Because we provide general information and also refer to the treaty, the House can perform its task and ask questions about it in our direction. I still advise against the motion.;0
h-tk-20192020-51-5;De heer Laçin;SP;Dat moeten we niet willen, dus dit debat moeten we snel gaan voeren.;2019-2020;6-2-2020;tk;handelingen;5 Regeling van werkzaamheden;https://zoek.officielebekendmakingen.nl/h-tk-20192020-51-5.html;https://zoek.officielebekendmakingen.nl/h-tk-20192020-51-5.xml;nr. 51, item 5;laçin;We shouldn't want that, so we have to have this debate quickly.;0
h-tk-20192020-37-46-n1;De heer Moorlag;PvdA;Dit zijn toch wat repeterende debatten. Deze wisseling van argumenten verloopt al menig debat en menig algemeen overleg volgens hetzelfde sjabloon. Ik verdenk de minister er zo'n beetje van dat hij een wat masochistische inslag heeft. Hij moet telkens met tegenvallers naar de Kamer en moet dan de verbale zweepslagen van de Kamer incasseren, vooral van het oppositiesmaldeel. Dan denk ik: potverdorie, neem die adviezen van de Rli en van het PBL nou eens serieus! Die zwaaien nu ook alweer met gele vlaggen. De Rli zegt: er is meer overheidssturing nodig. Het PBL zegt: nounounou, er moet nog wel heel wat gebeuren!;2019-2020;17-12-2019;tk;handelingen;46 Klimaat- en Energieverkenning 2019;https://zoek.officielebekendmakingen.nl/h-tk-20192020-37-46-n1.html;https://zoek.officielebekendmakingen.nl/h-tk-20192020-37-46-n1.xml;nr. 37, item 46;moorlag;These are somewhat repetitive debates. This exchange of arguments has followed the same template for many debates and many general consultations. I suspect that the minister has a somewhat masochistic streak. He always has to go to Parliament with setbacks and then has to take the verbal lashings from the House, especially from the opposition squadron. Then I think: damn it, take the advice from the Rli and the PBL seriously! They are now waving yellow flags again. The Rli says: more government guidance is needed. The PBL says: well, a lot still needs to be done!;1
h-tk-20192020-76-6;De heer Segers;CU;Ik wens hen sterkte bij de uitvoering en bij alles wat nog voor ons ligt.;2019-2020;28-5-2020;tk;handelingen;6 Kortetermijnstimulerings- en reddingsmaatregelen en langetermijnontwikkelingen economie;https://zoek.officielebekendmakingen.nl/h-tk-20192020-76-6.html;https://zoek.officielebekendmakingen.nl/h-tk-20192020-76-6.xml;nr. 76, item 6;segers;I wish them strength in the implementation and in everything that lies ahead.;0
h-tk-20192020-40-7;De heer Van Otterloo;50PLUS;Steun voor het verzoek.;2019-2020;14-1-2020;tk;handelingen;7 Regeling van werkzaamheden;https://zoek.officielebekendmakingen.nl/h-tk-20192020-40-7.html;https://zoek.officielebekendmakingen.nl/h-tk-20192020-40-7.xml;nr. 40, item 7;van van otterloo;Support for the request.;0
h-tk-20192020-93-4;Mevrouw Dik-Faber;CU;"Ik denk dat ik hier in tweede termijn wellicht nog op terugkom, want ik vind dat uit de woorden van de minister-president ook wel blijkt dat wij hier moeilijk sturing aan kunnen geven. Het is een verzoek aan mensen; mensen zouden beter niet naar oranje gebieden kunnen vertrekken. Ik weet dat je er niks aan kunt doen als je daar eenmaal bent, als je op vakantie bent in Kroatië en het gebied kleurt oranje. Maar het komt gewoon echt te vaak voor dat mensen het reisadvies in de wind slaan en nu met duizenden tegelijk terugkeren. Nogmaals een oproep aan de minister-president om hier goed de vinger aan de pols te houden, om te blijven zoeken naar manieren om deze groep te bereiken en te blijven uitspreken dat dit zeer onwenselijk is als we met elkaar het virus in bedwang willen houden.";2019-2020;12-8-2020;tk;handelingen;4 Ontwikkelingen rondom het coronavirus;https://zoek.officielebekendmakingen.nl/h-tk-20192020-93-4.html;https://zoek.officielebekendmakingen.nl/h-tk-20192020-93-4.xml;nr. 93, item 4;dik-faber;"I think I will probably come back to this in the second term, because I think that the Prime Minister's words also show that it is difficult for us to provide guidance on this. It is a request to people; people should not leave for orange areas. I know you can't do anything about it once you're there, if you're on holiday in Croatia and the area turns orange. But it just happens too often that people ignore the travel advice and now return in their thousands. Once again an appeal to the Prime Minister to keep a close eye on this, to continue looking for ways to reach this group and to continue to say that this is very undesirable if we want to control the virus together.";0
h-tk-20192020-73-6;Minister Van Rijn;PvdA;"Misschien wel omdat ik er elke dag mee bezig ben om ervoor te zorgen dat er voldoende beschermingsmiddelen zijn en zullen blijven. Je kan niet voorbereid zijn op een situatie waarin de productie van alle inkopers instort, in India en China, en zich een wereldwijde vraag ontwikkelt van 61 keer het aantal beschermingsmiddelen dat tot dan toe werd ingekocht. We hadden daarbij geen productie in Nederland. Dus dat is één.
En nu even de enquête van de vakbond. Die heb ik ook gezien. Het RIVM schrijft voor in welke situatie je beschermingsmiddelen moet gebruiken. Het is logisch dat als er besmetting is of vermoeden van besmetting, je beschermingsmiddelen moet gebruiken. Het kan zijn dat die er niet zijn of je op afstand kan werken. Voor lijfgebonden zorg moet je meestal beschermingsmiddelen hebben en voor de niet-lijfgebonden zorg niet. Ik kan me heel goed voorstellen dat dat je onzeker maakt. Want ja, wie leest die richtlijnen van het RIVM? Wanneer moet je het nou wel of niet doen? Als je in de thuiszorg naar iemand toe moet en niet zeker weet of je een beschermingsmiddel moet hebben — dat hoeft misschien niet — maar je hebt ze niet, dan word je daar toch onzeker van. Dat is ook de reden dat we met de bonden en met het RIVM hebben afgesproken om wat ruimte te maken voor het persoonlijke oordeel van de zorgmedewerker. Als die in een situatie terechtkomt waarin de richtlijn niet werkt, krijgt hij de beschikking over beschermingsmiddelen. De richtlijn van het RIVM is op dat punt ook aangepast. De aankoop van beschermingsmiddelen is aangepast en ook de verdeling ervan is aangepast. Dat wil niet zeggen dat iedereen zich daarin al herkent. Ik heb met de bonden afgesproken dat wij gezamenlijk praktische richtlijnen zullen maken, zodat iedere medewerker kan zien wanneer het wel en niet moet. We checken elke dag of er genoeg voorraad is en we krijgen van de instellingen geen signalen dat er tekorten zijn, maar ik ben pas tevreden als de medewerkers en de medewerksters dat zelf ook voelen en ervaren.";2019-2020;20-5-2020;tk;handelingen;6 Ontwikkelingen rondom het coronavirus;https://zoek.officielebekendmakingen.nl/h-tk-20192020-73-6.html;https://zoek.officielebekendmakingen.nl/h-tk-20192020-73-6.xml;nr. 73, item 6;van van rijn;"Perhaps because I work every day to ensure that there are and will remain sufficient protective equipment. You cannot be prepared for a situation in which production of all buyers collapses, in India and China, and a global demand develops of 61 times the amount of protective equipment purchased until then. We had no production in the Netherlands. So that's one.
And now for the union survey. I've seen that too. The RIVM prescribes in which situation you must use protective equipment. It is logical that if there is contamination or suspicion of contamination, you must use protective equipment. They may not be available or you may be able to work remotely. You usually need protective equipment for personal care and not for non-personal care. I can very well imagine that that makes you insecure. Because, who reads the RIVM guidelines? When should you do it or not? If you have to go to someone in home care and you are not sure whether you need protective equipment - you may not need it - but you do not have it, it still makes you feel insecure. That is also the reason why we have agreed with the unions and the RIVM to make some room for the personal judgment of the healthcare worker. If he finds himself in a situation in which the directive does not work, he will be provided with protective equipment. The RIVM guideline has also been adjusted on this point. The purchase of protective equipment has been adjusted and its distribution has also been adjusted. That does not mean that everyone recognizes themselves in this. I have agreed with the unions that we will jointly draw up practical guidelines so that every employee can see when it is and is not necessary. We check every day whether there is enough stock and we do not receive any signals from the institutions that there are shortages, but I am only satisfied when the employees feel and experience this themselves.";0
h-tk-20192020-100-6;De heer Van der Molen;CDA;Zowel de Voorzitter van de Kamer als voorzitters van de Kamercommissies zijn ook lid van een fractie in dit huis. Wij werken hier alleen maar met mensen van een politieke kleur, dus dat zal geen grote verandering zijn. Net als hier zal het moment van indienen van een verzoek tot een dertigledendebat dat toegekend wordt ook in een commissie moeten spelen. Dertigledendebatten richten zich heel vaak op een actueel onderwerp dat binnen redelijk afzienbare tijd behandeld kan worden. Wij zien in de praktijk dat de Kameragenda weinig ruimte laat om die snel in te plannen. Ik heb zelf weleens een dertigledendebat aangevraagd. Dat kon op een gegeven moment afgevoerd worden, maar daar had ik nog maanden op moeten wachten. Het punt dat ik graag wil maken, is dat ik 30 leden niet het recht wil ontzeggen om een debat op de agenda te krijgen, maar juist dat ik het behandelen daarvan wil bespoedigen. Tegelijkertijd moeten we hier ruimte maken om ons werk als Kamer te doen, omdat het kabinet veel te vaak ermee wegkomt dat wij in een kort tijdsbestek hele ingewikkelde, ingrijpende wetten even met twee vingers in de neus moeten behandelen. Dat vind ik geen goede zaak.;2019-2020;10-9-2020;tk;handelingen;6 Algehele herziening van het Reglement van Orde;https://zoek.officielebekendmakingen.nl/h-tk-20192020-100-6.html;https://zoek.officielebekendmakingen.nl/h-tk-20192020-100-6.xml;nr. 100, item 6;van der van der molen;Both the President of the House and chairmen of the House committees are also members of a faction in this house. We only work with people of a political color here, so that won't be a big change. Just as here, the moment of submitting a request for a thirty-member debate that is granted will also have to take place in a committee. Thirty-member debates very often focus on a current topic that can be dealt with within a reasonably foreseeable time. In practice, we see that the parliamentary agenda leaves little room for rapid planning. I have once requested a thirty-member debate myself. That could be removed at some point, but I would have had to wait months for that. The point I would like to make is that I do not want to deny 30 Members the right to have a debate on the agenda, but rather I want to speed up the process. At the same time, we must make room here to do our work as a House, because far too often the government gets away with having to treat very complicated, far-reaching laws in a short period of time with a two-fingered approach. I don't think that's a good thing.;0
h-tk-20192020-64-2;De heer Hijink;SP;Maar als de minister-president in zijn toespraak een groot deel van z'n tijd besteedt aan het uiteenzetten van de strategie, namelijk het bouwen van een muur rondom kwetsbare mensen, en als ook de heer Van Dissel aanhaakt bij die strategie en zegt dat het inderdaad het idee is om op een gecontroleerde manier het virus te laten rondgaan, dan is het toch niet zo onlogisch dat dat bij heel veel mensen heel veel zorgen oproept? En dan kun je wel zeggen dat dat niet het primaire doel is, maar het is wel zo dat, doordat wij te weinig testen in Nederland en doordat het beleid is opgegeven om op te sporen en te isoleren, dit misschien wel de laatste optie is die we nog hebben, namelijk het zo beperkt mogelijk houden en bijgevolg accepteren dat we moeten uitgaan van immuniteit. Dat is een strategie waarvan de WHO het dus blijkbaar nodig heeft gevonden om na afloop van de speech tegen Nederland te zeggen: luister, wij vinden dit op dit moment niet opportuun om te doen.;2019-2020;18-3-2020;tk;handelingen;2 Actuele ontwikkelingen rondom het coronavirus;https://zoek.officielebekendmakingen.nl/h-tk-20192020-64-2.html;https://zoek.officielebekendmakingen.nl/h-tk-20192020-64-2.xml;nr. 64, item 2;hijink;But if the Prime Minister spends a large part of his time in his speech explaining the strategy, namely building a wall around vulnerable people, and if Mr Van Dissel also joins in with that strategy and says that the idea is indeed to allow the virus to circulate in a controlled manner, then it is not so illogical that this raises a lot of concerns among many people? And then you can say that that is not the primary goal, but it is true that, because we test too little in the Netherlands and because the policy has been abandoned to detect and isolate, this may be the last option we have left, namely to keep it as limited as possible and therefore accept that we must assume immunity. That is a strategy for which the WHO apparently found it necessary to say to the Netherlands after the speech: listen, we do not think this is appropriate to do at this time.;0
h-tk-20192020-82-9;De heer Van Raan;PvdD;Maar dit hoort gewoon bij het vonnis.;2019-2020;11-6-2020;tk;handelingen;9 Urgendazaak;https://zoek.officielebekendmakingen.nl/h-tk-20192020-82-9.html;https://zoek.officielebekendmakingen.nl/h-tk-20192020-82-9.xml;nr. 82, item 9;van van raan;But this is just part of the verdict.;0
h-tk-20192020-14-8;De heer Van Aalst;PVV;Steun, voorzitter.;2019-2020;16-10-2019;tk;handelingen;8 Regeling van werkzaamheden;https://zoek.officielebekendmakingen.nl/h-tk-20192020-14-8.html;https://zoek.officielebekendmakingen.nl/h-tk-20192020-14-8.xml;nr. 14, item 8;van van aalst;Support, Chairman.;0
h-tk-20192020-28-23;De heer Stoffer;SGP;Geen steun.;2019-2020;26-11-2019;tk;handelingen;23 Regeling van werkzaamheden;https://zoek.officielebekendmakingen.nl/h-tk-20192020-28-23.html;https://zoek.officielebekendmakingen.nl/h-tk-20192020-28-23.xml;nr. 28, item 23;stoffer;No support.;0
h-tk-20202021-67-7;Minister Slob;CU;Voorzitter. Op deze manier uitgelegd kan ik de motie oordeel Kamer geven.;2020-2021;13-4-2021;tk;handelingen;7 Besluit eindexamens 2021 en kabinetsreactie op de moties over examens voortgezet speciaal onderwijs;https://zoek.officielebekendmakingen.nl/h-tk-20202021-67-7.html;https://zoek.officielebekendmakingen.nl/h-tk-20202021-67-7.xml;nr. 67, item 7;slob;Chair. Explained in this way, I can give the House's opinion on the motion.;0
h-tk-20202021-86-8;De heer Stoffer;SGP;Inderdaad, voorzitter. Nu de minister me zolang aankijkt ... Nee, op zich kan ik me daarin vinden, maar het kan natuurlijk zijn dat als je dat op papier hebt staan, dat dan aanleiding geeft om dat te herzien. Dit is natuurlijk alleen de inventarisatie, maar ik kan me voorstellen dat van daaruit ook bepaalde stappen gezet worden. Maar goed, daar gaan wij uiteindelijk als Kamer weer over.;2020-2021;9-6-2021;tk;handelingen;8 Verantwoordingsdebat over het jaar 2020;https://zoek.officielebekendmakingen.nl/h-tk-20202021-86-8.html;https://zoek.officielebekendmakingen.nl/h-tk-20202021-86-8.xml;nr. 86, item 8;stoffer;Indeed, Chairman. Now that the minister has been looking at me for so long ... No, I can agree with that, but it is of course possible that if you have that on paper, that gives reason to revise it. This is of course only the inventory, but I can imagine that certain steps will also be taken from there. Anyway, that is ultimately what we as a House are about.;0
h-tk-20202021-107-5;Mevrouw Van den Berg;CDA;Wij zouden het drang vinden als we gaan naar een situatie van 2G, die meneer Paternotte beschrijft. Dan is er feitelijk geen alternatief meer. Daar zijn wij zeker nu nog geen voorstander van. De andere kant is dat we in juli al eerder gepleit hebben voor mobiele testlocaties om het testen juist wel makkelijker te maken. Ik hoor ook jongeren die zeggen: weet je, dan vind ik het eigenlijk veel makkelijker om die prik te krijgen. Zij hebben daar dus geen principiële bezwaren tegen, maar zijn er gewoon nog niet aan toegekomen. Het neveneffect van het coronatoegangsbewijs kan zijn dat zij zeggen: dan kies ik toch voor die vaccinatie. Het eind is natuurlijk dat als men niet kiest voor vaccinatie, het langer kan duren voordat wij in de samenleving voldoende aan weerstand hebben opgebouwd. Dus dan moeten er nog veel meer mensen ziek worden, voordat we volgende stappen kunnen nemen. Dat zouden wij jammer vinden. Dus wij zeggen: doe aan de ene kant nu die coronatoegangsbewijzen als hulpmiddel om te zorgen dat iedereen mee kan doen op een veel betere manier dan de afgelopen anderhalf jaar, en blijf als minister aan de andere kant hard inzetten op het bereiken van alle groepen om gevaccineerd te worden.;2020-2021;16-9-2021;tk;handelingen;5 Ontwikkelingen rondom het coronavirus;https://zoek.officielebekendmakingen.nl/h-tk-20202021-107-5.html;https://zoek.officielebekendmakingen.nl/h-tk-20202021-107-5.xml;nr. 107, item 5;van den van den berg;We would consider it urgent if we moved to a 2G situation that Mr. Paternotte describes. Then there is in fact no alternative. We are certainly not in favor of that yet. The other side is that we previously advocated mobile testing locations in July to make testing easier. I also hear young people who say: you know, I actually find it much easier to get that shot. So they have no objections in principle to this, but just haven't gotten around to it yet. The side effect of the corona admission ticket may be that they say: then I will opt for that vaccination. The end, of course, is that if people do not opt ​​for vaccination, it may take longer before we in society have built up sufficient resistance. So many more people will have to get sick before we can take the next steps. We would think that would be a shame. So we say: on the one hand, use those corona admission tickets as a tool to ensure that everyone can participate in a much better way than in the past year and a half, and on the other hand, as a minister, continue to focus hard on reaching all groups to be vaccinated.;0
h-tk-20202021-77-4;De heer Kuzu;DENK;Grinnikend en lachend, voorzitter, zit de heer Baudet te smalen dat de situatie in Syrië veilig is. Ik vraag, via u, voorzitter: is hij op zijn achterhoofd gevallen?;2020-2021;19-5-2021;tk;handelingen;4 Terugkeerregeling voor Syrische vluchtelingen;https://zoek.officielebekendmakingen.nl/h-tk-20202021-77-4.html;https://zoek.officielebekendmakingen.nl/h-tk-20202021-77-4.xml;nr. 77, item 4;kuzu;Grinning and laughing, Chairman, Mr Baudet is scornful that the situation in Syria is safe. I ask, through you, Chairman: did he fall on the back of his head?;1
h-tk-20202021-8-8;Van Ark;VVD;"Zeker. Ik ben alleen maar meer gemotiveerd om dat scenario te voorkomen, maar ik bevind me daarmee in een goed, breed gezelschap, denk ik.
Voorzitter. Ik heb nog een aantal andere vragen waarvan ik er een aantal al in interrupties heb beantwoord. Gezien de tijd ga ik er even snel doorheen. De heer Wilders vroeg naar de rijksambtenaren die conform de afgesloten cao een thuiswerkvergoeding krijgen. Dat is niet zozeer een bonus als wel de uitkomst van een cao-bespreking, een regulier onderhandelingsproces tussen werkgevers en werknemers binnen de sector Rijk. Daar is een afspraak gemaakt over een eenmalige vergoeding van de kosten die thuiswerkers maken. Het is echt geen bonus, maar een vergoeding van kosten. Het Nibud heeft daar berekeningen voor gemaakt. Het lijkt me goed om hier te zeggen dat er ook heel veel ambtenaren zijn die in de afgelopen maanden keihard gewerkt hebben. Als ik daarvoor mijn waardering kan uitspreken, dan wil ik die hier graag overbrengen.";2020-2021;30-9-2020;tk;handelingen;8 Ontwikkelingen rondom het coronavirus;https://zoek.officielebekendmakingen.nl/h-tk-20202021-8-8.html;https://zoek.officielebekendmakingen.nl/h-tk-20202021-8-8.xml;nr. 8, item 8;van van ark;"Certainly. I'm just more motivated to prevent that scenario, but I think I'm in good, broad company with that.
Chair. I have a number of other questions, some of which I have already answered during interruptions. Given the time, I'll go through it quickly. Mr Wilders asked about government civil servants who receive a home-working allowance in accordance with the collective labor agreement concluded. This is not so much a bonus as the outcome of a collective labor agreement discussion, a regular negotiation process between employers and employees within the government sector. An agreement has been made about a one-off reimbursement of the costs incurred by homeworkers. It is really not a bonus, but a reimbursement of costs. Nibud has made calculations for this. I think it would be good to say here that there are also many civil servants who have worked very hard in recent months. If I can express my appreciation for that, I would like to convey it here.";0
h-tk-20202021-36-11;De heer Harbers;VVD;Nee, daar zijn op dit moment geen budgettaire grenzen. Je moet overigens wel naar het hele pakket kijken. Bij alles doen wat mogelijk is moet je ook gewoon kijken naar datgene — daar heeft mevrouw Bromet ook kritiek op — wat in de Habitatrichtlijn staat. Betrek ook de sociale, economische, regionale, culturele aspecten als je alles, alles in het werk hebt gesteld. Maar we weten gewoon dat er hier en daar in Nederland gebieden zijn die zo dicht bij de grens liggen dat je gewoon meer afhankelijk bent van wat er in Duitsland of België gebeurt dan wat je in Nederland doet. Je weet dat er misschien op termijn ook nog wel gebieden zijn waarbij je bij wijze van spreken alle activiteiten in een omgeving weghaalt, tot wonen aan toe, en dan nog steeds te veel depositie uit het buitenland hebt. Ik bedoel: er zijn situaties, daar moeten we ons nu gewoon op voorbereiden, waarin je de minister ook een titel geeft om naar de Europese Commissie te gaan en te zeggen: joh, wat verwacht je nou van ons?;2020-2021;10-12-2020;tk;handelingen;11 Stikstofreductie en natuurverbetering;https://zoek.officielebekendmakingen.nl/h-tk-20202021-36-11.html;https://zoek.officielebekendmakingen.nl/h-tk-20202021-36-11.xml;nr. 36, item 11;harbers;No, there are no budgetary limits there at the moment. You do have to look at the whole package. When doing everything possible, you simply have to look at what Mrs Bromet also criticizes - what is stated in the Habitats Directive. Also include the social, economic, regional, cultural aspects when you have done everything possible. But we just know that there are areas here and there in the Netherlands that are so close to the border that you are simply more dependent on what happens in Germany or Belgium than what you do in the Netherlands. You know that in the long term there may also be areas where you, so to speak, remove all activities in an environment, including housing, and then you still have too much deposition from abroad. I mean: there are situations, we just have to prepare for that, where you also give the minister a title to go to the European Commission and say: dude, what do you expect from us?;0
h-tk-20202021-52-6;Minister De Jonge;CDA;Dat is een heel goed voorstel. Ik weet dat er goed wordt meegeluisterd door tientallen ambtenaren.;2020-2021;3-2-2021;tk;handelingen;6 Privacylek in de systemen van de GGD;https://zoek.officielebekendmakingen.nl/h-tk-20202021-52-6.html;https://zoek.officielebekendmakingen.nl/h-tk-20202021-52-6.xml;nr. 52, item 6;de de jonge;That's a very good proposal. I know that dozens of civil servants are listening closely.;0
h-tk-20202021-91-37;Minister Rutte;VVD;"Dan de motie op stuk nr. 1707, over mogelijkheden voor legale migratie. Wij bevorderen op dit moment legale migratie binnen de bestaande kaders, als onderdeel van bredere afspraken op Europees niveau. Verdere stappen, waarom ook deze motie vraagt, zijn echt aan een nieuw kabinet. Ik zou dus zeggen: aanhouden. De heer Sjoerdsma heeft ook zelf strak in de hand wanneer er een nieuw kabinet komt en kan de motie dan weer indienen. Ik moet de motie nu ontraden als hij die niet zou aanhouden.
Dan de motie op stuk nr. 1708. Ik wijs hiervoor ook naar het besprokene in het debat. Het rechtsstaatmechanisme is in werking, de zogenaamde flitspaal. Afgesproken is dat boetes na de Hofzaak volgen. Als we de afspraak niet gemaakt hadden, was er op dit moment helemaal niets geweest, geen MFK, geen RRF en ook geen rechtsstaatmechanisme. De motie op stuk nr. 1708 is dus ontraden.
Mijn advies is om de motie op stuk nr. 1709 aan te houden. Ik ben zelf niet bekend met de inhoud van de afspraken tussen de Commissie en UEFA, noch met de afspraken met UEFA vanuit Nederland. Misschien kan deze motie worden ingediend bij een debat met de minister van VWS. Ik moet de motie nu voor de zekerheid ontraden, maar misschien kan die beter even worden aangehouden en kan mevrouw Piri die indienen bij een debat met Tamara van Ark.
De motie op stuk nr. 1710: oordeel Kamer, mits ik hierin kan lezen dat we onderzoeken van OLAF en de Commissie bij dat oordeel betrekken.";2020-2021;22-6-2021;tk;handelingen;37 Europese top van 24-25 juni 2021;https://zoek.officielebekendmakingen.nl/h-tk-20202021-91-37.html;https://zoek.officielebekendmakingen.nl/h-tk-20202021-91-37.xml;nr. 91, item 37;rutte;"Then the motion on document no. 1707, about options for legal migration. We are currently promoting legal migration within existing frameworks, as part of broader agreements at European level. Further steps, which this motion also calls for, are really up to a new cabinet. So I would say: keep it up. Mr Sjoerdsma also has strict control over when a new cabinet will be formed and can then submit the motion again. I now have to advise against the motion if he does not adhere to it.
Then the motion on document no. 1708. I also refer to what was discussed in the debate. The rule of law mechanism is in operation, the so-called speed camera. It has been agreed that fines will follow after the Court case. If we had not made the agreement, there would have been nothing at all at this point, no MFF, no RRF and no rule of law mechanism. The motion on document no. 1708 has therefore been discouraged.
My advice is to defer the motion on document no. 1709. I am not familiar with the content of the agreements between the Commission and UEFA, nor with the agreements with UEFA from the Netherlands. Perhaps this motion can be submitted during a debate with the Minister of Health, Welfare and Sport. To be on the safe side, I now have to advise against the motion, but perhaps it would be better to postpone it for a while and Ms Piri can submit it during a debate with Tamara van Ark.
The motion on document no. 1710: judgment of the House, provided that I can read in it that we are including investigations by OLAF and the Commission in that judgment.";0
h-tk-20202021-75-9;Minister De Jonge;CDA;"Over reizen heb ik geen moties gezien. Er was nog wel een enkele vraag van de Partij voor de Dieren. Die vroeg waarom het kabinet nu toch de teugels laat vieren. Dat valt wel mee, hoor. We zijn juist heel terughoudend in de stap die we zetten. We gaan alleen over van een generiek op een landenspecifiek reisadvies. Ik denk dat dat heel behulpzaam is, omdat voor de landen waar het veilig is, weer wel dingen mogelijk worden. Voor de landen waar dat nog niet zo is, wordt het nog niet mogelijk gemaakt. Dat is dus heel specifiek per land. Daarnaast hebben we natuurlijk de quarantainewet ingevoerd om een aantal extra restricties te kunnen opleggen aan hoogrisicolanden.
Dat was het eigenlijk, voorzitter. Ik heb geen moties meer.";2020-2021;12-5-2021;tk;handelingen;9 Ontwikkelingen rondom het coronavirus;https://zoek.officielebekendmakingen.nl/h-tk-20202021-75-9.html;https://zoek.officielebekendmakingen.nl/h-tk-20202021-75-9.xml;nr. 75, item 9;de de jonge;"I haven't seen any motions about traveling. There was still a single question from the Party for the Animals. He asked why the cabinet is now loosening the reins. That's not too bad, you know. We are actually very cautious in the step we are taking. We are only switching from generic to country-specific travel advice. I think that is very helpful, because things become possible again for countries where it is safe. It is not yet made possible for countries where this is not yet the case. So that is very specific per country. In addition, we have of course introduced the quarantine law in order to impose a number of additional restrictions on high-risk countries.
That's actually it, Chairman. I have no more motives.";0
h-tk-20202021-21-12;De heer Kops;PVV;Dat is natuurlijk geen antwoord op de vraag.;2020-2021;5-11-2020;tk;handelingen;12 Begroting Economische Zaken en Klimaat 2021;https://zoek.officielebekendmakingen.nl/h-tk-20202021-21-12.html;https://zoek.officielebekendmakingen.nl/h-tk-20202021-21-12.xml;nr. 21, item 12;kops;Of course that doesn't answer the question.;0
h-tk-20202021-63-6;De heer Van der Staaij;SGP;Voorzitter. Het is goed dat er een debat komt om opheldering te krijgen, maar het is ook waardevol als daarvoor nog extra stukken kunnen komen die beschikbaar zijn.;2020-2021;31-3-2021;tk;handelingen;6 Regeling van werkzaamheden;https://zoek.officielebekendmakingen.nl/h-tk-20202021-63-6.html;https://zoek.officielebekendmakingen.nl/h-tk-20202021-63-6.xml;nr. 63, item 6;van der van der staaij;Chair. It is good that there is a debate to obtain clarification, but it is also valuable if additional documents can be made available for this purpose.;0
h-tk-20202021-107-5;Mevrouw Westerveld;GroenLinks;Die mobiele testlocaties zijn er nog niet, wat voor veel mensen een drempel voor het testen met zich meebrengt. Daar gaat mijn vraag over. Collega Van den Berg van het CDA had net een verhaal over solidariteit met elkaar, met mensen met een zwakkere gezondheid, met jongeren en met horecaondernemers. Aan de andere kant moeten we meer inzetten op vaccinatie van de groep mensen die de taal minder machtig zijn. Daar ben ik het helemaal mee eens. In het licht van deze uitgangspunten is dan wel de vraag of de coronatoegangsbewijzen die het kabinet voorstelt de manier zijn om de doelen te bereiken die het CDA hier noemt.;2020-2021;16-9-2021;tk;handelingen;5 Ontwikkelingen rondom het coronavirus;https://zoek.officielebekendmakingen.nl/h-tk-20202021-107-5.html;https://zoek.officielebekendmakingen.nl/h-tk-20202021-107-5.xml;nr. 107, item 5;westerveld;These mobile testing locations do not yet exist, which poses a barrier to testing for many people. That's what my question is about. Colleague Van den Berg from the CDA just had a story about solidarity with each other, with people with weaker health, with young people and with catering entrepreneurs. On the other hand, we must focus more on vaccinating the group of people who are less proficient in the language. I completely agree with that. In light of these principles, the question is whether the corona admission tickets that the cabinet is proposing are the way to achieve the goals that the CDA mentions here.;0
h-tk-20202021-76-2;Minister Ollongren;D66;Een beetje kort en flauw antwoord, al bedoel ik het zo helemaal niet: dan had hij de collega hier moeten vragen. Die is verantwoordelijk voor de AVG. Ik ben verantwoordelijk voor de verschillende overheden en ik heb juist wel een toezegging willen doen aan de heer Van Baarle. Die herhaal ik nog eens. Ik neem het juist uiterst serieus. Het overleg dat ik heb aangekondigd, heeft als doel om ervoor te zorgen dat de gemeenten, maar ook andere overheden, waaronder onze eigen ministeries, gewoon heel goed doordrongen zijn van hoe het in elkaar zit en wat niet meer kan gebeuren.;2020-2021;18-5-2021;tk;handelingen;2 Vragenuur: Vragen Van Baarle;https://zoek.officielebekendmakingen.nl/h-tk-20202021-76-2.html;https://zoek.officielebekendmakingen.nl/h-tk-20202021-76-2.xml;nr. 76, item 2;ollongren;A bit of a short and lame answer, although I don't mean it that way at all: then he should have asked the colleague here. It is responsible for the GDPR. I am responsible for the various authorities and I wanted to make a commitment to Mr Van Baarle. I'll repeat that again. I actually take it extremely seriously. The aim of the consultation that I have announced is to ensure that municipalities, but also other authorities, including our own ministries, are fully aware of how things work and what can no longer happen.;0
h-tk-20202021-72-14;Minister Rutte;VVD;"Twee lagen, denk ik, maar ik weet niet of het genoeg is. Het is, denk ik, het begin van een antwoord. Eén is dat Bas van 't Wout en Ferd Grapperhaus, de ministers van Economische Zaken en van Justitie en Veiligheid, intensief contact hebben met zowel de winkels als met de horecasector. Wij proberen hen zeer nauw te betrekken bij wat wij doen. Dat leidt niet altijd tot gejuich, dit keer bij de winkels iets meer dan bij de horeca. Maar er is wel begrip voor hoe ingewikkeld het is en dat we het stap voor stap moeten doen.
De tweede laag is de uitvoering in de gemeenten en de veiligheidsregio's. Dat is de rol van de burgemeesters, de boa's en de politie, en ook daar weer de koepels van bedrijven. Wij moeten proberen om de regels zo duidelijk mogelijk te maken. Waar er veel kritiek is op de communicatie van de NCTV, geloof ik niet dat er veel kritiek is op hoe de NCTV de regels uiteindelijk zo op papier zet dat iedereen ze ook probeert te snappen. Dat gebeurt met pictogrammen et cetera. Volgens mij lukt dat goed, zodat in ieder geval wordt duidelijk gemaakt: maximaal 50, twee volwassenen, spatschermen, 1,5 meter, zodat al die dingen duidelijk zijn. In de driehoek van communicatie, lokaal en landelijk overleg met de koepels, moeten we het zoeken. Het is natuurlijk ook een onderwerp dat morgen in het gesprek met de selectie van het Veiligheidsberaad zeker aan de orde zal komen. Het is echt belangrijk. Als dat goed loopt, heb je misschien nog niet altijd begrip voor het feit dat het terras om 18.00 uur dicht moet, maar heb je in ieder geval geen irritatie over wat ze nou eigenlijk precies willen. Dat kunnen wij doen.
Dan even als pauzenummer, kort, een paar communicatiepunten. Eigenlijk is het er maar eentje, de Europese afstemming. Daar vroeg meneer Dassen naar. Dat proberen we continu goed te doen met België en Duitsland. We houden continu contact via verschillende kanalen. Ik doe dat ook zelf met mijn Duitse en Belgische collega's. Grapperhaus doet dat met de ministers op zijn terrein. Als het nodig is, doet Hugo de Jonge dat ook. Het is natuurlijk federaal in Duitsland met de deelstaatregeringen. Dat geldt overigens ook voor België, waar zoals bekend de deelstaatregeringen nog machtiger zijn dan in Duitsland. Er is elke week een taskforce met ambtenaren uit Nederland, België, Noordrijn-Westfalen, Nedersaksen en Rijnland-Palts. Daar wordt informatie uitgewisseld en worden maatregelen op elkaar afgestemd. Grenseffecten worden in kaart gebracht. Ook in alle overleggen binnen de Benelux gebeurt dit op het niveau van Buitenlandse Zaken, VWS en de NCTV. Er is ook een gezamenlijk contact Benelux-Duitsland, zodat wij ook daar gezamenlijk kunnen optrekken, en er is een wekelijks overleg over de coronacrisis breed, waarbij ook Noordrijn-Westfalen — the honorary member of the Benelux inmiddels, mag ik wel zeggen — aanschuift. Daarnaast hebben wij ook via en met de Benelux contact met Duitsland. Dus op al die niveaus wordt dat gedaan. Het is niet zo dat je allemaal op hetzelfde moment springt, omdat de epidemiologische situatie in België, Nederland en Duitsland toch ook weer heel verschillend is. Maar je probeert op die manier wel alle grenseffecten in kaart te hebben en elkaar ook niet te verrassen.
Voorzitter. Dan denk ik dat ik naar het onderwerp strategie kan gaan. Vanaf het begin is de strategie geweest om het virus maximaal te controleren, met het doel de kwetsbaren te beschermen en de zorg te ontzien. De stukken waarnaar wordt verwezen zijn uit begin 2020. Die zijn gebruikt bij de voorbereiding van de strategie. Ik heb dat ook in mijn speech in maart op tv gezegd: maximaal controleren betekent dat wij proberen met maatregelen de piek in het aantal besmettingen af te vlakken en uit te smeren over een langere periode. Daarbij speelt natuurlijk een rol het feit dat mensen de ziekte krijgen en doormaken, helaas. Maar veel belangrijker is natuurlijk de vaccinatie, die moet bijdragen aan immuniteit. Daar wordt vanaf het begin aan gewerkt. Wij hadden alleen in maart 2020 niet kunnen hopen dat wij nu al zo ver zouden zijn met die vaccins, dat die er na tien maanden zouden zijn.
Groepsimmuniteit is dus geen doel op zichzelf, het is een effect van het beleid dat je een keuze maakt. Laat je het virus razen, met het gevolg dat heel veel mensen ziek worden, misschien overlijden, en de ziekenhuizen het niet aankunnen? Of, het andere uiterste, kun je het virus helemaal tot nul terugbrengen, zoals Nieuw-Zeeland dat gedaan heeft? Eilandstaten kunnen dat misschien doen. Wij hebben altijd de keuze gemaakt, net als overigens alle andere Europese landen, Amerika en iedereen, dat je in een tussenvariant komt waarin dat virus onvermijdelijk rondgaat. Het bijeffect daarvan is dat er immuniteit wordt opgebouwd. Dat is niet het doel, maar het is wel een onvermijdelijk bijeffect. Het doel is te voorkomen dat de zorg overbelast raakt en proberen de mensen die kwetsbaar zijn zo goed mogelijk te beschermen. Dat is steeds de strategie geweest vanaf het begin, en die is ook gewoon exact copy-paste van wat alle andere Europese landen doen. Dat over de strategie.";2020-2021;22-4-2021;tk;handelingen;14 Ontwikkelingen rondom het coronavirus;https://zoek.officielebekendmakingen.nl/h-tk-20202021-72-14.html;https://zoek.officielebekendmakingen.nl/h-tk-20202021-72-14.xml;nr. 72, item 14;rutte;"Two coats, I think, but I don't know if it's enough. It is, I think, the beginning of an answer. One is that Bas van 't Wout and Ferd Grapperhaus, the Ministers of Economic Affairs and of Justice and Security, have intensive contact with both the shops and the catering sector. We try to involve them very closely in what we do. That does not always lead to cheers, this time slightly more in the shops than in the catering industry. But there is an understanding of how complicated it is and that we have to take it step by step.
The second layer is implementation in the municipalities and safety regions. That is the role of the mayors, the boas and the police, and again the umbrella organizations of companies. We must try to make the rules as clear as possible. While there is a lot of criticism of the NCTV's communication, I do not believe there is much criticism of how the NCTV ultimately puts the rules on paper in such a way that everyone tries to understand them. This happens with pictograms, etc. I think that works well, so that it is at least made clear: maximum 50, two adults, mudguards, 1.5 meters, so that all those things are clear. We have to look for it in the triangle of communication, local and national consultation with the umbrella organizations. It is of course also a topic that will certainly be discussed tomorrow in the discussion with the selection of the Security Council. It's really important. If that goes well, you may not always understand the fact that the terrace has to close at 6 p.m., but at least you will not be irritated about what exactly they want. We can do that.
Then just as a break song, short, a few communication points. Actually there is only one, European coordination. Mr. Dassen asked about that. We continuously try to do this well with Belgium and Germany. We keep in constant contact through various channels. I also do that myself with my German and Belgian colleagues. Grapperhaus does this with the ministers in his field. If necessary, Hugo de Jonge does that too. It is of course federal in Germany with the state governments. This also applies to Belgium, where, as is known, the state governments are even more powerful than in Germany. There is a task force every week with officials from the Netherlands, Belgium, North Rhine-Westphalia, Lower Saxony and Rhineland-Palatinate. Information is exchanged there and measures are coordinated. Border effects are mapped out. This also happens in all consultations within the Benelux at the level of Foreign Affairs, VWS and the NCTV. There is also a joint Benelux-Germany contact, so that we can work together there too, and there is a weekly consultation on the corona crisis in general, in which North Rhine-Westphalia - the honorary member of the Benelux now, I might add - also participates. We also have contact with Germany through and with the Benelux. So that is done at all those levels. It is not the case that you all jump at the same time, because the epidemiological situation in Belgium, the Netherlands and Germany is very different. But in this way you try to map out all border effects and not surprise each other.
Chair. Then I think I can move on to the topic of strategy. From the start, the strategy has been to control the virus as much as possible, with the aim of protecting the vulnerable and sparing healthcare. The documents referred to are from early 2020. They were used in the preparation of the strategy. I also said this in my speech on TV in March: maximum control means that we try to use measures to level out the peak in the number of infections and spread it out over a longer period. Of course, the fact that people contract and experience the disease plays a role, unfortunately. But much more important is of course the vaccination, which should contribute to immunity. This has been worked on from the start. We could not have hoped in March 2020 that we would have already progressed so far with those vaccines that they would be available after ten months.
Herd immunity is therefore not a goal in itself, it is an effect of the policy that you make a choice. Do you let the virus rage, with the result that many people become ill, perhaps die, and the hospitals cannot cope? Or, at the other extreme, can you get the virus down to zero, as New Zealand has done? Island states may be able to do that. We have always made the choice, just like all other European countries, America and everyone else, that you end up in an intermediate variant in which the virus inevitably circulates. The side effect of this is that immunity is built up. That is not the goal, but it is an unavoidable side effect. The aim is to prevent healthcare from becoming overloaded and to try to protect vulnerable people as best as possible. That has been the strategy from the start, and it is also an exact copy-paste of what all other European countries do. That about the strategy.";0
h-tk-20202021-95-3;Mevrouw Pouw-Verweij;JA21;"Ik kon het niet verstaan, maar ik geloof niet dat het een inhoudelijke reactie op mijn betoog was. Ik laat het verder dus voor wat het is.
Waar was ik gebleven? Met dit wetsvoorstel gaat het balanceren tussen het gewicht van het schooladvies in relatie tot de eindtoets een nieuwe fase in. Dat is ongetwijfeld niet de eindfase. Omdat dit niet het laatste debat zal zijn over dit onderwerp, zullen we dit debat beschouwen als een doorstroomdebat over een doorstroomtoets.
Mijn fractie deelt de terughoudendheid van de Raad van State. Dit wetsvoorstel heeft een vrij hoog ""baat het niet, dan schaadt het niet""-gehalte. Het is mogelijk om alle denkbare posities over de verhouding tussen toetsen en adviezen en over de timing ervan vurig te verdedigen zonder enig zicht te hebben op de werkelijke gevolgen van welke nieuwe opzet dan ook. Die weten we pas bij de volgende wijziging van een aantal onderwijswetten. Mijn fractie vraagt zich af of het schuiven met toetsen en adviezen werkelijk een oplossing is of dat het een onderliggende werkelijkheid verhult. Het streven naar kansengelijkheid vindt plaats in de context van een alledaagse werkelijkheid van zwaarwegende sociaal-economische en culturele factoren. Deze hebben een dusdanig doorslaggevend gewicht dat schooladviezen en toetsen nooit daaraan voorbij kunnen gaan, ongeacht de uitgebalanceerde indicatoren waarop ze zijn gebaseerd en welke modieuze naam er ook voor wordt verzonnen. Het streven naar gelijke kansen vindt een begrenzing door de thuissituatie en de leefomgeving. Ouders die hun kinderen al vroeg voorbereiden op toetsen, zullen hun kinderen altijd een voorsprong geven. Ze hebben dit wetsvoorstel met de sympathieke achterliggende gedachte niet nodig. Het valt te betwijfelen of de kinderen voor wie dit wetsvoorstel is opgesteld, dat wél hebben.
Hoezeer de thuissituatie wordt onderschat, blijkt uit het voornemen om in de schoolgids een verplichte uitleg op te nemen over procedures rondom de overgang van primair onderwijs naar vervolgonderwijs. Op zichzelf is dat geen verkeerd voornemen, maar voor ouders met een minder geletterde achtergrond biedt deze maatregel geen enkel beter uitzicht op het begrijpen van de procedures. Het is voor ouders met een stevige opleiding al veel gevraagd om zich te verdiepen in de schooladviesprocedure en deze te doorgronden. Mijn fractie vraagt zich af waarop het verwachtingspatroon is gebaseerd dat het opnemen van procedures in een schoolgids gaat bijdragen aan het vergroten van kansengelijkheid, niet op papier maar in het echt.
Ik merk daarbij op dat een school onderwijs geeft dat past bij het niveau van leerlingen. Het onderwijs is geen gelijkekansenfabriek. Als we menen dat toetsen correcties op adviezen moeten zijn die correcties op toetsen moeten zijn, kijken we voorbij aan de werkelijkheid dat toetsen en adviezen geen instrumenten zijn om ongelijkheid op te heffen maar instrumenten om een reëel en uitgebalanceerd beeld te geven van het reële perspectief van de leerling. Mijn fractie kan zich in beginsel vinden in het amendement van de heer Kwint en mevrouw Westerveld. Het afschaffen van een eindtoets onder landelijke regie is het begin van het einde van de waarde van toetsen. Het gaat misschien wat ver, maar dat blijkt wat ons betreft zelfs al uit de benaming ""doorstroomtoets"". Zowel uit het overlaten van dit instrument aan de markt als uit de benaming blijkt de impliciete gedachte van een devaluatie van de waarde van toetsen.
Tot slot, voorzitter. Beleid om kansengelijkheid te bevorderen loopt al snel het risico om symboolpolitiek te worden. Er is vanuit Den Haag in de afgelopen decennia veel geprobeerd om achterstanden in het onderwijs te verhelpen, meestal zonder wetenschappelijke onderbouwing die aangaf of dit deze achterstanden daadwerkelijk verkleint. Ik begon mijn bijdrage met aangeven dat ook JA21 een groot voorstander is van het geven van gelijke kansen aan elke leerling, maar wel middels beleid dat aantoonbaar werkt en niet via symboolpolitiek. Als meneer Peters het goedvindt om nog even met de interruptie te wachten, heb ik nog twee zinnen. Symboolpolitiek staat garant voor een cyclus van doorstroomdebatten. Het schuiven met toetsen is daar een schoolvoorbeeld van.";2020-2021;30-6-2021;tk;handelingen;3 Doorstroom van het basisonderwijs naar het voortgezet onderwijs;https://zoek.officielebekendmakingen.nl/h-tk-20202021-95-3.html;https://zoek.officielebekendmakingen.nl/h-tk-20202021-95-3.xml;nr. 95, item 3;pouw-verweij;"I couldn't understand it, but I don't believe it was a substantive response to my speech. So I'll leave it as it is.
Where had I gone? This bill enters a new phase in balancing the weight of the school advice in relation to the final test. That is undoubtedly not the final phase. Because this will not be the last debate on this topic, we will consider this debate as a progression debate about a progression test.
My group shares the reluctance of the Council of State. This bill has a fairly high ""if it doesn't help, it won't hurt"" content. It is possible to fervently defend all conceivable positions on the relationship between tests and advice and on their timing without having any insight into the actual consequences of any new design. We will only know this when a number of education laws are next amended. My group wonders whether shifting tests and advice is really a solution or whether it conceals an underlying reality. The pursuit of equality of opportunity takes place in the context of an everyday reality of significant socio-economic and cultural factors. These have such decisive weight that school advice and tests can never ignore them, regardless of the balanced indicators on which they are based and whatever fashionable name is coined for them. The pursuit of equal opportunities is limited by the home situation and the living environment. Parents who prepare their children for tests early will always give their children a head start. They do not need this bill with the sympathetic idea behind it. It is doubtful whether the children for whom this bill has been drawn up do.
The extent to which the home situation is underestimated is evident from the intention to include a mandatory explanation in the school guide about procedures surrounding the transition from primary education to further education. In itself this is not a bad idea, but for parents with a less literate background this measure does not offer any better prospects of understanding the procedures. It is already a lot to ask parents with a solid education to delve into the school advice procedure and understand it. My group wonders what the expectation is based on that including procedures in a school guide will contribute to increasing equality of opportunity, not on paper but in real life.
I would like to point out that a school provides education that suits the level of the students. Education is not an equal opportunities factory. If we believe that tests should be corrections to advice that should be corrections to tests, we are overlooking the reality that tests and advice are not instruments to eliminate inequality, but instruments to provide a realistic and balanced picture of the real perspective of the student. My group agrees in principle with the amendment by Mr Kwint and Mrs Westerveld. The abolition of a final test under national direction is the beginning of the end of the value of tests. It may be going a bit far, but in our opinion this is even reflected in the name ""transfer test"". Both the leaving of this instrument to the market and the name reveal the implicit idea of ​​a devaluation of the value of tests.
Finally, Chairman. Policies to promote equality of opportunity quickly run the risk of becoming symbolic politics. Many attempts have been made in The Hague in recent decades to remedy educational disadvantages, usually without scientific substantiation indicating whether this actually reduces these disadvantages. I started my contribution by indicating that JA21 is also a strong supporter of giving every student equal opportunities, but through policy that demonstrably works and not through symbolic politics. If Mr. Peters agrees to wait a little longer before interrupting, I have two more sentences. Symbol politics guarantees a cycle of flow debates. Sliding keys is a textbook example of this.";0
h-tk-20202021-24-22;De heer Koopmans;VVD;Ik krijg maar heel beperkt antwoord op mijn vraag. Wat ik hoor, verbaast mij. We wisten al dat D66 veel meer macht wil overdragen aan Europa, maar ik had altijd begrepen dat D66 ook wilde dat het democratisch was. Maar nu zegt de heer Sjoerdsma: ik wil een Europese veiligheidsraad. Nederland zit daar helemaal niet in, niet noodzakelijkerwijs. Wat doet die raad? De heer Sjoerdsma zegt: besluiten voorbereiden. Maar Nederland zit er niet in. Hoe is dat nou democratisch? Dat snap ik niet. Dat wil ik nou horen van de heer Sjoerdsma. En daarnaast wil ik graag horen hoe dit bijdraagt aan de veiligheid, want volgens mij heeft Europa meer behoefte aan machtspolitiek dan aan nog een overlegorgaan, zeker als we daar niet eens in zitten.;2020-2021;12-11-2020;tk;handelingen;22 Begroting Buitenlandse Zaken 2021;https://zoek.officielebekendmakingen.nl/h-tk-20202021-24-22.html;https://zoek.officielebekendmakingen.nl/h-tk-20202021-24-22.xml;nr. 24, item 22;koopmans;I only get a very limited answer to my question. What I hear surprises me. We already knew that D66 wanted to transfer much more power to Europe, but I had always understood that D66 also wanted it to be democratic. But now Mr Sjoerdsma says: I want a European Security Council. The Netherlands is not in there at all, not necessarily. What does that council do? Mr Sjoerdsma says: prepare decisions. But the Netherlands is not included. How is that democratic? I don't understand that. That's what I want to hear from Mr Sjoerdsma. And I would also like to hear how this contributes to security, because I think Europe needs more power politics than another consultative body, especially if we are not even in it.;0
h-tk-20202021-73-5;Minister Rutte;VVD;"Ik vind dat een zeer terechte vraag van de heer Wilders. Want ik heb mij sinds 2002, toen Gerrit Zalm mij vroeg staatssecretaris van Sociale Zaken te worden in het eerste kabinet van Jan Peter Balkenende, altijd thuisgevoeld bij het leerstuk, ook in mijn partij, van mensen als Henk Kamp en Johan Remkes, dat het landsbelang altijd boven het partijbelang gaat. Het partijbelang gaat altijd boven het persoonlijke belang. Die afweging heb je altijd met elkaar te maken op momenten dat je je wel of niet weer verkiesbaar stelt voor de Tweede Kamer. Dat kan zijn als lijsttrekker, in mijn geval de laatste keer, waarbij je uit de verkiezingen komend bereid zou zijn om, mocht dat de uitkomst zijn van een coalitieonderhandeling, lijn te geven aan een nieuw kabinet dan wel leiding te mogen geven aan de oppositie. Wij zijn de grootste partij. Dus zouden wij in de oppositie komen, dan leiden wij de oppositie. Dat is ook mogelijk, dus ik vind dat een zeer terechte vraag.
Ik kom daarbij tot een andere conclusie dan Geert Wilders, maar dat neemt niet weg dat ik het mijn verplichting vind om het als volgt te doen na het debat op 1 april en overigens ook op grond van een langere trend in Nederland, waarbij een gevoel is ontstaan dat tussen Kamer en kabinet het overleg te veel is toegenomen en er te veel wordt besproken, waardoor in de Kamer zelf het debat minder vrij kan plaatsvinden. Over alle overwegingen daarbij, ook met de samenleving, is nog veel meer te zeggen. Dat wil ik graag delen, ook met de Kamer, maar dat wil ik doen in debatten over de formatie en niet in deze rol. Daar kom ik zeker op terug. Dat zeg ik toe.
Voorzitter. Het eerste punt waarover ik iets wil zeggen, is het punt van het kabinet. Toen in juni 2019 de volle omvang van de verschrikkelijke kinderopvangtoeslagaffaire zichtbaar begon te worden — daarna is dat alleen nog maar groter geworden: in de loop van 2019 en zelfs nog in de loop van 2020 zijn de aantallen alleen maar enorm toegenomen — en Menno Snel zich meldde bij de ministerraad op 7 juni, zeg ik uit mijn hoofd, in ieder geval begin juni en ons vertelde hoe heftig het was — ik heb het vaker hier in de Kamer gezegd — waren wij daar allemaal stil van. Mensen realiseerden zich — toen leek het nog te gaan om eerder honderden dan duizenden ouders en inmiddels weten we dat het om tienduizenden mensen gaat — dat dit voor eenieder die het betreft enorme effecten heeft in zijn persoonlijk leven. Het is later nog veel duidelijker geworden wat het betekent voor kinderen, wat het betekent voor huwelijken en wat het betekent voor mensen die een bedrijf hadden en die dat zijn kwijtgeraakt. Ik heb zelf de afgelopen weken en maanden met Alexandra van Huffelen en Wopke Hoekstra gesprekken mogen voeren met ouders en ik kan alleen maar zeggen dat dat enorm indrukwekkend is. Dat heeft het kabinet ook voor ogen gestaan.
Het is wel zo, en dat heeft te maken met hoe een kabinet functioneert, dat als we met elkaar zeggen ""dit moet worden aangepakt"", zoals het geval was toen we die constatering deden in juni 2019, het vervolgens natuurlijk in de eerste plaats aan de vakministers is om daarmee aan de slag te gaan. Het werkt niet als je dat met 25 mensen iedere vrijdag gezamenlijk doet. Dat doen de vakmensen dus. Die komen dan met voorstellen naar de ministerraad en doen al het voorwerk. Als de voorstellen goed zijn, stemmen we daarmee in. Soms lijkt het op basis van de notulen alsof er over heel ingrijpende voorstellen maar heel kort is ingesproken. Dat komt simpelweg doordat iedereen dan zegt ""ja, het is logisch"". Vaak is het dan zo goed voorbereid, ambtelijk en politiek, dat daar op vrijdag in de ministerraad geen lang debat meer plaatsvindt. Dan zeggen we: het is goed dat we dit zo doen.
Is alles dan goed gegaan? Integendeel. We zijn niet voor niks half januari afgetreden naar aanleiding van het werk van de Parlementaire ondervragingscommissie Kinderopvangtoeslag. Er is heel veel fout gegaan en dat is ook bekend. Maar ik wil hier wel zeggen, ook ter verdediging van mijn collega's, dat wij niet zoals misschien hier en daar uit de notulen zou kunnen blijken — ik kom zo op wat in de notulen staat over Kamerleden — in algemene zin hier koud en niet-betrokken naar zouden hebben gekeken. Het heeft ons aangegrepen, het heeft mij persoonlijk ook aangegrepen, wat hier gebeurd is, omdat dit mensen raakt. Niemand in het kabinet en ook niemand in de Tweede Kamer zit in de politiek om mensen dit aan te doen, helemaal niemand. Het is het laatste wat je wilt. Als dingen zo enorm fout gaan, is het een heilige plicht om het op te lossen.
Tegen die achtergrond, voorzitter, kan ik iets zeggen over de discussie over Kamerleden in de ministerraad.";2020-2021;29-4-2021;tk;handelingen;5 Bericht dat het kabinet informatie over de toeslagenaffaire voor de Tweede Kamer achterhield;https://zoek.officielebekendmakingen.nl/h-tk-20202021-73-5.html;https://zoek.officielebekendmakingen.nl/h-tk-20202021-73-5.xml;nr. 73, item 5;rutte;"I think that is a very fair question from Mr Wilders. Because since 2002, when Gerrit Zalm asked me to become State Secretary for Social Affairs in the first cabinet of Jan Peter Balkenende, I have always felt at home with the doctrine, also in my party, of people like Henk Kamp and Johan Remkes, that the national interest always comes before the party interest. Party interests always take precedence over personal interests. You always have to make this decision together when you decide whether or not to stand for election to the House of Representatives again. This could be as a party leader, in my case the last time, where, coming out of the elections, you would be prepared to give direction to a new cabinet or to lead the opposition, should that be the outcome of a coalition negotiation. We are the largest party. So if we were to be in opposition, we would lead the opposition. That is also possible, so I think that is a very fair question.
I have come to a different conclusion than Geert Wilders, but that does not alter the fact that I consider it my obligation to do as follows after the debate on April 1 and also on the basis of a longer trend in the Netherlands, whereby a feeling has arisen that consultation between the House and the Cabinet has increased too much and too much is being discussed, as a result of which the debate in the House itself can take place less freely. There is much more to be said about all the considerations involved, including with society. I would like to share that, also with the House, but I want to do that in debates about the formation and not in this role. I will definitely come back to that. I agree.
Chair. The first point I would like to say something about is the point about the cabinet. When the full extent of the terrible childcare allowance affair started to become visible in June 2019 - after that it only got bigger: in the course of 2019 and even in the course of 2020 the numbers only increased enormously - and Menno Snel reported to the Council of Ministers on June 7, I say from memory, at least at the beginning of June and told us how intense it was - I have said it before here in the House - we were all silent. People realized - at the time it seemed to involve hundreds rather than thousands of parents and we now know that it concerns tens of thousands of people - that this has enormous effects on everyone's personal lives. It later became much clearer what it means for children, what it means for marriages and what it means for people who had a business and who lost it. I have had the opportunity to have conversations with parents with Alexandra van Huffelen and Wopke Hoekstra in recent weeks and months and I can only say that it is extremely impressive. That is also what the government had in mind.
It is true, and this has to do with how a cabinet functions, that if we say to each other ""this needs to be addressed"", as was the case when we made that observation in June 2019, it is of course primarily up to the line ministers to get started on this. It doesn't work if you do that together with 25 people every Friday. That's what the professionals do. They then submit proposals to the Council of Ministers and do all the preliminary work. If the proposals are good, we will agree. Sometimes, based on the minutes, it seems as if very drastic proposals were only discussed very briefly. That's simply because everyone then says ""yes, it makes sense"". It is often so well prepared, officially and politically, that there is no longer a long debate in the Council of Ministers on Friday. Then we say: it's good that we do it this way.
Did everything go well? On the contrary. It is not without reason that we resigned in mid-January following the work of the Parliamentary Committee of Inquiry into Childcare Allowance. A lot has gone wrong and that is known. But I would like to say here, also in defense of my colleagues, that we would not have looked at this in a general sense with a cold and uninvolved attitude, as may perhaps appear from the minutes here and there - I will come to what the minutes say about MPs in a moment. It has affected us, it has also affected me personally, what happened here, because it affects people. No one in the cabinet and no one in the House of Representatives is in politics to do this to people, no one at all. It's the last thing you want. When things go so terribly wrong, it is a sacred duty to fix it.
Against that background, Chairman, I can say something about the discussion about MPs in the Council of Ministers.";0
h-tk-20202021-29-9;De heer De Groot;D66;"Voorzitter. Dank aan de minister voor de beantwoording. Ook dank aan haar staf en haar ambtenaren, die tot in de late uren hebben gewerkt, en dank aan mijn eigen staf, die nu achter in de zaal een dansje doet daarvoor. Ook dank aan de minister voor de toezegging over de Carieb. Dat is heel erg fijn.
Ik had ook nog een vraag gesteld over 2030. Ik vroeg of de termijn om het koraal te redden niet te lang is en of de minister bereid is om daar extra op te gaan drukken, zodat we echt het koraal gaan redden.
Voorzitter. We willen in dit land heel veel. We willen allemaal een miljoen huizen bouwen. Elk verkiezingsprogramma heeft het erover. Maar we moeten ook nog heel veel. We moeten de klimaatdoelen halen. We moeten stikstofdoelen halen. We weten nu al dat we de doelen voor de Kaderrichtlijn Water niet gaan halen. Er is nog heel veel te doen. Dan is het de vraag of we tot nu toe voldoende hebben gedaan. Eerste stappen zijn zeker gezet. Dat moet deze minister ook worden nagegeven. Maar het is kwetsbaar. Dan heb ik het ook over de zoönoses. De minister zegt dat ze een werkgroep gaat instellen en de risico's zo veel mogelijk gaat beperken, maar het is in essentie een reactieve aanpak.
Ik heb gisteren ook een vraag gesteld over het RIVM. Dat werkt opdrachtgestuurd, wat betekent dat het RIVM niet de ruimte heeft om onderzoek te doen als het daarvoor zelf de noodzaak ziet. De minister verwijst daarbij naar VWS, maar het lijkt mij echt essentieel dat een belangrijk instituut als het RIVM ook zelf voldoende middelen heeft om nieuwsgierigheidgedreven noodzakelijk onderzoek te doen. Vandaar dat ik die oproep nog een keer doe aan deze minister, met het verzoek om die over te brengen aan haar collega van VWS.
Ik sluit mij aan bij de vragen van GroenLinks over de piekbelasters. Ik hoop dat we daar, als het niet vanavond is, wel voor het stikstofdebat duidelijkheid over kunnen krijgen.
Voordat ik bij mijn moties kom, heb ik nog een vraag over de NVWA. In februari heeft deze Kamer een motie aanvaard met het dictum: verzoekt de regering de richtlijnen over de klokkenluiders volledig te implementeren bij de NVWA en jaarlijks onafhankelijk en extern te laten rapporteren over de naleving van deze richtlijnen door de NVWA. Hoe staat het met de uitvoering van deze motie?
Dan, voorzitter, heb ik twee moties.
De Kamer,
gehoord de beraadslaging,
overwegende dat de commissie-Wijffels al in 2001 concludeerde dat de intensieve veehouderij niet toekomstbestendig is vanwege de omgang met het dier en de risico's voor de volksgezondheid en het milieu;
overwegende dat er een toekomstvisie ligt waarin de huidige manier van voedselproductie als niet houdbaar wordt bestempeld;
overwegende dat de uitbraak van het coronavirus het nog urgenter maakt om de relatie tussen veehouderij en de gezondheid van omwonenden en de risico's voor de volksgezondheid te bezien;
overwegende dat het van belang is dat boerengezinnen die willen stoppen op een sociale manier moeten worden geholpen en dat het daarvoor noodzakelijk is om verschillende scenario's uit te werken;
overwegende dat bij veel boerengezinnen behoefte is aan duidelijkheid over de toekomst;
verzoekt de regering om ten behoeve van de volgende formatie een afbouwscenario voor de intensieve veehouderij op te stellen, inclusief flankerende maatregelen om de sociale gevolgen op te vangen en te verzachten,
en gaat over tot de orde van de dag.
Deze motie is voorgesteld door de leden De Groot en Moorlag. Naar mij blijkt, wordt de indiening ervan voldoende ondersteund.
Zij krijgt nr.
De Kamer,
gehoord de beraadslaging,
overwegende dat het ministerie van Landbouw, Natuur en Voedselkwaliteit werkt aan de positieflijst voor zoogdieren die gehouden mogen worden in Nederland;
overwegende dat het houden van exotische dieren het risico op zoönose verhoogt;
concluderende dat deze lijst zich niet richt op amfibieën, vogels en reptielen terwijl ook deze een zoönoserisico kennen;
verzoekt de regering om ook een positieflijst voor amfibieën, vogels en reptielen te realiseren,
en gaat over tot de orde van de dag.
Deze motie is voorgesteld door de leden De Groot en Moorlag. Naar mij blijkt, wordt de indiening ervan voldoende ondersteund.
Zij krijgt nr.";2020-2021;25-11-2020;tk;handelingen;9 Begroting Landbouw, Natuur en Voedselkwaliteit 2021;https://zoek.officielebekendmakingen.nl/h-tk-20202021-29-9.html;https://zoek.officielebekendmakingen.nl/h-tk-20202021-29-9.xml;nr. 29, item 9;de de groot;"Chair. Thanks to the minister for the answer. Thanks also to her staff and civil servants, who worked until the late hours, and thanks to my own staff, who are now doing a dance at the back of the room for that. Thanks also to the minister for the promise about the Caribbean. That's very nice.
I also asked a question about 2030. I asked whether the period to save the coral is not too long and whether the minister is prepared to put extra pressure on this, so that we really save the coral.
Chair. We want a lot in this country. We all want to build a million houses. Every election manifesto talks about it. But we still have a lot to do. We must achieve the climate goals. We must achieve nitrogen targets. We already know that we will not achieve the targets for the Water Framework Directive. There is still a lot to do. Then the question is whether we have done enough so far. First steps have certainly been taken. This minister must also be given credit for that. But it is fragile. Then I am also talking about zoonoses. The minister says she will set up a working group and limit the risks as much as possible, but it is essentially a reactive approach.
Yesterday I also asked a question about the RIVM. This works assignment-driven, which means that RIVM does not have the space to conduct research if it sees the need for it. The minister refers to VWS, but I think it is really essential that an important institute such as the RIVM also has sufficient resources to conduct curiosity-driven, necessary research. That is why I am making this appeal again to this minister, with the request that she convey it to her colleague from VWS.
I agree with GroenLinks' questions about peak loaders. I hope that, if not tonight, we can get clarity on this before the nitrogen debate.
Before I get to my motions, I have another question about the NVWA. In February, this House accepted a motion with the following dictum: requests the government to fully implement the guidelines on whistleblowers at the NVWA and to have annual independent and external reporting on the NVWA's compliance with these guidelines. What is the status of the implementation of this motion?
Then, Chairman, I have two motions.
The Chamber,
after hearing the deliberation,
whereas the Wijffels Commission already concluded in 2001 that intensive livestock farming is not future-proof due to the handling of the animal and the risks to public health and the environment;
whereas there is a vision of the future in which the current way of food production is labeled as unsustainable;
whereas the outbreak of the coronavirus makes it even more urgent to consider the relationship between livestock farming and the health of local residents and the risks to public health;
whereas it is important that farming families who want to quit should be helped in a social manner and that this requires the development of different scenarios;
whereas many farming families need clarity about the future;
calls on the government to draw up a phase-out scenario for intensive livestock farming for the next formation, including accompanying measures to absorb and mitigate the social consequences,
and goes about the order of the day.
This motion was proposed by members De Groot and Moorlag. It appears to me that its submission is sufficiently supported.
She gets no.
The Chamber,
after hearing the deliberation,
whereas the Ministry of Agriculture, Nature and Food Quality is working on the positive list for mammals that may be kept in the Netherlands;
whereas keeping exotic animals increases the risk of zoonosis;
concluding that this list does not focus on amphibians, birds and reptiles, while these also have a zoonotic risk;
calls on the government to also create a positive list for amphibians, birds and reptiles,
and goes about the order of the day.
This motion was proposed by members De Groot and Moorlag. It appears to me that its submission is sufficiently supported.
She gets no.";0
h-tk-20202021-66-3;Mevrouw Arib;PvdA;Dat is zeker ook in de leidinggevende functies gebeurd, maar ik wil niet bepaalde diensten en namen van mensen noemen. Uiteindelijk is het belangrijk dat wij een afspiegeling zijn. Het moet niet uitmaken waar je vandaan komt, wat je kleur is, enzovoorts. Dat is mijn grondhouding. Dat geldt ook voor de Kamer. Wij moeten ook niet allemaal op elkaar lijken. Dat lijkt mij niet goed, ook niet voor de besluitvorming, omdat je vanuit verschillende invalshoeken ideeën, visies en ervaringen nodig hebt. Alleen dan heb je een goed besluit, omdat er veel invalshoeken zijn. Dat geldt ook voor de ambtelijke organisatie.;2020-2021;7-4-2021;tk;handelingen;3 Verkiezing Voorzitter van de Tweede Kamer;https://zoek.officielebekendmakingen.nl/h-tk-20202021-66-3.html;https://zoek.officielebekendmakingen.nl/h-tk-20202021-66-3.xml;nr. 66, item 3;arib;That certainly also happened in management positions, but I do not want to mention certain services and names of people. Ultimately, it is important that we are a reflection. It shouldn't matter where you come from, what your color is, and so on. That is my basic attitude. This also applies to the House. We shouldn't all look alike. That doesn't seem good to me, not even for decision-making, because you need ideas, visions and experiences from different perspectives. Only then will you have a good decision, because there are many perspectives. This also applies to the official organization.;0
h-tk-20202021-21-8;De heer Jansen;PVV;We zitten nu eind 2020 en binnenkort is het 2021. Kunt u misschien ook aangeven wanneer de volgende monitor gaat komen en welke periode die gaat behelzen? Want er zijn natuurlijk een aantal ontwikkelingen die heel snel achter elkaar gaan. Als wij terugkijken is dat goed, want je moet een beeld hebben van waar je vandaan komt en van waar je naartoe wilt, maar je moet natuurlijk niet te lang terug blijven kijken. De actualiteit is veel belangrijker, zeg ik maar even, omdat je daarmee kunt voorkomen dat je bij een volgende monitor met dezelfde cijfers wordt geconfronteerd.;2020-2021;5-11-2020;tk;handelingen;8 Beleidsreactie slachtoffermonitor seksueel geweld tegen kinderen 2017-2018;https://zoek.officielebekendmakingen.nl/h-tk-20202021-21-8.html;https://zoek.officielebekendmakingen.nl/h-tk-20202021-21-8.xml;nr. 21, item 8;jansen;We are now at the end of 2020 and soon it will be 2021. Could you perhaps also indicate when the next monitor will come and what period it will cover? Because there are of course a number of developments that are happening very quickly one after the other. If we look back, that's good, because you have to have an idea of ​​where you come from and where you want to go, but of course you shouldn't keep looking back for too long. Current events are much more important, I'll just say, because you can avoid being confronted with the same figures on the next monitor.;0
h-tk-20202021-39-9;De heer Van Raak;SP;Dank, voorzitter.;2020-2021;17-12-2020;tk;handelingen;9 Tijdelijke wet Tweede Kamerverkiezing covid-19;https://zoek.officielebekendmakingen.nl/h-tk-20202021-39-9.html;https://zoek.officielebekendmakingen.nl/h-tk-20202021-39-9.xml;nr. 39, item 9;van van raak;Thank you, chairman.;0
h-tk-20202021-83-6;Minister Hoekstra;CDA;De heer Aartsen maakt het volgens mij, misschien politiek daartoe gemotiveerd, te zwaar. Het kabinet heeft niet begrepen dat de motie het zou hebben over terugwerkende kracht of dat ze sowieso voor de toekomst zou gelden. Het kabinet heeft de motie begrepen als: verken varianten! Ik heb heel nadrukkelijk gezegd dat we varianten willen verkennen. Ik heb de heer Eerdmans toegezegd dat ik daarin ook een juridische weging ga meenemen. Maar om de lieve vrede in het demissionaire kabinet te bewaren, heb ik er daarnaast bij gezegd dat ik niet de indruk wil wekken dat het kabinet vervolgens gaat kiezen uit die varianten. Hoe het kabinet met de begroting omgaat, vraagt nader beraad.;2020-2021;2-6-2021;tk;handelingen;6 Economisch steunpakket;https://zoek.officielebekendmakingen.nl/h-tk-20202021-83-6.html;https://zoek.officielebekendmakingen.nl/h-tk-20202021-83-6.xml;nr. 83, item 6;hoekstra;In my opinion, Mr Aartsen is making it too difficult, perhaps politically motivated to do so. The cabinet did not understand that the motion would have retroactive effect or that it would in any case apply to the future. The cabinet understood the motion as: explore variants! I said very emphatically that we want to explore variants. I have promised Mr Eerdmans that I will also take legal consideration into this. But in order to maintain peace in the outgoing cabinet, I also added that I do not want to give the impression that the cabinet will then choose from those variants. How the government will handle the budget requires further consideration.;1
h-tk-20202021-106-8;De heer Dassen;Volt;Ik heb nog steeds geen antwoord op mijn vraag hoe de minister-president naar die brief heeft gekeken. Heeft hij die brief wel gezien? Wat was zijn reactie daarop?;2020-2021;15-9-2021;tk;handelingen;8 Situatie in Afghanistan;https://zoek.officielebekendmakingen.nl/h-tk-20202021-106-8.html;https://zoek.officielebekendmakingen.nl/h-tk-20202021-106-8.xml;nr. 106, item 8;dassen;I still don't have an answer to my question about how the Prime Minister looked at that letter. Has he even seen that letter? What was his reaction to that?;1
h-tk-20202021-10-14;De heer Bosman;VVD;Dan verschillen we toch een beetje van mening. Want de verantwoordelijkheid ligt op één plek en dat is de regering van Curaçao. Als zij ons vraagt of Nederland hulp kan geven, is dat een verzoek, een vraag aan Nederland. Het idee dat nu ontstaat, is dat er een soort gezamenlijke verantwoordelijkheid ontstaat. Ik wil toch even scherpstellen dat het de verantwoordelijkheid van Curaçao is. Ik ben blij dat mevrouw Diertens ook aangeeft dat het de verantwoordelijkheid van Curaçao is. We praten hier al heel lang over. Kunnen we hier dan gezamenlijk constateren dat Curaçao niet in staat is om het goed te regelen?;2020-2021;6-10-2020;tk;handelingen;14 Begroting Koninkrijksrelaties 2021;https://zoek.officielebekendmakingen.nl/h-tk-20202021-10-14.html;https://zoek.officielebekendmakingen.nl/h-tk-20202021-10-14.xml;nr. 10, item 14;bosman;Then we have a bit of a difference of opinion. Because the responsibility lies in one place and that is the government of Curaçao. When she asks us whether the Netherlands can provide help, it is a request, a question for the Netherlands. The idea that is emerging now is that there is a kind of joint responsibility. I would like to point out that it is Curaçao's responsibility. I am pleased that Ms. Diertens also indicates that it is Curaçao's responsibility. We've been talking about this for a long time. Can we then jointly conclude that Curaçao is not capable of arranging this properly?;0
h-tk-20202021-14-8;De heer Asscher;PvdA;Want er is een ontzettend probleem. Er zijn hartstikke veel mensen ziek. Mensen krijgen nu die telefoontjes dat die operatie niet doorgaat. Mijn stelling is dat de kans groter was dat we dat hadden kunnen voorkomen als er in augustus al steviger was ingegrepen. Dat is inderdaad met de kennis van nu, hoewel u toen al gewaarschuwd was. Met de kennis van nu valt dat niet te ontkennen. Ik vraag de premier dus niet om te herhalen wat hij twee weken geleden zei, maar ik vraag hem om te leren van wat we met de kennis van nu moeten vaststellen. Wil je het virus indammen, wil je het vuurtje uittrappen, om De Jonge te citeren, dan moet je eerder reageren, dus ook niet pas als het tussen de 50 en 150 besmettingen komt.;2020-2021;14-10-2020;tk;handelingen;8 Ontwikkelingen rondom het coronavirus;https://zoek.officielebekendmakingen.nl/h-tk-20202021-14-8.html;https://zoek.officielebekendmakingen.nl/h-tk-20202021-14-8.xml;nr. 14, item 8;asscher;Because there is a huge problem. A lot of people are sick. People are now getting those calls that the operation is canceled. My position is that there is a greater chance that we could have prevented this if more robust action had been taken in August. That is indeed with today's knowledge, although you were already warned then. With today's knowledge, this cannot be denied. So I am not asking the Prime Minister to repeat what he said two weeks ago, but I am asking him to learn from what we have to determine with today's knowledge. If you want to contain the virus, if you want to put out the fire, to quote De Jonge, you have to respond sooner, not only when the number of infections is between 50 and 150.;0
h-tk-20202021-46-4;De heer Verhoeven;D66;Dat is het absoluut, voorzitter.;2020-2021;20-1-2021;tk;handelingen;4 Opt-insysteem voor het overbrengen van ongevraagde communicatie;https://zoek.officielebekendmakingen.nl/h-tk-20202021-46-4.html;https://zoek.officielebekendmakingen.nl/h-tk-20202021-46-4.xml;nr. 46, item 4;verhoeven;It absolutely is, Chairman.;0
h-tk-20202021-54-4;De heer Hijink;SP;Ik vind het echt onvoorstelbaar. Deze minister is van de VVD, een partij die een complete heksenjacht heeft geopend op mensen die zogenaamd gefraudeerd zouden hebben met toeslagen. Dat was niet eens waar. Ik vind het onvoorstelbaar dat nu wordt gezegd dat zorgaanbieders die zwaar over de schreef gaan, die zichzelf een half miljoen euro uitkeren, kunnen rekenen op een goed gesprek. Als dat de manier is waarop we met mensen en organisaties omgaan, dan ben je de balans toch helemaal kwijt? Waarom kiest het kabinet niet voor de eenvoudige oplossing om een einde te maken aan de winstuitkering? Dat een instelling aan het eind van het jaar geld overhoudt, dat begrijp ik. Maar dat geld moet teruggaan naar de zorg. Het is namelijk premiegeld, het is belastinggeld. Dat is hoe je het moet doen. Maar dan moet je wel met z'n allen in een wet afspreken dat er een einde komt aan de winstuitkeringen, dus aan het geld uit de zorg trekken en in private zakken stoppen. Ik heb dat net ook gevraagd, maar ik krijg daar geen antwoord op. Ik wil de minister nog een keer vragen om die vraag, de vraag die ik daarnet heb gesteld, te beantwoorden.;2020-2021;9-2-2021;tk;handelingen;4 Vragenuur: Vragen Hijink;https://zoek.officielebekendmakingen.nl/h-tk-20202021-54-4.html;https://zoek.officielebekendmakingen.nl/h-tk-20202021-54-4.xml;nr. 54, item 4;hijink;I find it really unbelievable. This minister is from the VVD, a party that has launched a complete witch hunt for people who allegedly cheated on benefits. That wasn't even true. I find it inconceivable that it is now said that healthcare providers who seriously overstep the mark, who pay themselves half a million euros, can count on a good conversation. If that is the way we deal with people and organizations, then you have completely lost the balance, right? Why does the government not opt ​​for the simple solution of putting an end to profit distribution? I understand that an institution has money left over at the end of the year. But that money must go back to healthcare. Because it is premium money, it is tax money. That's how you should do it. But then you all have to agree in a law that there will be an end to profit distributions, which means withdrawing money from healthcare and putting it into private pockets. I just asked that too, but I didn't get an answer. I would like to ask the minister again to answer that question, the question I just asked.;1
h-tk-20202021-24-4;Mevrouw Van Toorenburg;CDA;Voorzitter, u ziet mij hier ijsberen. U weet dat ik niet op mijn best ben als ik wítheet word, maar ik zit me echt zó op te vreten. De heer Azarkan speelt hier de vermoorde onschuld. Hij praat iets goed wat op het meest foute moment ter discussie is gesteld. Want hij weet dat de SGP, de ChristenUnie en het CDA niet zo veel hadden met het afschaffen van de godslastering. Maar daar gaat het hier niet om. Hier gaat het erom dat een leraar in een klas een cartoon staat te bespreken, daarna onthoofd wordt en we vervolgens een discussie gaan voeren over godslastering. Dit is een nieuw mes in de rug van deze leraar! Dat zou de heer Azarkan zich moeten realiseren!;2020-2021;12-11-2020;tk;handelingen;4 Terreurdaad in Frankrijk en de vrijheid van meningsuiting;https://zoek.officielebekendmakingen.nl/h-tk-20202021-24-4.html;https://zoek.officielebekendmakingen.nl/h-tk-20202021-24-4.xml;nr. 24, item 4;van van toorenburg;Mr President, you see me pacing here. You know I'm not at my best when I get white hot, but I'm really eating myself up so much. Mr. Azarkan plays the murdered innocence here. He is justifying something that has been questioned at the wrong time. Because he knows that the SGP, the Christian Union and the CDA were not very interested in abolishing blasphemy. But that's not what this is about. The point here is that a teacher is in a class discussing a cartoon, then gets beheaded and then we have a discussion about blasphemy. This is another knife in the back of this teacher! Mr. Azarkan should realize that!;1
h-tk-20202021-37-4;De heer Van der Staaij;SGP;"Op hetzelfde punt. Ik had hier in mijn termijn ook aandacht voor gevraagd. Ik neem aan dat we op deze manier ook de regeling bespreken die we toegestuurd hebben gekregen. In artikel 4a, 1 staat een opsomming van wat wel en nog niet mag. Daar staat: winkels in doe-het-zelfartikelen en bibliotheken waar uitsluitend sprake is van het ophalen van bestelde of gereserveerde artikelen; ook bibliotheken worden daar genoemd.";2020-2021;15-12-2020;tk;handelingen;4 Ontwikkelingen rondom het coronavirus;https://zoek.officielebekendmakingen.nl/h-tk-20202021-37-4.html;https://zoek.officielebekendmakingen.nl/h-tk-20202021-37-4.xml;nr. 37, item 4;van der van der staaij;"At the same point. I had also drawn attention to this during my term. I assume that this is also how we discuss the arrangement that we were sent. Article 4a, 1 contains a list of what is and is not yet allowed. It says: stores selling do-it-yourself items and libraries where only items that have been ordered or reserved are collected; libraries are also mentioned there.";0
h-tk-20202021-28-26;De heer Von Martels;CDA;"Dit is een integraal plan. Bovendien is het gericht op zes provincies; niet op heel Nederland. Het gaat over de heel specifieke weidevogelgebieden, waar de grutto voorkomt. Daar is dit plan op gericht. De heer Wassenberg heeft er gelijk in dat ik dat ondersteun.";2020-2021;24-11-2020;tk;handelingen;26 Begroting Landbouw, Natuur en Voedselkwaliteit 2021;https://zoek.officielebekendmakingen.nl/h-tk-20202021-28-26.html;https://zoek.officielebekendmakingen.nl/h-tk-20202021-28-26.xml;nr. 28, item 26;von martels;"This is an integrated plan. Moreover, it focuses on six provinces; not in the whole of the Netherlands. It is about the very specific meadow bird areas where the godwit occurs. That is what this plan is aimed at. Mr Wassenberg is right that I support that.";0
h-tk-20202021-100-2;Mevrouw Bikker;CU;"Dank u wel, voorzitter. Dank voor de beantwoording. Ik heb duidelijk aangegeven dat de grootste zorg van de ChristenUniefractie met de oplopende besmettingen met name de mensen betreft die nog niet gevaccineerd zijn of onvoldoende gevaccineerd zijn terwijl zij dat wel zouden willen, of een achterstand in informatie hebben. Daarom de volgende motie.
De Kamer,
gehoord de beraadslaging,
overwegende dat de stijging van de coronabesmettingen zich in de hoogste mate voordoet in stedelijke gebieden, waar in sommige wijken de vaccinatiegraad en de gemiddelde gezondheid laag is;
overwegende dat bewoners van deze wijken hierdoor meer risico lopen op een coronabesmetting en een ernstiger verloop van de infectie;
overwegende dat GGD's moeilijk bereikbare groepen alleen kunnen bereiken samen met gemeente, buurtteams, huisartsen en lokale sleutelfiguren;
verzoekt de regering met de GGD's en lokale partners extra inspanning te leveren om in deze kwetsbare wijken zo snel mogelijk niet-gevaccineerde bewoners een vrijwillige vaccinatie aan te bieden,
en gaat over tot de orde van de dag.
Deze motie is voorgesteld door de leden Bikker en Kuiken.
Zij krijgt nr.";2020-2021;14-7-2021;tk;handelingen;2 Ontwikkelingen rondom het coronavirus;https://zoek.officielebekendmakingen.nl/h-tk-20202021-100-2.html;https://zoek.officielebekendmakingen.nl/h-tk-20202021-100-2.xml;nr. 100, item 2;bikker;"Thank you, Chairman. Thanks for the answer. I have clearly indicated that the Christian Union faction's greatest concern with the rising infections concerns people who have not yet been vaccinated or are insufficiently vaccinated while they would like to be, or who have a backlog of information. Therefore the next motion.
The Chamber,
after hearing the deliberation,
whereas the increase in corona infections is highest in urban areas, where vaccination rates and average health are low in some neighborhoods;
whereas this places residents of these neighborhoods at greater risk of corona infection and a more serious course of the infection;
whereas GGDs can only reach difficult-to-reach groups together with the municipality, neighborhood teams, general practitioners and local key figures;
calls on the government to make extra efforts, together with the GGDs and local partners, to offer voluntary vaccination to unvaccinated residents in these vulnerable neighborhoods as quickly as possible,
and goes about the order of the day.
This motion was proposed by members Bikker and Kuiken.
She gets no.";0
h-tk-20202021-2-2;De heer Baudet;FvD;Hij heeft dat geschreven in zijn boek getiteld De schijn-élite van de valse munters.;2020-2021;16-9-2020;tk;handelingen;2 Algemene Politieke Beschouwingen;https://zoek.officielebekendmakingen.nl/h-tk-20202021-2-2.html;https://zoek.officielebekendmakingen.nl/h-tk-20202021-2-2.xml;nr. 2, item 2;baudet;He wrote this in his book entitled The False Elite of the Counterfeit Coiners.;0
h-tk-20202021-58-2;De heer Pieter Heerma;CDA;Ik ga even al mijn vragen afwerken, want het ging net heel snel.;2020-2021;24-2-2021;tk;handelingen;2 Ontwikkelingen rondom het coronavirus;https://zoek.officielebekendmakingen.nl/h-tk-20202021-58-2.html;https://zoek.officielebekendmakingen.nl/h-tk-20202021-58-2.xml;nr. 58, item 2;pieter heerma;I'm just going to finish all my questions, because it just happened very quickly.;0
h-tk-20202021-30-2;Minister Grapperhaus;CDA;Ja, ik zou dan voorstellen dat wij samen een brief aan u schrijven. Ik kan nog niet garanderen dat die er volgende week is, maar ik wil wel toezeggen dat we uiterlijk vier weken na vandaag zo'n soort brief naar uw Kamer schrijven over waar we staan.;2020-2021;26-11-2020;tk;handelingen;2 Begroting Justitie en Veiligheid 2021;https://zoek.officielebekendmakingen.nl/h-tk-20202021-30-2.html;https://zoek.officielebekendmakingen.nl/h-tk-20202021-30-2.xml;nr. 30, item 2;grapperhaus;Yes, I would suggest that we write a letter to you together. I cannot yet guarantee that it will be available next week, but I would like to promise that we will write such a letter to your House no later than four weeks from today about where we stand.;0
h-tk-20202021-22-33;De heer Van Haga;Van Haga;Dat staat inderdaad diametraal tegenover de oplossingen van de SP. Als de keuze is tussen niets voor het bedrijfsleven of 4 miljard voor het bedrijfsleven in deze vorm, ja, natuurlijk, dan is dit beter dan niets. Is dit het beste? Nee, dit is niet het beste. Ik heb zojuist de kritiek hierop laten horen. Die is blijkbaar precies hetzelfde als uw kritiek. Dat moet u toch als muziek in de oren klinken?;2020-2021;10-11-2020;tk;handelingen;33 Pakket Belastingplan 2021;https://zoek.officielebekendmakingen.nl/h-tk-20202021-22-33.html;https://zoek.officielebekendmakingen.nl/h-tk-20202021-22-33.xml;nr. 22, item 33;van van haga;That is indeed diametrically opposed to the SP's solutions. If the choice is between nothing for business or 4 billion for business in this form, then yes, of course, then this is better than nothing. Is this the best? No, this isn't the best. I have just voiced the criticism of this. Apparently that is exactly the same as your criticism. That must be music to your ears, right?;0
h-tk-20202021-6-8;Minister Wiebes;VVD;Dat hangt natuurlijk een beetje af van wat eruit komt. Zou de heer Van Aartsen mij toestaan om ...;2020-2021;24-9-2020;tk;handelingen;8 Derde steunpakket voor bedrijven en werknemers;https://zoek.officielebekendmakingen.nl/h-tk-20202021-6-8.html;https://zoek.officielebekendmakingen.nl/h-tk-20202021-6-8.xml;nr. 6, item 8;wiebes;Of course, that depends a bit on what comes out. Would Mr Van Aartsen allow me to ...;0
h-tk-20202021-58-2;Minister De Jonge;CDA;Ja, ja ... Dat is een gewetensvraag. Ik denk dat daar volgende week wel een gaatje voor te vinden moet zijn.;2020-2021;24-2-2021;tk;handelingen;2 Ontwikkelingen rondom het coronavirus;https://zoek.officielebekendmakingen.nl/h-tk-20202021-58-2.html;https://zoek.officielebekendmakingen.nl/h-tk-20202021-58-2.xml;nr. 58, item 2;de de jonge;Yes, yes... That's a question of conscience. I think there should be an opening for that next week.;0
h-tk-20202021-88-26;Mevrouw Koekkoek;Volt;"Dank u wel, voorzitter. Ja, de techniek is nog wat nieuw, sorry. Een heel aantal knelpunten die tussen privacy en veiligheid kunnen bestaan, zijn vandaag besproken. Niet al die knelpunten zijn evenzeer uitgediept en opgelost, denk ik. Dat bleek ook wel uit de openstaande vragen die nog over waren. Een belangrijk of een positief iets vind ik dat de minister heeft toegezegd positief te staan tegenover het geven van meer transparantie en inzicht in de manier waarop data van mensen is verzameld en wat daar vervolgens mee gedaan is. Dat gaat dus echt over inwoners de controle teruggeven over hun eigen data. Tot slot nog het verzoek om dit ook mee te nemen in de brief die voor de zomer wordt gestuurd — die wordt steeds langer, volgens mij — en om duidelijk concrete voorstellen te doen om individuen meer grip te geven op hun eigen data, uiteraard zonder daarbij de veiligheid te veronachtzamen. Dat is iets waar we volgens mij snel mee kunnen beginnen. Ik hoop dus dat de minister toe kan zeggen dit ook mee te nemen in de brief aan de Kamer.
Dank u wel.";2020-2021;15-6-2021;tk;handelingen;26 Werkwijze van de NCTV;https://zoek.officielebekendmakingen.nl/h-tk-20202021-88-26.html;https://zoek.officielebekendmakingen.nl/h-tk-20202021-88-26.xml;nr. 88, item 26;koekkoek;"Thank you, Chairman. Yes, the technology is still somewhat new, sorry. A number of bottlenecks that may exist between privacy and security have been discussed today. I don't think all of these bottlenecks have been explored and resolved equally. This was also evident from the outstanding questions that remained. I think it is important or positive that the minister has promised to be positive about providing more transparency and insight into the way in which people's data is collected and what is subsequently done with it. This is really about giving residents back control over their own data. Finally, the request to also include this in the letter that will be sent before the summer - which is getting longer, I think - and to make clearly concrete proposals to give individuals more control over their own data, of course without neglecting security. That's something I think we can start doing soon. So I hope that the minister can agree to include this in the letter to Parliament.
Thank you.";0
h-tk-20202021-29-9;Minister Schouten;CU;"Mevrouw Bromet suggereert dat daar de afgelopen jaren helemaal niets over gezegd of voor gedaan is. Ik noemde al enkele voorbeelden. We weten dat de uitdagingen op een aantal zaken steeds groter worden. Ik noemde het onderwerp van de gewasbescherming. Ik heb niet gewacht totdat de middelen uiteindelijk allemaal verboden zijn om dan te zeggen: o, we hebben een probleem. Ik heb gezegd: wees die stap voor en kijk ook hoe je tot een andere manier van gewasbescherming komt. Ook vanwege de stikstof — dat geef ik toe — zijn er steeds meer concrete maatregelen genomen om ervoor te zorgen dat we de landbouw veel meer in evenwicht met de natuur kunnen gaan brengen. Dat is natuurlijk de onderliggende factor van het hele stikstofdebat. Dat geldt overigens niet alleen voor de landbouw, maar ook voor andere sectoren. Daar moeten we ons toe verhouden. Over twee weken hebben we het debat over de stikstof. Het kabinet heeft zijn keuzes al kenbaar gemaakt en hopelijk zullen we dan met elkaar tot keuzes kunnen komen voor hoe we daarmee verdergaan. Dat geeft ook richting. Ik noemde het omschakelprogramma: boeren die extensiever willen werken, boeren die op een andere manier willen werken, kunnen dat straks veel makkelijker doordat de overheid ze ondersteunt. Misschien dat mevrouw Bromet zegt ""wat stelt het allemaal voor?"", maar als ze terugkijkt naar waar we vandaan kwamen, naar de landbouw zoals we die drie jaar geleden hadden en die we gelukkig voor een deel ook nog steeds hebben, naar de vraagstukken die er toen al waren maar waarvoor we amper middelen hadden en waarvoor eigenlijk ook geen keuzes voorlagen, dan kan zij misschien zeggen dat het niet voldoende is geweest, maar zij kan niet zeggen dat er niets gebeurd is.";2020-2021;25-11-2020;tk;handelingen;9 Begroting Landbouw, Natuur en Voedselkwaliteit 2021;https://zoek.officielebekendmakingen.nl/h-tk-20202021-29-9.html;https://zoek.officielebekendmakingen.nl/h-tk-20202021-29-9.xml;nr. 29, item 9;schouten;"Ms Bromet suggests that nothing has been said or done about this in recent years. I already mentioned some examples. We know that the challenges in a number of areas are increasing. I mentioned the subject of crop protection. I didn't wait until the substances were eventually all banned and then say: oh, we have a problem. I said: be ahead of that step and see how you can arrive at a different way of crop protection. Also because of nitrogen - I admit - more and more concrete measures have been taken to ensure that we can bring agriculture much more into balance with nature. That is of course the underlying factor of the entire nitrogen debate. This does not only apply to agriculture, but also to other sectors. We have to relate to that. In two weeks we will have the debate about nitrogen. The government has already made its choices known and hopefully we will be able to make choices together about how we will proceed. That also provides direction. I mentioned the conversion program: farmers who want to work more extensively, farmers who want to work in a different way, will soon be able to do so much more easily because the government supports them. Perhaps Mrs Bromet will say ""what does it all mean?"", but if she looks back at where we came from, at agriculture as we had it three years ago and which fortunately we still have to some extent, at the issues that already existed then but for which we had hardly any resources and for which there were actually no choices, then she may say that it was not enough, but she cannot say that nothing has happened.";0
h-tk-20212022-42-6;De heer Jansen;FvD;"Ik wil daar wel op aansluiten. De TU Delft heeft onderzoek gedaan naar de 2G/3G-corona-app. De conclusie is: het werkt eigenlijk helemaal niet. Toch heeft de regering ervoor gekozen om het nu weer te gaan invoeren en zelfs te gaan uitbreiden naar sectoren waar het eerst niet gold. De Europese Commissie heeft iets interessants laten weten aan het onderzoeksplatform Follow the Money, namelijk: het ontwerp van de Europese corona-app was slechts een eerste versie, die zich kan ontwikkelen tot een volmaakte ""digital wallet"", een ""digital identity"". Verder zeiden ze: de komende maanden werken lidstaten hieraan verder. Is de VVD voorstander van het omvormen van zo'n corona-app tot een digital identity?";2021-2022;26-1-2022;tk;handelingen;6 Ontwikkelingen rondom het coronavirus;https://zoek.officielebekendmakingen.nl/h-tk-20212022-42-6.html;https://zoek.officielebekendmakingen.nl/h-tk-20212022-42-6.xml;nr. 42, item 6;jansen;"I would like to join in on that. TU Delft has conducted research into the 2G/3G corona app. The conclusion is: it actually doesn't work at all. However, the government has now chosen to reintroduce it and even expand it to sectors where it did not apply before. The European Commission has informed the Follow the Money research platform with something interesting: the design of the European corona app was only a first version, which can develop into a perfect ""digital wallet"", a ""digital identity"". They further said: Member States will continue to work on this in the coming months. Is the VVD in favor of converting such a corona app into a digital identity?";0
h-tk-20212022-26-4;Knapen;CDA;In de eerste alinea staat inderdaad een verwijzing naar een Kameruitspraak maar in de derde alinea staat niet zozeer een constatering maar een overweging die meegegeven wordt. Vandaar dat ik deze motie moet ontraden.;2021-2022;24-11-2021;tk;handelingen;4 China;https://zoek.officielebekendmakingen.nl/h-tk-20212022-26-4.html;https://zoek.officielebekendmakingen.nl/h-tk-20212022-26-4.xml;nr. 26, item 4;knapen;The first paragraph indeed contains a reference to a House ruling, but the third paragraph does not so much contain an observation but a consideration that is given. That is why I must advise against this motion.;0
h-tk-20212022-23-3;De heer Jasper van Dijk;SP;"Voorzitter. Mag ik mijn laatste interruptie besteden aan iemand die al wat langer in de Kamer zit? Daar kunnen wij nog wat van leren. Het gaat over Afghanistan. De heer Van der Staaij herinnert zich vast nog wel oud-minister-president Balkenende, die onderzoek liet doen naar de oorlog in Irak en toen met het beroemde zinnetje kwam: ""Met de kennis van nu, hadden we dat heel anders gedaan"". Dat was de strekking. Zou de heer Van der Staaij dat ook van toepassing kunnen verklaren op de oorlog in Afghanistan, dus dat hij zegt: ""Met de kennis van nu, van wat we weten hoe gemakkelijk de taliban naar binnen liepen in Kabul, hadden we dat heel anders moeten doen""? Hoe ziet hij dat?";2021-2022;17-11-2021;tk;handelingen;3 Begroting Buitenlandse Zaken 2022;https://zoek.officielebekendmakingen.nl/h-tk-20212022-23-3.html;https://zoek.officielebekendmakingen.nl/h-tk-20212022-23-3.xml;nr. 23, item 3;van jasper dijk;"Chair. May I spend my last interruption on someone who has been in the House for a while? We can still learn something from that. It's about Afghanistan. Mr Van der Staaij probably remembers former Prime Minister Balkenende, who commissioned research into the war in Iraq and then came up with the famous sentence: ""With what we know today, we would have done it very differently."" That was the gist. Could Mr Van der Staaij also apply this to the war in Afghanistan, so that he says: ""With what we know now, how easily the Taliban entered Kabul, we should have done it very differently""? How does he see that?";0
h-tk-20212022-2-5;De heer Van der Staaij;SGP;Tot slot. Inderdaad, als ik het goed zie — ik volg andere partijen altijd met belangstelling — zijn dat ook nog onderwerpen van debat binnen een fractie als D66 zelf. In de zomer zag ik in het blad van het wetenschappelijk instituut dat Paul Schnabel zegt: er is geen voltooidlevenwet nodig. Gisteren hoorde ik Terlouw nog zeggen: ja, ik heb daar ook grote aarzelingen bij. Dat is dan een thema dat zelfs binnen uw eigen fractie verdeeld ligt. Ik zou de volgende oproep doen. Laten we vooral kijken, ook bij de kabinetsformatie, naar thema's die wel breed leven, waarvan wel wordt gezegd: daar moeten we een punt maken. Want al te veel uitsluiten kunnen we ons toch in deze tijden niet veroorloven.;2021-2022;22-9-2021;tk;handelingen;5 Algemene Politieke Beschouwingen;https://zoek.officielebekendmakingen.nl/h-tk-20212022-2-5.html;https://zoek.officielebekendmakingen.nl/h-tk-20212022-2-5.xml;nr. 2, item 5;van der van der staaij;Finally. Indeed, if I see it correctly - I always follow other parties with interest - these are also topics of debate within a faction like D66 itself. In the summer I saw in the magazine of the scientific institute that Paul Schnabel says: there is no need for a completed life law. Yesterday I heard Terlouw say: yes, I also have great hesitations about that. That is a theme that is even divided within your own faction. I would make the following call. Let us especially look, also in the cabinet formation, at themes that are widely relevant, of which it is said: we must make a point there. Because we cannot afford to exclude too much in these times.;0
h-tk-20212022-89-10;Mevrouw Bouchallikh;GroenLinks;"Ik waardeer deze open beantwoording. We verschillen inderdaad van inzicht over wat een redelijke volgorde is. Mijn tweede vraag gaat over wat de heer Knops een aantal keer noemde: opvoeden, normen stellen en ervoor zorgen dat mensen zich gedragen. Op een bepaalde manier wordt dat hier best wel bij het individu neergelegd. Vindt de heer Knops niet dat wij ook als Kamer op een bepaalde manier normen kunnen stellen en het goede voorbeeld kunnen geven? Dat kunnen we juist misschien wel door een vuurwerkverbod in te stellen en daarmee te laten zien: ""We accepteren de onrust niet. We accepteren niet wat er met onze hulpverleners wordt gedaan. We accepteren de schade niet waar de rest vervolgens voor moet opdraaien."" Hoe kijkt de heer Knops naar de normstelling vanuit de Kamer, vanuit het idee van opvoeden en juist wel de grens trekken?";2021-2022;8-6-2022;tk;handelingen;10 Invoering van een vuurwerkverbod voor consumenten;https://zoek.officielebekendmakingen.nl/h-tk-20212022-89-10.html;https://zoek.officielebekendmakingen.nl/h-tk-20212022-89-10.xml;nr. 89, item 10;bouchallikh;"I appreciate this open answer. We indeed differ in our views on what a reasonable order is. My second question is about what Mr Knops mentioned a number of times: educating, setting standards and ensuring that people behave. In a certain way this is left up to the individual. Doesn't Mr Knops think that we as a House can also set standards in a certain way and set a good example? We may be able to do that by imposing a ban on fireworks and thus showing: ""We do not accept the unrest. We do not accept what is done to our emergency workers. We do not accept the damage that the rest of us then have to pay for."" How does Mr Knops view the standards set by the House, from the idea of ​​education and drawing the line?";0
h-tk-20212022-52-11;Mevrouw Kröger;GroenLinks;Dat is sowieso de orde der dingen. Dat gaat dus gebeuren. Wij gaan niet nu stemmen. Daarover kan D66 gerust zijn. Maar als ik hoor dat D66 de stappen en procedures zorgvuldig wil doorlopen, dan vraag ik of de heer Boulakjar het heeft over het vergunningstraject dat op dit moment loopt. Wil hij dat rustig afwachten? Of gaat het hem om de wetswijziging om de Wadden te beschermen?;2021-2022;17-2-2022;tk;handelingen;11 Aanpassing van het vergunningsstelsel voor opsporen en winnen van aardwarmte;https://zoek.officielebekendmakingen.nl/h-tk-20212022-52-11.html;https://zoek.officielebekendmakingen.nl/h-tk-20212022-52-11.xml;nr. 52, item 11;kröger;That's the order of things anyway. So that's going to happen. We are not going to vote now. D66 can be reassured about this. But when I hear that D66 wants to go through the steps and procedures carefully, I ask whether Mr Boulakjar is talking about the permit process that is currently underway. Does he want to wait patiently for that? Or is it about the change in the law to protect the Wadden?;0
h-tk-20212022-81-6;De heer Grinwis;CU;"Ik heb echt alle waardering voor de indieners en begrijp de teleurstelling over mijn amendement. Maar ik vind het echt lelijk dat de heer De Groot dat ""lelijk"" noemt. Ik vind dat echt niet gepast. De huidige situatie is, gezien vanuit de initiatiefnemers, zeg maar 0. Hun voorstel is 100. En mijn amendement zit daartussenin. Maar het is wel een verbetering, ook vanuit het perspectief van de initiatiefnemers, ten opzichte van de huidige situatie. Om als kwalificatie dat ""lelijk"" te noemen, terwijl ik het heel ordentelijk in de eerste termijn hier in de Kamer heb ingebracht en ik heb aangekondigd dat ik een amendement overweeg op de twee punten die ik in lijn met het advies van de Adviescommissie Water heb ingebracht, vind ik teleurstellend. Dat zorgt voor verwijdering in plaats van voor toenadering.";2021-2022;18-5-2022;tk;handelingen;6 Het volledig democratiseren van de waterschapsbesturen;https://zoek.officielebekendmakingen.nl/h-tk-20212022-81-6.html;https://zoek.officielebekendmakingen.nl/h-tk-20212022-81-6.xml;nr. 81, item 6;grinwis;"I really appreciate the submitters and understand the disappointment with my amendment. But I think it's really ugly that Mr De Groot calls that ""ugly"". I really don't think that's appropriate. The current situation, seen from the initiators' point of view, is say 0. Their proposal is 100. And my amendment is in between. But it is an improvement, also from the perspective of the initiators, compared to the current situation. I find it disappointing to call that ""ugly"" as a qualification, while I introduced it very orderly in the first term here in the House and I announced that I am considering an amendment to the two points that I introduced in line with the advice of the Water Advisory Committee. That creates separation instead of rapprochement.";0
h-tk-20212022-79-3;De heer Azarkan;DENK;"De opmerking van de minister-president schiet niet alleen in het verkeerde keelgat, ze is ook gewoon ongepast. Ik vraag hem daar echt nog eens op te reflecteren. Kijk, wat deze ouders meegemaakt hebben, is dat ze op veel plekken bij de rechter kwamen en dat de rechter zei: ""Ja, de Belastingdienst neemt de goede maatregelen. Daar is heel goed over nagedacht. U zit helemaal verkeerd."" Als deze ouders al ergens terechtkwamen, dan werd er niet naar ze geluisterd. Wat de minister-president nu doet, is dat hij het opneemt voor de professionals. Deze minister-president moet het opnemen voor de ouders die door het handelen van de overheid in de problemen zijn gekomen. Het is een ongepaste opmerking, omdat die ook niet relevant is. Er is niemand die hier heeft gezegd dat het altijd verkeerd is toegepast, dat mensen het lichtvaardig hebben gedaan. Wat we hier met elkaar bespreken, is dat een groep ouders hier op de tribune zit en ook thuis kijkt en zegt: ik was niet in de problemen gekomen als die overheid haar werk goed had gedaan. Dat is wat de minister-president tegen die ouders moet zeggen.";2021-2022;12-5-2022;tk;handelingen;3 Problemen met uithuisplaatsingen van kinderen;https://zoek.officielebekendmakingen.nl/h-tk-20212022-79-3.html;https://zoek.officielebekendmakingen.nl/h-tk-20212022-79-3.xml;nr. 79, item 3;azarkan;"The Prime Minister's comment is not only off target, it is also simply inappropriate. I really ask him to reflect on that again. Look, what these parents have experienced is that they went to court in many places and the judge said: ""Yes, the Tax Authorities are taking the right measures. A lot of thought has gone into this. You are completely wrong."" If these parents ended up anywhere, they were not listened to. What the Prime Minister is doing now is standing up for the professionals. This Prime Minister must stand up for the parents who have gotten into trouble due to government actions. It is an inappropriate comment because it is also irrelevant. No one here has said that it has always been misapplied, that people have done it lightly. What we are discussing here is that a group of parents are sitting here in the stands and are also watching at home and say: I would not have gotten into trouble if the government had done its job properly. That is what the Prime Minister should say to those parents.";0
h-tk-20212022-16-20;De heer Boucke;D66;"Dank u wel, voorzitter. Het rapport van het IPCC heeft ons met de neus op de feiten gedrukt. We zijn een laag land in een rivierdelta dat door de stijgende zeespiegel wordt bedreigd. Ik ben geboren en opgegroeid in een ander land dat ook bedreigd wordt door de stijgende zeespiegel: Suriname. Mijn hele familie woont er, mijn moeder woont er. Het land wordt bedreigd door verzilting, verdroging en een stijgende zee. Twee jaar terug was ik er nog, net voor de coronacrisis. Ik bezocht professor Naipal, die voor de kust van Suriname op natuurlijke wijze met het aanplanten van mangrove probeert om een natuurlijke barrière te maken tegen het stijgende water. Hij doet zeer belangrijk en zeer noodzakelijk onderzoek. Hij doet dat onderzoek met een heel laag budget, om een probleem op te lossen dat hij en de mensen voor wie hij het doet, niet veroorzaakt hebben. Want de veroorzaker van de stijgende zeespiegel is de CO
Voorzitter. Ik zie hier in de Kamer dat steeds meer partijen de ernst van klimaatopwarming zien en onderkennen dat we actie moeten ondernemen. We hoorden net de heer Erkens van de VVD, een partij die vier jaar terug toch echt andere taal uitsloeg. Het is tijd om door te pakken. Het is niet twee minuten voor twaalf, maar het is twee seconden voor twaalf. Ik zie ook dat besluiten die we hier in de Kamer nemen, effect hebben op dáár, elders in de wereld, aan de andere kant van de oceaan, in het land van mijn moeder bijvoorbeeld. Ik sta hier voor u omdat ik ervan overtuigd ben dat politiek leiderschap nodig is om deze crisis te keren. Want daar begint de oplossing. Een beter milieu begint niet bij jezelf, maar bij politiek leiderschap. Ik vind ook dat we met vlieg- en vleesschaamte het klimaat niet gaan redden. Dat doen we wel met een politiek die aan het stuur durft te zitten, die als strenge marktmeester en als regisseur van de grootste verbouwing waar we voor staan in dit land durft op te treden. En nee, het zal niet makkelijk zijn. Maar we moeten het wel doen. We moeten een schoon economisch systeem bouwen met de eerlijke prijs op vervuiling en een duw in de rug van schone innovatie.
Voorzitter. Ik wil vandaag ingaan op een vijftal onderwerpen: de klimaatdoelen, het tekort aan technische personeel, de krapte op het stroomnet, de zogeheten Postcoderoossubsidie en het prachtige eiland Bonaire, een stukje Nederlands Koninkrijk.
Voorzitter. Afgelopen donderdag was het Klimaatdag. Dit was pas de tweede Klimaatdag, die voortgekomen is uit de Klimaatwet. Maar weer was er teleurstelling. De Klimaatnota van dit jaar laat zien dat we de doelen nog steeds niet halen. We halen het Urgendadoel niet, maar ook het 2030-doel is nog steeds ver weg. We doen als politiek nog steeds te weinig. Ik weet dat de staatssecretaris nu even gaat glimlachen als ik het volgende zeg, maar dit kabinet is misschien demissionair, klimaatverandering is dat niet. Dit zal ik blijven zeggen tot we een missionair kabinet hebben. De PBL-doorrekening laat wel zien dat we beter op weg zijn dan bij het vorige rapport. Ik geef toe dat de staatssecretaris niet heeft stilgezeten. Doordat concreet beleid voor de industrie bijvoorbeeld in de vorm van een CO2-heffing is uitgewerkt, en voor de mobiliteit in de vorm van een vrachtwagenheffing met terugsluis, zijn we nu iets beter op weg. Het kan dus. Als de politiek leiderschap toont en zelf aan de knoppen durft te zitten, kunnen we klimaatverandering tegengaan. We gaan de verantwoordelijkheid niet bij bedrijven en huishoudens leggen, maar we gaan zelf dat leiderschap tonen.
Voorzitter. Ik heb meerdere vragen aan de staatssecretaris. In hoeverre draagt de 6,8 miljard aan investeringen bij aan het Urgendadoel? Hoe gaat het met de onderhandelingen tot vervroegde sluiting van de Onyx-kolencentrale? Zijn er berekeningen voor het sneller afschalen van kolencentrales en het mogelijk opschalen van gascentrales? En voert de staatssecretaris met TenneT gesprekken over de leveringszekerheid in Nederland? Dit in relatie tot mijn eerdere vragen. Ten slotte over dit onderwerp: in hoeverre wordt er gekeken naar maatregelen in de landbouw om aan het CO
Voorzitter. Ik ben optimistisch. Met onze innovatiekracht en kennis kunnen we als Nederland de klimaatdoelen halen. We moeten wel een enorme drempel nemen, want we kunnen niet gaan bouwen zonder goede technische vakmensen. Ik weet zelf hoe prachtig het technische vak is. Ik ben scheikundig ingenieur en ik heb mijn studie met heel veel trots gevolgd. Toch kiezen te weinig jongeren voor een technisch vak. Er zijn veel meer technische vakmensen nodig om die groene omslag te maken. Die mensen zijn er niet zomaar. Ook daar moeten we weer leiderschap durven tonen en er moet de komende jaren fors geïnvesteerd worden om mensen naar de technische sector te trekken. Mijn vraag aan de staatssecretaris is wat dit kabinet nu doet om bijscholing en omscholing te stimuleren. Hoe zorgt het kabinet ervoor dat werknemers geprikkeld worden om werkzaam te blijven in een veranderende arbeidsmarkt?
Voorzitter. De afgelopen tijd stapelen de nieuwsberichten zich op over de krapte van het stroomnet, een ander groot heet hangijzer in deze transitie. Er zijn bedrijven in Noord-Holland die geen stroom meer kunnen aftappen. Er zijn ook gezinnen die hun zonnepanelen kopen, maar de energie niet meer terug kunnen leveren aan het net. Ons stroomnet zit op sommige plekken werkelijk overvol. Er is gewoon echt meer nodig. De netbeheerders sturen ons — ik denk meerderen van ons — e-mails over de miljardeninvesteringen die in onze energie-infrastructuur gedaan moeten worden. Dat is een besluit dat op de formatietafel genomen moet worden. Tegelijkertijd zie ik ook dat commerciële partijen al bereid zijn om zelf investeringen te doen in een lokaal netwerk, waarbij de netbeheerders wel tegen wet- en regelgeving aanlopen en daarbij hun eigen verantwoordelijkheid hebben. Mijn vraag aan de staatssecretaris is op welke wijze private marktpartijen ook ruimte kunnen krijgen om te investeren in lokale elektriciteitsnetten.
Deze zorg heb ik niet alleen op land, maar ook op zee. De schone stroom van windparken op de Noordzee hebben we keihard nodig om onze industrie te laten draaien, maar dan moet de politiek wel snel besluiten om het stroomnet tijdig aan te leggen. Ik blijf herhalen: het gaat om politiek leiderschap. Mijn motie over de 10 gigawatt extra wind op zee wordt uitgevoerd, maar ik heb wel een hele specifieke vraag aan de staatssecretaris: hoe staat het nu met het doorlopen van al die nodige stappen om die 10 gigawatt vóór 2030 ook echt gebouwd te hebben?
Voorzitter. In de Tweede Kamer maken we ons er terecht zorgen over of iedereen kan meedoen. De dikte van je portemonnee mag niet de belemmering zijn. Iedereen moet deze transitie mee kunnen maken. De zogenaamde postcoderoosregeling, waarbij je samen met je wijk of dorp zonne-energie kunt opwekken zonder dat er panelen op je eigen dak liggen, is een hele succesvolle regeling en kan veel betekenen voor mensen die geen eigen dak of een kleine beurs hebben maar die wel willen meedoen in deze transitie en wel zonnepanelen willen hebben. Net als vorig jaar zien we dat er te weinig subsidiegeld in de pot zit. Ik weet nog dat ik de staatssecretaris in een van de commissiedebatten hierop bevraagd heb. Ik heb nu een amendement in voorbereiding waarmee we ervoor zorgen dat er voldoende budget vrijkomt voor dit waardevolle project. Want als we zeggen dat iedereen mee moet kunnen doen, moeten we er ook voor zorgen dat we de middelen beschikbaar stellen.
Voorzitter. Ik noemde net al Bonaire, de energievoorziening op Bonaire. Voor de zomer hebben we hier met de Kamer over gesproken en kwamen we op een routekaart om de verduurzaming van de energievoorziening op dat prachtige eiland voor elkaar te krijgen. Nu wil het energiebedrijf WEB investeren in duurzame energie, maar het kan niet wachten op die routekaart. Van de staatssecretaris zou ik willen weten of ze nu al duidelijkheid kan geven over de benodigde investeringen, zodat Bonaire de boot niet mist.
Voorzitter, ik sluit af. De aanpak van de klimaatcrisis gaat niet om het redden van de planeet, maar om het redden van onszelf. Dat begint bij politiek leiderschap. Het verheugt mij zeer dat de Kamer anno 2021 een andere Kamer is dan die van 2017 of van de jaren daarvoor, want politiek leiderschap zullen we met z'n allen, van links tot rechts, moeten tonen. We moeten ervoor zorgen dat we aan het stuur zitten en mensen op weg helpen naar die klimaatneutrale toekomst, hier in Nederland maar ook daar, elders in de wereld.
Dank u wel.";2021-2022;2-11-2021;tk;handelingen;20 Begroting Economische Zaken en Klimaat 2022;https://zoek.officielebekendmakingen.nl/h-tk-20212022-16-20.html;https://zoek.officielebekendmakingen.nl/h-tk-20212022-16-20.xml;nr. 16, item 20;boucke;"Thank you, Chairman. The IPCC report has brought us face to face with the facts. We are a low country in a river delta threatened by rising sea levels. I was born and raised in another country that is also threatened by rising sea levels: Suriname. My whole family lives there, my mother lives there. The country is threatened by salinization, desiccation and a rising sea. I was there two years ago, just before the corona crisis. I visited Professor Naipal, who is trying to naturally plant mangroves off the coast of Suriname to create a natural barrier against rising water. He is doing very important and very necessary research. He does that research on a very low budget, to solve a problem that he and the people he does it for did not cause. Because the cause of rising sea levels is CO
Chair. I see here in the Chamber that more and more parties see the seriousness of climate warming and recognize that we must take action. We just heard Mr Erkens from the VVD, a party that used a completely different language four years ago. It's time to move on. It is not two minutes to twelve, but it is two seconds to twelve. I also see that decisions we take here in Parliament have an effect elsewhere in the world, on the other side of the ocean, in my mother's country, for example. I stand before you because I am convinced that political leadership is needed to turn this crisis around. Because that's where the solution starts. A better environment does not start with yourself, but with political leadership. I also believe that flying and meat shame will not save the climate. We do this with a politician who dares to be in the driver's seat, who dares to act as a strict market master and as director of the largest renovation we are facing in this country. And no, it won't be easy. But we have to do it. We must build a clean economic system with a fair price on pollution and a push for clean innovation.
Chair. Today I would like to discuss five topics: the climate goals, the shortage of technical personnel, the shortage on the power grid, the so-called Postcoderoos subsidy and the beautiful island of Bonaire, a part of the Dutch Kingdom.
Chair. Last Thursday was Climate Day. This was only the second Climate Day, which emerged from the Climate Act. But again there was disappointment. This year's Climate Memorandum shows that we are still not achieving the goals. We will not achieve the Urgenda goal, but the 2030 goal is still far away. As politicians, we are still doing too little. I know that the State Secretary will now smile when I say the following, but this cabinet may be outgoing, but climate change is not. I will continue to say this until we have a missionary cabinet. The PBL calculation shows that we are making better progress than in the previous report. I admit that the State Secretary has not been idle. Because concrete policies have been developed for industry, for example in the form of a CO2 tax, and for mobility in the form of a truck tax with feedback, we are now on a slightly better track. So it is possible. If politicians show leadership and dare to take the initiative, we can combat climate change. We are not going to place the responsibility on companies and households, but we are going to show that leadership ourselves.
Chair. I have several questions for the State Secretary. To what extent does the 6.8 billion in investments contribute to the Urgenda goal? How are the negotiations for the early closure of the Onyx coal-fired power station going? Are there calculations for the faster scaling down of coal-fired power stations and the possible scaling up of gas-fired power stations? And is the State Secretary conducting discussions with TenneT about security of supply in the Netherlands? This is in relation to my previous questions. Finally on this subject: to what extent are measures in agriculture being considered to reduce CO
Chair. I am optimistic. With our innovative power and knowledge, we as the Netherlands can achieve the climate goals. We have to overcome a huge hurdle, because we cannot start building without good technical professionals. I know for myself how wonderful the technical profession is. I am a chemical engineer and I have followed my studies with great pride. Yet too few young people choose a technical profession. Many more technical professionals are needed to make that green transition. Those people don't just exist. Here too, we must dare to show leadership again and significant investments must be made in the coming years to attract people to the technical sector. My question to the State Secretary is what this government is doing now to encourage further training and retraining. How does the government ensure that employees are encouraged to remain employed in a changing labor market?
Chair. Recently, news reports have been piling up about the tightness of the power grid, another major hot topic in this transition. There are companies in North Holland that can no longer tap electricity. There are also families who buy their solar panels, but can no longer supply the energy back to the grid. Our power grid is really overcrowded in some places. We just really need more. The grid operators send us — I think several of us — emails about the billions in investments that need to be made in our energy infrastructure. That is a decision that must be made at the formation table. At the same time, I also see that commercial parties are already prepared to make investments in a local network themselves, although the network operators do encounter legislation and regulations and have their own responsibility in this regard. My question to the State Secretary is how private market parties can also be given the opportunity to invest in local electricity grids.
I have this concern not only on land, but also at sea. We desperately need the clean power from wind farms in the North Sea to keep our industry running, but then politicians must quickly decide to build the power grid on time. I keep repeating: it is about political leadership. My motion on the 10 gigawatts of additional offshore wind is being implemented, but I do have a very specific question for the State Secretary: what is the current status of taking all the necessary steps to actually have those 10 gigawatts built before 2030?
Chair. In the House of Representatives we are rightly concerned about whether everyone can participate. The thickness of your wallet should not be an obstacle. Everyone should be able to experience this transition. The so-called postcode rose scheme, where you can generate solar energy together with your neighborhood or village without having panels on your own roof, is a very successful scheme and can mean a lot for people who do not have their own roof or a small budget but who do want to participate in this transition and want to have solar panels. Just like last year, we see that there is too little subsidy money in the pot. I remember asking the State Secretary about this in one of the committee debates. I am now preparing an amendment to ensure that sufficient budget is made available for this valuable project. Because if we say that everyone should be able to participate, we must also ensure that we make the resources available.
Chair. I just mentioned Bonaire, the energy supply on Bonaire. We discussed this with the House before the summer and came up with a roadmap to achieve a more sustainable energy supply on that beautiful island. Now the energy company WEB wants to invest in sustainable energy, but it cannot wait for that road map. I would like to know from the State Secretary whether she can already provide clarity about the required investments, so that Bonaire does not miss the boat.
Mr President, I will conclude. Tackling the climate crisis is not about saving the planet, it's about saving ourselves. That starts with political leadership. I am very pleased that the Chamber of 2021 is a different Chamber than that of 2017 or previous years, because we will all have to show political leadership, from left to right. We must ensure that we are in the driver's seat and help people on their way to that climate-neutral future, here in the Netherlands but also elsewhere in the world.
Thank you.";0
h-tk-20212022-100-37;De heer Azarkan;DENK;Ook ik vraag me af wat er met dat rondje van Rutte en Kaag nou precies is opgehaald. Eigenlijk is het: Rutte says no. En daar staan we dan. Ik heb ook een paar korte vragen. Wat mij betreft vangen we aan met de eerste termijn van de zijde van het kabinet. Een paar vragen, maar dan snel over naar de tweede termijn.;2021-2022;5-7-2022;tk;handelingen;37 Voorjaarsnota 2022;https://zoek.officielebekendmakingen.nl/h-tk-20212022-100-37.html;https://zoek.officielebekendmakingen.nl/h-tk-20212022-100-37.xml;nr. 100, item 37;azarkan;I also wonder what exactly was achieved with that tour by Rutte and Kaag. Actually it is: Rutte says no. And there we are. I also have a few quick questions. As far as I am concerned, we are starting with the first term on the part of the cabinet. A few questions, but then quickly move on to the second term.;0
h-tk-20212022-48-2;Mevrouw Paulusma;D66;Ik heb nog een korte vervolgvraag. Ik denk we het ook niet eens worden over de vraag om wel of niet te vervolgen. Voor ons is toegankelijke zorg van hoge kwaliteit belangrijk, juist ook gegeven door de huisarts. We zien bijvoorbeeld in Zweden, waar de abortuspil bij de huisarts verkrijgbaar is, dat abortussen juist afnemen. Ziet u daar wellicht een kans voor wat wij delen, het terugdringen van ongewenste zwangerschappen?;2021-2022;9-2-2022;tk;handelingen;2 Legale medicamenteuze afbreking van de zwangerschap via de huisarts;https://zoek.officielebekendmakingen.nl/h-tk-20212022-48-2.html;https://zoek.officielebekendmakingen.nl/h-tk-20212022-48-2.xml;nr. 48, item 2;paulusma;I have a quick follow-up question. I don't think we can agree on the question of whether or not to prosecute. Accessible, high-quality care is important to us, especially provided by the general practitioner. For example, in Sweden, where the abortion pill is available from GPs, we see that abortions are actually declining. Do you perhaps see an opportunity for what we share, reducing unwanted pregnancies?;0
h-tk-20212022-78-3;Minister Staghouwer;CU;"Dank u, voorzitter, en ook graag in die volgorde: dus eerst maar even de vragen beantwoorden, daarna de moties. De vraag van de heer De Groot namens de D66-fractie: een oproep aan het kabinet om mais en rubber toe te voegen voor de ontbossingsverordening. Wij hebben ons daar in het verleden hard voor gemaakt, wij zullen ons daar in de komende periode ook hard voor maken. Wij blijven ons hier dus ook voor inzetten, om dat daaraan toe te voegen.
Dan de vraag over de vogelgriep en de zorgen van de heer De Groot. Die begrijp ik heel erg goed; het zijn ook de zorgen die het kabinet heeft. En u vraagt om een brief. Dat is een toezegging die ik aan de Kamer doe: ik zal voor het zomerreces een brief naar de Kamer sturen over onze appreciatie op deze vraag.";2021-2022;11-5-2022;tk;handelingen;3 Landbouw- en Visserijraad 7 april 2022;https://zoek.officielebekendmakingen.nl/h-tk-20212022-78-3.html;https://zoek.officielebekendmakingen.nl/h-tk-20212022-78-3.xml;nr. 78, item 3;staghouwer;"Thank you, Chairman, and please do so in that order: first answer the questions, then the motions. The question from Mr De Groot on behalf of the D66 faction: a call on the cabinet to add corn and rubber to the deforestation regulation. We have worked hard for this in the past and we will also work hard for this in the coming period. We therefore remain committed to adding this to this.
Then the question about bird flu and Mr De Groot's concerns. I understand that very well; these are also the concerns that the cabinet has. And you ask for a letter. That is a promise I am making to the House: I will send a letter to the House before the summer recess about our appreciation of this question.";0
h-tk-20212022-97-31;De heer Van Weyenberg;D66;"Voorzitter. Ik moet het doen met het oordeel van de heer De Jong. Wat hij met zijn fractie in volledige autonomie los van mij gaat maken ... Daar ben ik me buitengewoon van bewust, en zo hoort het ook. Ik constateer wel dat werkgevers juist zeggen dat ze dit fijn vinden, omdat dit hen helpt om dat goede gesprek te voeren. We hebben hen in de wet recht proberen te doen, ook door het advies over te nemen dat een toetsingscriterium goed werkbaar moet zijn voor werkgevers. Daarmee denken we echt dat dit kan bijdragen. En ja, wij krijgen helaas ook nog steeds voorbeelden van werkgevers die dat gesprek niet willen aangaan. Dan sta je met de huidige wet — dus los van deze initiatiefwet — wel gewoon machteloos. Dan kun je geen redelijk gesprek voeren. Je kunt niet naar de rechter, want je hebt geen enkel recht. Dat is wat deze wet verandert. Voorzitter, u merkt dat ik de heer De Jong tot op de laatste seconde nog probeer te overtuigen. Zo hoort het ook in een debat; daarom staan we hier allemaal.
Voorzitter. Ik sluit me van harte aan bij de oproep van mevrouw Van Beukering en mevrouw Palland rondom grenswerkers. De minister heeft daar echt al stappen gezet. Volgens mij twijfelt niemand aan die intentie. We hebben al eerder opgeschreven dat we dat zelfs graag al in onze initiatiefwet hadden meegenomen, maar daar kan het niet. We hebben alle vertrouwen dat het kabinet hier alles aan doet. De ervaringen tot nu toe laten dat ook zien.
De heer Van Kent zei terecht dat niet iedereen op elk moment of in de mate waarin hij of zij dat graag zou willen kan thuiswerken. Dat is natuurlijk waar. Ik spreek overigens ook heel veel mensen die er helemaal geen behoefte aan hebben. Die zeggen: ik ben in een dienstensector gaan werken omdat ik het juist heel leuk vind om de hele dag met mensen in gesprek te zijn, en ik moet er niet aan denken om achter een computer te zitten, laat staan dat ik dan ook nog eens thuis achter een computer zou moeten zitten. Dus het is heel verschillend. Het belang van sociale cohesie hebben we ook echt toegevoegd in de wet. Het past ook bij het criterium, omdat het niet wenselijk is als er een onterecht beeld zou ontstaan. We hebben wat mij betreft in het land überhaupt een opgave om het oude blauweboordenwerk, de ambachten, meer op waarde te schatten. Ik zag een schitterende advertentie van de bouwbedrijven, die zeiden: kunt u uw kinderen misschien naar de Dag van de Bouw sturen? Want wij hebben de mensen hartstikke hard nodig. We moeten af van het beeld dat met je handen werken iets is wat je voor je kind niet wilt. Het is hartstikke mooi werk. Er is een hartstikke goede boterham mee te verdienen en het is gigantisch maatschappelijk relevant. Het laatste wat wij willen, is een soort witteboorden-blauweboordentegenstelling. De sociale cohesie helpt ook om in het bedrijf dat goede gesprek te voeren.
Tot slot vroeg de heer Simons of we nog twee jaar hadden kunnen wachten en dan de wet invoeren. Deze wetsbehandeling duurt overigens al wat langer dan twee jaar, dus in die zin hebben we al gewacht. In oprechtheid: wij wilden dit eigenlijk klaar hebben liggen op de seconde dat we uit het coronaregime van het thuiswerkadvies kwamen. Wij zijn echt wel beducht voor de toch menselijke reflex — ik denk dat we die allemaal herkennen — om te snel weer in het oude terug te vallen. Dat zien we her en der gebeuren. We weten een deel van de winst te borgen. Het is overal gewoon weer superdruk op de weg. We zien weer werkgevers die het niet willen. Wij vinden het zonde om dan twee jaar te wachten. Natuurlijk, alles kan, maar wij voelen ons ook wel gesteund in de wens van zowel werkgevers als werknemers. De minister zei het ook al. ""Dit is het moment"", zei de minister. Dat herken ik wel. Dit is het juiste moment, zo zei zij het letterlijk, om deze wettelijke verankering te doen. Die is goed werkbaar en zorgt ervoor dat het goede gesprek op gang komt. Dan zou ik twee jaar wachten wel zonde vinden, juist ook als werkgevers en werknemers zeggen: geef ons die wettelijke duidelijkheid, dan kunnen we het gesprek goed voeren, en de positie van werknemers versterken. Als werkgeversorganisaties ons oproepen om dat nu ook bij wet te doen, hoop ik dat we dat we dat met elkaar gaan doen.
Dank u wel, voorzitter.";2021-2022;28-6-2022;tk;handelingen;31 Wet werken waar je wilt;https://zoek.officielebekendmakingen.nl/h-tk-20212022-97-31.html;https://zoek.officielebekendmakingen.nl/h-tk-20212022-97-31.xml;nr. 97, item 31;van van weyenberg;"Chair. I have to make do with Mr De Jong's assessment. What he and his faction will unleash from me in complete autonomy... I am extremely aware of that, and that is how it should be. I do notice that employers say that they like this because it helps them to have that good conversation. We have tried to do justice to them in the law, also by adopting the advice that an assessment criterion must be easily workable for employers. We really think this can contribute. And yes, unfortunately we still receive examples of employers who do not want to have that conversation. Then with the current law - apart from this initiative law - you are simply powerless. Then you can't have a reasonable conversation. You cannot go to court because you have no rights whatsoever. That's what this law changes. Mr President, you will notice that I am still trying to convince Mr De Jong until the last second. That's how it should be in a debate; that's why we're all here.
Chair. I wholeheartedly agree with Mrs Van Beukering and Mrs Palland's call regarding cross-border workers. The minister has already taken steps there. I don't think anyone doubts that intention. We have previously written that we would have liked to have included this in our initiative law, but it is not possible there. We have every confidence that the government will do everything possible in this regard. The experiences so far also show this.
Mr Van Kent rightly said that not everyone can work from home at all times or to the extent he or she would like. That is of course true. I also speak to a lot of people who have no need for it at all. They say: I started working in a service sector because I really enjoy talking to people all day long, and I don't want to think about sitting behind a computer, let alone having to sit behind a computer at home. So it's very different. We have really added the importance of social cohesion into the law. It also fits the criterion, because it is not desirable if an unjustified image were to arise. As far as I am concerned, we have a task in the country to value the old blue-collar work, the crafts, more. I saw a wonderful advertisement from the construction companies, who said: could you perhaps send your children to Construction Day? Because we really need the people. We need to get rid of the image that working with your hands is something you don't want for your child. It's really nice work. You can earn a very good living from it and it is extremely socially relevant. The last thing we want is some kind of white-collar-blue-collar contradiction. Social cohesion also helps to have good conversations in the company.
Finally, Mr Simons asked whether we could have waited another two years and then introduced the law. This legislative process has been going on for more than two years, so in that sense we have already waited. In sincerity: we actually wanted to have this ready the second we came out of the corona regime of work-from-home advice. We are really afraid of the human reflex - I think we all recognize it - of falling back into the old way too quickly. We see that happening here and there. We know how to guarantee a share of the profit. It's just super busy on the roads everywhere. We see employers again who don't want it. We think it would be a shame to wait two years. Of course, anything is possible, but we also feel supported by the wishes of both employers and employees. The minister also said it. ""This is the moment,"" said the minister. I recognize that. This is the right time, she literally said, to make this legal. It is easy to work with and ensures that a good conversation gets started. Then I would think it would be a shame to wait two years, especially if employers and employees say: give us that legal clarity, then we can have a good conversation and strengthen the position of employees. If employers' organizations now call on us to do so by law, I hope that we will do so together.
Thank you, Chairman.";0
h-tk-20212022-3-2;De heer Eerdmans;JA21;Ja, dank je. Het gaat erom, veel ruimte dus voor windturbines in plaats van woningen. Ik heb heel vaak het kabinet gevraagd: hoeveel plekken worden er nu bezet door aanstaande windturbines, soms van 250 meter hoog, waar we niet kunnen bouwen? Dat is de eerste.;2021-2022;23-9-2021;tk;handelingen;2 Algemene Politieke Beschouwingen;https://zoek.officielebekendmakingen.nl/h-tk-20212022-3-2.html;https://zoek.officielebekendmakingen.nl/h-tk-20212022-3-2.xml;nr. 3, item 2;eerdmans;Yes, thank you. The point is, plenty of space for wind turbines instead of homes. I have often asked the cabinet: how many places are now occupied by future wind turbines, sometimes 250 meters high, where we cannot build? That's the first.;0
h-tk-20212022-48-5;Staatssecretaris Vijlbrief;D66;Als mevrouw Beckerman denkt dat ik wilde suggereren dat het dankzij mijn goede werk was dat het in Woltersum is gebeurd, dan had ik erbij moeten zeggen dat het daar gebeurt omdat dat een actieve gemeente is, die bereid was om er geld voor beschikbaar te stellen. Daar heeft ze groot gelijk in. Over dat punt is geen enkele discussie. Volgens mij staat er in het regeerakkoord juist dat wij voor het versterken en voor die fundamenten iets moeten verzinnen. Daar zal vermoedelijk geld ter beschikking moeten komen van het Rijk. Dat lijkt mij een waarheid als een koe, alleen kan ik nu niet zeggen hoe dat precies moet. Ik kan ook niet zeggen hoeveel. In aanloop naar de Voorjaarsnota ga ik dat regelen.;2021-2022;9-2-2022;tk;handelingen;5 Gaswinning in Groningen;https://zoek.officielebekendmakingen.nl/h-tk-20212022-48-5.html;https://zoek.officielebekendmakingen.nl/h-tk-20212022-48-5.xml;nr. 48, item 5;vijlbrief;If Mrs Beckerman thinks that I wanted to suggest that it was thanks to my good work that it happened in Woltersum, then I should have said that it happened there because it was an active municipality that was prepared to make money available for it. She is absolutely right about that. There is no discussion about that point. I think the coalition agreement actually states that we have to come up with something to strengthen those foundations. Money will probably have to be made available from the government for this. That seems like a truism to me, but I can't say exactly how to do that right now. I can't say how much either. I will arrange this in the run-up to the Spring Memorandum.;0
h-tk-20212022-30-10;De heer Graus;PVV;Ik vond het een erg plezier debat met mijn collega's, met de minister en ook met u, meneer de voorzitter.;2021-2022;2-12-2021;tk;handelingen;10 Begroting Landbouw, Natuur en Voedselkwaliteit 2022;https://zoek.officielebekendmakingen.nl/h-tk-20212022-30-10.html;https://zoek.officielebekendmakingen.nl/h-tk-20212022-30-10.xml;nr. 30, item 10;graus;I really enjoyed the debate with my colleagues, with the minister and also with you, Mr. Chairman.;0
h-tk-20212022-49-4;De heer Wassenberg;PvdD;"In de Eerste Kamer is een vergelijkbare motie aangenomen, maar daar gebeurt het op zee. Er loopt een pilot, maar die loopt tot en met 2024. Dat is nog drie jaar. Als dan nog de hele wetgeving moet worden opgestart, hebben we het zo over vijf, zes jaar. We hebben in het afgelopen jaar een zeearend gezien en we hebben een lammergier gezien die slachtoffer zijn geworden van een windmolen, dus die tijd hebben we gewoon niet. We hebben maar twintig broedparen van zeearenden, dus die tijd ontbreekt gewoon; die hebben we helaas niet. Vandaar dat ik tot spoed maan.";2021-2022;10-2-2022;tk;handelingen;4 Landbouw- en Visserijraad 15 en 16 november 2021;https://zoek.officielebekendmakingen.nl/h-tk-20212022-49-4.html;https://zoek.officielebekendmakingen.nl/h-tk-20212022-49-4.xml;nr. 49, item 4;wassenberg;"A similar motion was adopted in the Senate, but there it happens at sea. There is a pilot running, but it will run until 2024. That is another three years. If the entire legislation still has to be initiated, we are talking about five or six years. In the past year we have seen a white-tailed eagle and we have seen a bearded vulture that fell victim to a windmill, so we just don't have that time. We only have twenty breeding pairs of sea eagles, so there is simply not enough time; unfortunately we don't have that. That's why I urge you to act urgently.";0
h-tk-20212022-86-9;De heer Omtzigt;Lid Omtzigt;"Ik houd ervan om hele verrassende voorstellen te doen om voorzitters te ontregelen, maar ik heb vanavond nog niks gevonden, voorzitter.
Dit was mijn inbreng voor dit wetsvoorstel. Ik denk dat we hier in de komende tijd nog lange discussies gaan hebben over pensioenen.";2021-2022;1-6-2022;tk;handelingen;9 Aanpassing van de regeling voor waardeoverdracht en afkoop klein pensioen;https://zoek.officielebekendmakingen.nl/h-tk-20212022-86-9.html;https://zoek.officielebekendmakingen.nl/h-tk-20212022-86-9.xml;nr. 86, item 9;omtzigt;"I like to make very surprising proposals to upset chairmen, but I have not found anything yet tonight, Chairman.
This was my input for this bill. I think we will have long discussions about pensions here in the near future.";0
h-tk-20212022-17-7;De heer Paternotte;D66;Ik was hiernaartoe gelopen vanwege de motie Den Haan/Paternotte op stuk nr. 1501. Ik ga daar uiteraard niet opnieuw het debat over aan. We vinden het gewoon niet logisch in lijn met wat de Gezondheidsraad zegt om over vijf weken pas met de boosters te beginnen. Ik wil vragen of de minister in de brief die hij waarschijnlijk volgende week gaat sturen toe zou willen lichten wat er nou veranderd is in de uitvoering ten opzichte van september toen de GGD aangaf binnen twee weken weer op te kunnen schalen naar volle capaciteit. Dat is namelijk waar ik steeds van uitgegaan ben.;2021-2022;3-11-2021;tk;handelingen;7 Ontwikkelingen rondom het coronavirus;https://zoek.officielebekendmakingen.nl/h-tk-20212022-17-7.html;https://zoek.officielebekendmakingen.nl/h-tk-20212022-17-7.xml;nr. 17, item 7;paternotte;I walked here because of the Den Haan/Paternotte motion on document no. 1501. I will of course not enter into the debate about that again. We just don't think it is logical in line with what the Health Council says to only start using the boosters in five weeks. I would like to ask whether the minister would like to explain in the letter that he will probably send next week what has changed in the implementation compared to September, when the GGD indicated that it would be able to scale up to full capacity again within two weeks. That is what I have always assumed.;0
h-tk-20212022-76-4;Mevrouw Podt;D66;Ik vind dit ... Je mag natuurlijk altijd het verzoek doen, maar dit is een poosje geleden al heel erg uitgebreid onderzocht. Er is al heel duidelijk gemaakt welke praktische en vooral juridische hobbels er zijn om dit te doen. Het wordt aan alle kanten echt afgeraden om dit soort zaken te doen. Het klinkt heel stoer, maar zullen we dit gewoon alsjeblieft niet meer doen?;2021-2022;21-4-2022;tk;handelingen;4 Opvang van Oekraïense vluchtelingen;https://zoek.officielebekendmakingen.nl/h-tk-20212022-76-4.html;https://zoek.officielebekendmakingen.nl/h-tk-20212022-76-4.xml;nr. 76, item 4;podt;I think this... Of course you can always make the request, but this was already extensively researched a while ago. It has already been made very clear what practical and especially legal obstacles there are to doing this. It is really not recommended on all sides to do this kind of thing. It sounds very cool, but can we please just not do this anymore?;0
h-tk-20212022-46-4;De heer Tony van Dijck;PVV;Ja, voorzitter, ...;2021-2022;3-2-2022;tk;handelingen;4 Financiële markten - consumenten en dienstverlening;https://zoek.officielebekendmakingen.nl/h-tk-20212022-46-4.html;https://zoek.officielebekendmakingen.nl/h-tk-20212022-46-4.xml;nr. 46, item 4;van tony dijck;Yes, Chairman, ...;0
h-tk-20212022-53-16;De heer Ellian;VVD;Zijn aanloop maakt het spannend.;2021-2022;22-2-2022;tk;handelingen;16 Evaluatiewet Wfpp;https://zoek.officielebekendmakingen.nl/h-tk-20212022-53-16.html;https://zoek.officielebekendmakingen.nl/h-tk-20212022-53-16.xml;nr. 53, item 16;ellian;His run-up makes it exciting.;0
h-tk-20212022-40-9;Minister Kuipers;D66;Ik probeer het.;2021-2022;20-1-2022;tk;handelingen;9 Ontwikkelingen rondom het coronavirus;https://zoek.officielebekendmakingen.nl/h-tk-20212022-40-9.html;https://zoek.officielebekendmakingen.nl/h-tk-20212022-40-9.xml;nr. 40, item 9;kuipers;I'm trying.;0
h-tk-20212022-27-12;Staatssecretaris Broekers-Knol;VVD;Welke gebouwen daar onder andere best voor geschikt zijn — daar wordt nu naar gekeken — zijn bijvoorbeeld gevangenissen, want daar heb je aparte kamers en meestal zijn er wc's. Dat klinkt heel naar, maar hier en daar wordt wel gekeken naar leegstaande gevangenissen en dat soort gebouwen, maar ook naar kantoorgebouwen. Zoals ik eerder al gezegd heb, wordt er geen steen overeind gehouden. Nee ... Alles wordt omgedraaid en nog eens bekeken of het kan of niet kan.;2021-2022;25-11-2021;tk;handelingen;12 Begroting Justitie en Veiligheid 2022;https://zoek.officielebekendmakingen.nl/h-tk-20212022-27-12.html;https://zoek.officielebekendmakingen.nl/h-tk-20212022-27-12.xml;nr. 27, item 12;broekers-knol;Some of the buildings that are best suited for this - they are now being looked into - are prisons, for example, because there you have separate rooms and usually toilets. That sounds very bad, but here and there they are looking at vacant prisons and buildings like that, but also at office buildings. As I have said before, no stone is left unturned. No... Everything is turned around and reconsidered whether it is possible or not.;0
h-tk-20212022-98-6;Staatssecretaris Heijnen;CDA;Ja. Ik had dat gelijk kunnen zeggen.;2021-2022;29-6-2022;tk;handelingen;6 Wet gewasbeschermingsmiddelen en biociden;https://zoek.officielebekendmakingen.nl/h-tk-20212022-98-6.html;https://zoek.officielebekendmakingen.nl/h-tk-20212022-98-6.xml;nr. 98, item 6;heijnen;Yes. I could have said that right away.;0
h-tk-20212022-23-14;Mevrouw Van Esch;PvdD;Voorzitter. Deze motie werd gisteren door het kabinet ontraden. Aangezien de motie nu is aangenomen, zou ik graag een brief van het kabinet willen over hoe deze wordt uitgevoerd.;2021-2022;17-11-2021;tk;handelingen;14 Stemmingen moties Ontwikkelingen rondom het coronavirus d.d. 16 november 2021;https://zoek.officielebekendmakingen.nl/h-tk-20212022-23-14.html;https://zoek.officielebekendmakingen.nl/h-tk-20212022-23-14.xml;nr. 23, item 14;van van esch;Chair. This motion was advised against by the cabinet yesterday. Since the motion has now been passed, I would like a letter from the Cabinet on how it is being implemented.;0
h-tk-20212022-16-20;De heer Kops;PVV;"Voorzitter, dank u wel. De klimaattop is begonnen, beter gezegd: het klimaatcircus. Het is de 26ste editie alweer. Een knap staaltje klimaatbangmakerij. Ik citeer: ""Klimaatverandering is een tikkende tijdbom."" ""De mensheid staat aan de rand van de afgrond."" ""De laatste kans voor de aarde."" Dat zijn zomaar wat alarmistische uitspraken van regeringsleiders, groene CEO's en andere klimaatbobo's die de mensen thuis verregaande klimaatterreur door de strot willen duwen, zoals minder autorijden, minder vlees eten, minder douchen en ook minder vliegen. Bedacht en opgelegd door diezelfde klimaatbobo's, die zelf in hun 400 privévliegtuigen naar Glasgow zijn gevlogen. Hoe hypocriet wil je het hebben? En wat te denken van de Amerikaanse president Biden, die met maar liefst vier vliegtuigen, een helikopter en een hele stoet aan zware SUV's naar Glasgow is afgereisd? Hoe hypocriet wil je het hebben? Glasgow heeft trouwens helemaal niet genoeg hotelkamers om zo veel klimaatbobo's te laten overnachten en biedt ze daarom een kamer aan op speciaal voor hen aangemeerde vervuilende cruiseschepen. Hoe hypocriet wil je het hebben? Glasgow heeft ook helemaal niet voldoende laadpalen voor de vele elektrische auto's die daar voor de show moeten rondrijden, zodat de stad is aangewezen op vervuilende generatoren.
Voorzitter. Wie nu nog niet doorheeft dat die klimaattoppen één grote groene grap zijn, wil het gewoon niet begrijpen. De schaamteloze hypocrisie en de grenzeloze arrogantie zijn stuitend en veelzeggend tegelijk. Want ja, zeg nou zelf: als je werkelijk denkt dat de wereld zou vergaan door CO
Voorzitter. Wat was ook alweer het doel van drie decennia klimaattoppen? De CO
Voorzitter. Dit demissionaire kabinet wil volgend jaar maar liefst 6,8 miljard extra uitgeven aan klimaat. Extra. Extra geld voor duurzame subsidies, extra windmolens, extra windturbines, extra warmtepompen, extra zonnepanelen. Nog meer groene gekte. Eigenlijk heeft het ook wel wat sneus. Want ja, Nederland, dat hele kleine landje, wil maar al te graag klimaatkampioen zijn. Maar ja, wat Nederland ook doet en hoeveel miljarden Nederland daar ook aan verspilt, het feitelijke Nederlandse klimaateffect wordt er echt niet groter op. Dat effect, nog geen 0,5% van de mondiale CO2-uitstoot, is en blijft verwaarloosbaar. Is dat dan nu waar de burgers in Nederland voor moeten dokken? Dus dokken voor CO2-reductie terwijl wat Nederland in een heel jaar uitstoot een land als China in nog geen week tenietdoet. Dokken voor van het gas af gaan, met z'n allen van het gas af, terwijl de CO2 die Nederland daarmee bespaart door China in slechts drie uur wordt uitgestoten. Drie uur! Het is en blijft niet uit te leggen.
Dan wil Nederland komend jaar ook nog eens 1,3 miljard uitgeven aan iets wat internationale klimaatfinanciering heet oftewel klimaatontwikkelingshulp. De vraag is: waar gaat dat geld dan precies heen? Gaat dat dan naar zonnepanelen in Zuid- en Oost-Europa? Gaat dat naar windturbines in Afrika? Klimaatontwikkelingshulp, en dan te beseffen dat vele honderdduizenden Nederlandse huishoudens de energierekening niet meer kunnen betalen. Het is onacceptabel. Dat is Nederlands geld en dat geld moet dus ook hier in Nederland besteed worden. Gebruik het voor het tegengaan van energiearmoede en dan niet in Polen, niet in Italië, niet ergens in Afrika, maar hier in ons eigen Nederland. Die energierekening moet omlaag. Gaat de staatssecretaris dat doen?
Voorzitter. Dit kabinet is selectief demissionair. Want vele extra miljarden naar klimaat, dat moet blijkbaar allemaal maar kunnen, ondanks dat het kabinet demissionair is. Maar als het gaat om kernenergie zegt de staatssecretaris: ja, nee, dat is aan een volgend kabinet, want wij zijn demissionair. Hoe staat het er nu mee met deze duurzame, CO
Dank u wel, voorzitter.";2021-2022;2-11-2021;tk;handelingen;20 Begroting Economische Zaken en Klimaat 2022;https://zoek.officielebekendmakingen.nl/h-tk-20212022-16-20.html;https://zoek.officielebekendmakingen.nl/h-tk-20212022-16-20.xml;nr. 16, item 20;kops;"Chairman, thank you. The climate summit has started, or better said: the climate circus. It is already the 26th edition. A clever example of climate scaremongering. I quote: ""Climate change is a ticking time bomb."" “Humanity is on the brink of the abyss.” ""The last chance for Earth."" These are just some alarmist statements from government leaders, green CEOs and other climate bigwigs who want to shove far-reaching climate terror down the throats of people at home, such as driving less, eating less meat, showering less and flying less. Conceived and imposed by the same climate bosses, who flew to Glasgow in their 400 private planes. How hypocritical do you want it to be? And what about American President Biden, who traveled to Glasgow with no fewer than four planes, a helicopter and a whole parade of heavy SUVs? How hypocritical do you want it to be? By the way, Glasgow does not have enough hotel rooms to accommodate so many climate bosses and is therefore offering them a room on polluting cruise ships docked especially for them. How hypocritical do you want it to be? Glasgow also does not have enough charging stations for the many electric cars that have to drive around there for the show, so the city has to rely on polluting generators.
Chair. Anyone who does not yet realize that these climate summits are one big green joke simply does not want to understand it. The shameless hypocrisy and boundless arrogance are shocking and telling at the same time. Because yes, let's face it: if you really think the world would end because of CO
Chair. What was the purpose of three decades of climate summits again? The CO
Chair. This outgoing cabinet wants to spend no less than 6.8 billion extra on climate next year. Extra. Extra money for sustainable subsidies, extra wind turbines, extra wind turbines, extra heat pumps, extra solar panels. More green madness. Actually, it also has a bit of a nose to it. Because yes, the Netherlands, that very small country, would love to be a climate champion. But yes, whatever the Netherlands does and how many billions the Netherlands wastes on it, the actual Dutch climate effect will really not increase. That effect, less than 0.5% of global CO2 emissions, is and remains negligible. Is that what citizens in the Netherlands have to pay for? So pay for CO2 reduction, while what the Netherlands emits in an entire year would wipe out a country like China in less than a week. Call for going off gas, all of us, while the CO2 that the Netherlands saves is emitted by China in just three hours. Three hours! It is and remains inexplicable.
Next year, the Netherlands also wants to spend another 1.3 billion on something called international climate financing, or climate development aid. The question is: where exactly does that money go? Will that go to solar panels in Southern and Eastern Europe? Does that go to wind turbines in Africa? Climate development aid, and then realizing that many hundreds of thousands of Dutch households can no longer pay their energy bills. It's unacceptable. That is Dutch money and that money must also be spent here in the Netherlands. Use it to combat energy poverty and not in Poland, not in Italy, not somewhere in Africa, but here in our own Netherlands. That energy bill must be reduced. Will the State Secretary do that?
Chair. This cabinet is selectively outgoing. Because many extra billions for climate, that should apparently be possible, despite the fact that the cabinet is outgoing. But when it comes to nuclear energy, the State Secretary says: yes, no, that is up to the next cabinet, because we are outgoing. What is the current situation with this sustainable, CO
Thank you, Chairman.";1
h-tk-20212022-105-3;De heer Van Nispen;SP;Nog even op dit laatste punt. Dat stelt mij gerust. In geval van mogelijke onenigheid kan dat niet worden voorgelegd aan de rechter. Er bestaat dus niet de mogelijkheid om een verzoek aan de familierechter te doen om vervangende toestemming te vragen. Het gevolg is dan dat de rechter zo'n zaak in zijn geheel niet in behandeling neemt. Dat is het juridisch gevolg. Dan bestaat die onenigheid niet en dan belast dat niet het rechtssysteem en vergroot dat niet het conflict. Zo heb ik dat goed begrepen?;2021-2022;7-9-2022;tk;handelingen;3 Wet introductie gecombineerde geslachtsnaam;https://zoek.officielebekendmakingen.nl/h-tk-20212022-105-3.html;https://zoek.officielebekendmakingen.nl/h-tk-20212022-105-3.xml;nr. 105, item 3;van van nispen;Just a quick note on this last point. That reassures me. In the event of possible disagreement, this cannot be submitted to the judge. It is therefore not possible to submit a request to the family court to request alternative permission. The result is that the judge will not consider such a case in its entirety. That is the legal consequence. Then that disagreement does not exist and it does not burden the legal system or increase the conflict. So did I understand that correctly?;0
h-tk-20212022-31-55;Mevrouw Ellemeet;GroenLinks;"Dit is precies het punt waarover ik een amendement heb ingediend. Ik blijf dit uiterst onbevredigend vinden. Bij de behandeling in 2016 was de kritiek al dat het nog steeds een heel vaag begrip is: ""gelieerd zijn aan iets"", ""te maken hebben met terroristische activiteiten"". Het sterke van het recht is nu juist dat je precies weet op welke gronden er getoetst wordt, dat het publiek gemaakt wordt en dat de rechter daar een belangrijke rol in speelt. Dus waarom nu niet standaard die rechterlijke toetsing?";2021-2022;7-12-2021;tk;handelingen;55 Wijziging Tijdelijke wet bestuurlijke maatregelen terrorismebestrijding;https://zoek.officielebekendmakingen.nl/h-tk-20212022-31-55.html;https://zoek.officielebekendmakingen.nl/h-tk-20212022-31-55.xml;nr. 31, item 55;ellemeet;"This is precisely the point on which I tabled an amendment. I continue to find this extremely unsatisfactory. During the treatment in 2016, the criticism was that it is still a very vague concept: ""being affiliated with something"", ""having to do with terrorist activities"". The strength of the law is that you know exactly on what grounds the assessment is being made, that it is made public and that the judge plays an important role in this. So why not standard judicial review now?";0
h-tk-20212022-4-11;De heer Stoffer;SGP;Voorzitter. Ik kan me ook aansluiten bij het voorstel van mevrouw Belhaj. Laten we het bij het commissiedebat Politie betrekken.;2021-2022;28-9-2021;tk;handelingen;11 Regeling van werkzaamheden;https://zoek.officielebekendmakingen.nl/h-tk-20212022-4-11.html;https://zoek.officielebekendmakingen.nl/h-tk-20212022-4-11.xml;nr. 4, item 11;stoffer;Chair. I can also agree with Mrs Belhaj's proposal. Let's include it in the Police committee debate.;0
h-tk-20212022-11-5;Mevrouw Westerveld;GroenLinks;Ja, voorzitter. De staatssecretaris zegt dat het onderbouwd tot stand is gekomen. Daar kun je heel erg over van mening verschillen. Die discussie hebben we natuurlijk ook al een klein beetje gehad in het debat over de commissie-De Winter, dus die zal ik hier niet opnieuw gaan voeren. Hier is natuurlijk gezegd: kijk dan naar een regeling zoals die er al is voor andere sectoren. Het is dus nog maar de vraag of je kunt zeggen dat dit onderbouwd tot stand is gekomen. Ik hoop dat in ieder geval de Kamer deze discussie heeft gevolgd en straks wijs gaat stemmen.;2021-2022;13-10-2021;tk;handelingen;5 Misstanden in de turnsport;https://zoek.officielebekendmakingen.nl/h-tk-20212022-11-5.html;https://zoek.officielebekendmakingen.nl/h-tk-20212022-11-5.xml;nr. 11, item 5;westerveld;Yes, Chairman. The State Secretary says that it was arrived at in a substantiated manner. You can have very different opinions about that. Of course, we have already had that discussion to a small extent in the debate on the De Winter committee, so I will not have it again here. Of course, this means: look at a scheme like the one that already exists for other sectors. So the question remains whether you can say that this has been arrived at in a substantiated manner. I hope that at least the House has followed this discussion and will soon vote wisely.;0
h-tk-20212022-55-5;Minister Kuipers;D66;Dat is precies de reden om dit soort time-outs af te spreken.;2021-2022;24-2-2022;tk;handelingen;5 Sluiting vier spoedeisende hulpposten in Drenthe en Groningen;https://zoek.officielebekendmakingen.nl/h-tk-20212022-55-5.html;https://zoek.officielebekendmakingen.nl/h-tk-20212022-55-5.xml;nr. 55, item 5;kuipers;That is exactly the reason to agree on these types of timeouts.;0
h-tk-20212022-20-3;Mevrouw Bromet;GroenLinks;Mijn laatste?;2021-2022;10-11-2021;tk;handelingen;3 Begroting Defensie 2022;https://zoek.officielebekendmakingen.nl/h-tk-20212022-20-3.html;https://zoek.officielebekendmakingen.nl/h-tk-20212022-20-3.xml;nr. 20, item 3;bromet;My last?;0
h-tk-20212022-93-6;De heer Idsinga;VVD;"Nou, er zitten een aantal lagen in uw vraagstelling of in uw oproep aan mij. Ik deel uw zorgen. Die heb ik ook in mijn bijdrage opgenomen. Om die reden wil ik daar ook meer van weten. Als het inderdaad zo blijkt te zijn dat we nu belastinginkomsten missen, vervolgens ook nog eens onze mkb'ers hard raken en onze pompstationhouders hard raken, en dat allemaal terwijl we inkomsten voor de schatkist missen, is dat heel zorgelijk. Tegelijkertijd moeten we ook realistisch zijn. Ik ken uw amendement; ik heb het gelezen. Het is ook meegenomen in het debat gisteren. Gisteren hebben we met elkaar gesproken over koopkrachtmaatregelen. U was er zelf ook bij en ik was erbij; we zaten in de zaal. Er is nu een opening om daar met elkaar verder naar te kijken, van links tot rechts in de Kamer. Dat gaan we dus ook doen. Op dat moment, op het moment dat we ook de weging hebben vanuit het kabinet over die maatregelen, waaronder de maatregel die u nu noemt, zullen we daarover met elkaar een debat voeren en zullen we daar met elkaar een beslissing over nemen.";2021-2022;16-6-2022;tk;handelingen;6 Wet aanvullende fiscale koopkrachtmaatregelen 2022;https://zoek.officielebekendmakingen.nl/h-tk-20212022-93-6.html;https://zoek.officielebekendmakingen.nl/h-tk-20212022-93-6.xml;nr. 93, item 6;idsinga;"Well, there are a number of layers to your question or to your appeal to me. I share your concerns. I have also included that in my contribution. That's why I want to know more about it. If it indeed turns out to be the case that we are now missing tax revenues, and then hitting our SMEs hard and our gas station owners hard, all while missing income for the treasury, that is very worrying. At the same time, we must also be realistic. I know your amendment; I have read it. It was also included in yesterday's debate. Yesterday we discussed purchasing power measures. You yourself were there and I was there; we were sitting in the audience. There is now an opening to look at this further together, from left to right in the House. So we will do that too. At that moment, when we also have the Cabinet's assessment of those measures, including the measure you are now mentioning, we will have a debate about them together and we will make a decision about them together.";0
h-tk-20212022-93-11;Minister Wiersma;VVD;"Dat is een goede vraag. Die komt zo meteen terug in een blokje, maar ik ga wel al een inleiding op dat antwoord geven. Daarna ga ik naar de blokjes toe. Dit is een terechte vraag. Ik zeg maar eerlijk dat mijn doel het volgende is. In die paar gevallen waarin het goed misgaat, zien wij nu te vaak dat je heel lang kan twisten over wat er dan misgaat, dat de rechter daar lange processen voor kiest en dat de sancties die wij kunnen opleggen, vaak ophouden bij bekostigingssancties. Het risico daarvan vind ik — dat zag ik in het geval van SvPO ook; die had al een bekostigingssanctie van 15% — dat het daarmee een zinkend schip wordt. Je gaat de hele tijd aan de knop van het geld draaien, maar de echte oplossing blijft uit omdat een bestuurder de hele tijd procedure na procedure aanzet en vervolgens eigenlijk iedereen op die school al een beetje tegen zich in het harnas jaagt. Dat was hier ook het geval.
Toen ik een paar weken geleden met die leerlingen sprak, waar ik in het begin over sprak, toen waren er nog een aantal mensen in de medezeggenschapsraden niet overtuigd en de schoolleiders ook niet. Die zeiden: wij staan achter de bestuurder. Ik heb heel veel gesprekken gevoerd. Ik heb de aanwijzingen verstuurd. Ik heb nog meer gesprekken gevoerd, of mijn ambtenaren vooral, heel veel dank aan hen daarvoor. Dat is heel zorgvuldig gedaan en het is gelukt om uiteindelijk de schoolleiders en de medezeggenschapsraden allemaal verenigd achter die keuze te krijgen.
Maar het zou toch wel erg zijn dat dat zulke ernstige gevolgen voor leerlingen heeft, als deze man ervoor gekozen had om toch een procedure aan te spannen. We zien dat die kwaliteit zeer zwak is en ik moest al dreigen met het volledig inhouden van de bekostiging. Dan kan je het nog maandenlang uitstellen, terwijl iedereen voelt dat het niet goed zit. Dan vind ik dat ik een wetsvoorstel moet maken waarvan ik overtuigd ben dat in ieder geval in die gevallen waar het heel goed fout gaat, je ook echt weet dat je wat hebt.
Ik vroeg die optielijst uit, omdat ik twijfelde en omdat ik weet hoe lastig die discussies zijn, de afgelopen jaren. In het geval van de casus SvPO zag ik zelf ook dat ik twijfelde. Je kan het heel lang aanhouden met kwalificaties dat het niet ernstig genoeg is, en noem maar op. Als een inspectie dat keer op keer op keer aantoont en herstelopdracht na herstelopdracht geeft, dan is op een gegeven moment de maat vol. Het laatste wat ik kon doen, is naar de rechter stappen voor een soort ontslag vanwege wangedrag, maar dat kan niet want dan zegt de landsadvocaat: nee, je hebt eerst je eigen instrumentarium nog af te lopen. Ons instrumentarium kan je heel lang aflopen, waardoor je heel lang een zinkend schip creëert, maar niet iets goeds doet voor die leerlingen.
Ik vind dat je dat soms sneller moet forceren. Ik heb in deze wet de instrumenten die daarvoor dienen. Mijn voorganger, de heer Slob, heeft er niet voor niks voor gekozen om dat zo te doen. Zet je die vaak in? Nee, die zet je niet vaak in. Dat is ook niet de bedoeling. Hopelijk zelfs minder vaak, als je ze wel voorhanden hebt. Maar ik heb zelf de afweging gemaakt of dit in de praktijk gaat werken. Dat is voor mij de toets die ik gedaan heb. Ik kom zo meteen nog uitgebreid op een aantal punten.";2021-2022;16-6-2022;tk;handelingen;11 Wet uitbreiding bestuurlijk instrumentarium onderwijs;https://zoek.officielebekendmakingen.nl/h-tk-20212022-93-11.html;https://zoek.officielebekendmakingen.nl/h-tk-20212022-93-11.xml;nr. 93, item 11;wiersma;"That's a good question. That will come back in a moment in a block, but I will already give an introduction to that answer. Then I go to the blocks. This is a fair question. I can honestly say that my goal is the following. In those few cases where things go wrong, we now see too often that you can argue for a very long time about what goes wrong, that the judge chooses long processes for this and that the sanctions that we can impose often stop at funding sanctions. I think there is a risk in that - I also saw that in the case of SvPO; it already had a funding penalty of 15% - which makes it a sinking ship. You keep turning the money knob all the time, but the real solution is not forthcoming because an administrator constantly initiates procedure after procedure and then actually antagonizes everyone at that school. That was also the case here.
When I spoke to those students a few weeks ago, which I talked about at the beginning, a number of people in the participation councils were not convinced and neither were the school leaders. They said: we support the driver. I've had a lot of conversations. I sent the directions. I have had more conversations, or my officials in particular, many thanks to them for that. This was done very carefully and ultimately we managed to get the school leaders and participation councils all united behind that choice.
But it would be a shame that this would have such serious consequences for students, if this man had chosen to initiate proceedings after all. We see that this quality is very poor and I had to threaten to withhold the funding completely. Then you can postpone it for months, while everyone feels that things are not right. Then I think I should draw up a bill in which I am convinced that, at least in those cases where things very well go wrong, you really know that you have something.
I requested that option list because I had doubts and because I know how difficult those discussions have been in recent years. In the case of the SvPO case, I also saw that I had doubts. You can go on for a long time with qualifications that it is not serious enough, and so on. If an inspection shows this time and time again and issues repair order after repair order, then at some point the limit is full. The last thing I could do is go to court for some kind of dismissal due to misconduct, but that is not possible because then the state attorney says: no, you still have to run through your own set of instruments first. You can use our instruments for a very long time, creating a sinking ship for a very long time, but not doing anything good for those students.
I think that sometimes you have to force that more quickly. I have the instruments in this law that serve this purpose. It was not without reason that my predecessor, Mr Slob, chose to do it this way. Do you use it often? No, you don't use that often. That is not the intention. Hopefully even less often, if you do have them available. But I have made the decision myself whether this will work in practice. For me that is the test I have taken. I will elaborate on a number of points shortly.";1
h-tk-20212022-23-19;Mevrouw Van der Plas;BBB;"Zeker. Als het woord ""varkenshouderij"" valt, kom ik snel aangerend. Deels kan ik me in de woorden van de heer Wassenberg vinden, want ook wij storen ons enorm aan valse lesstof. Een aantal jaren geleden heb ik, toen ik nog geen Kamerlid was, hier een zwartboek aangeboden aan de commissie voor Onderwijs, omdat ook wij constateren dat in lesboeken enorm veel propaganda staat, maar dan andersom. Kinderen wordt nog geleerd dat er legbatterijen in Nederland bestaan. Kinderen krijgen lesjes over kistkalveren, die al twintig jaar niet meer bestaan in Nederland. Over de vraag hoe de heer Wassenberg over de varkenshouderij denkt, ga ik even geen debat voeren. Dat doen we wel in een landbouwdebat.";2021-2022;17-11-2021;tk;handelingen;19 Begroting Onderwijs, Cultuur en Wetenschap 2022;https://zoek.officielebekendmakingen.nl/h-tk-20212022-23-19.html;https://zoek.officielebekendmakingen.nl/h-tk-20212022-23-19.xml;nr. 23, item 19;van der van der plas;"Certainly. When the word ""pig farming"" is mentioned, I quickly come running. I partly agree with Mr Wassenberg's words, because we are also very bothered by false teaching material. A number of years ago, when I was not yet a Member of Parliament, I presented a black book to the Education Committee here, because we also noticed that textbooks contain an enormous amount of propaganda, but the other way around. Children are still taught that battery cages exist in the Netherlands. Children receive lessons about box calves, which have not existed in the Netherlands for twenty years. I am not going to debate the question of what Mr Wassenberg thinks about pig farming. We do that in an agricultural debate.";0
h-tk-20212022-66-13;De heer Alkaya;SP;De motie is helder en ook is helder hoe die is afgebakend. Ik vraag om de mening van mevrouw Van Dijk. Is zij het met mij eens dat wij aan het kabinet moeten vragen of dit niet structureel kan worden? Alle argumenten die zij aandraagt zijn structureel en niet tijdelijk van aard.;2021-2022;30-3-2022;tk;handelingen;13 Ontwikkeling koopkracht en stijgende energieprijzen;https://zoek.officielebekendmakingen.nl/h-tk-20212022-66-13.html;https://zoek.officielebekendmakingen.nl/h-tk-20212022-66-13.xml;nr. 66, item 13;alkaya;The motion is clear and it is also clear how it is demarcated. I ask for Mrs Van Dijk's opinion. Does she agree with me that we should ask the cabinet whether this could become structural? All arguments she puts forward are structural and not temporary in nature.;0
h-tk-20212022-60-35;De heer Eppink;JA21;"Dank u, voorzitter. Ik heb slechts één motie.
De Kamer,
gehoord de beraadslaging,
constaterende dat Qatar Airways met het Qatar-EU-luchtvaartverdrag oneerlijk concurreert met Europese luchtvaartmaatschappijen;
overwegende dat het kabinet in het coalitieakkoord inzake luchtvaart oproept tot een ""gelijk speelveld binnen de EU en van de EU ten opzichte van derde landen"";
overwegende dat vakbonden van KLM zich per brief hebben uitgesproken over de oneerlijke concurrentie die door dit verdrag wordt veroorzaakt;
verzoekt het kabinet een strikte naleving en handhaving van artikel 7 naar inbreuk op oneerlijke concurrentie te waarborgen en te onderzoeken of Qatar Airways door de staat Qatar subsidie wordt verleend,
en gaat over tot de orde van de dag.
Deze motie is voorgesteld door het lid Eppink.
Zij krijgt nr.";2021-2022;15-3-2022;tk;handelingen;35 Luchtvaart;https://zoek.officielebekendmakingen.nl/h-tk-20212022-60-35.html;https://zoek.officielebekendmakingen.nl/h-tk-20212022-60-35.xml;nr. 60, item 35;eppink;"Thank you, Chairman. I have only one motion.
The Chamber,
after hearing the deliberation,
noting that Qatar Airways competes unfairly with European airlines through the Qatar-EU aviation treaty;
whereas in the coalition agreement on aviation, the government calls for a ""level playing field within the EU and of the EU vis-à-vis third countries"";
whereas KLM unions have spoken out by letter about the unfair competition caused by this treaty;
calls on the government to ensure strict compliance and enforcement of Article 7 on infringement of unfair competition and to investigate whether Qatar Airways is granted a subsidy by the State of Qatar,
and goes about the order of the day.
This motion was proposed by member Eppink.
She gets no.";0
h-tk-20212022-45-13;De heer Nijboer;PvdA;Dat vind ik een goed voorstel en een goed uitgangspunt van D66. Nu is het zo dat de PvdA vandaag samen met de SP, GroenLinks en Volt — de Partij voor de Dieren heeft zich er ook al bij aangesloten — een alternatief heeft gepresenteerd: een hele simpele, eenvoudig uitvoerbare en snel invoerbare progressieve vermogensbelasting. Hoe staat D66 daartegenover? Want dan sla je echt de grote vermogens aan en heb je niet de problemen van het fictieve rendement, dat geen stand houdt.;2021-2022;2-2-2022;tk;handelingen;13 Uitspraak van de Hoge Raad van 24 december 2021 inzake box 3;https://zoek.officielebekendmakingen.nl/h-tk-20212022-45-13.html;https://zoek.officielebekendmakingen.nl/h-tk-20212022-45-13.xml;nr. 45, item 13;nijboer;I think that is a good proposal and a good starting point from D66. Today, the PvdA, together with the SP, GroenLinks and Volt - the Party for the Animals has also joined - has presented an alternative: a very simple, easily implemented and quickly implemented progressive wealth tax. What is D66's position on this? Because then you really invest in the large assets and you do not have the problems of the fictitious return, which does not hold up.;0
h-tk-20222023-2-5;De heer Eerdmans;JA21;Ik zou graag een reactie willen van de heer Heerma. Hij spreekt over burgerberaden. Dat spreekt mij best aan: lokale democratie, van onderop, enzovoorts. Hoe kijkt hij aan tegen de volgende situatie? Ik was eigenlijk aan het wachten op het blokje asiel/migratie, maar dit is misschien een betere kapstok. We zien dat het azc in Bant in Noordoostpolder, waar veel om te doen is geweest, door de regering is gecanceld vanwege het ontbreken van draagvlak in het stadje Bant. Is dat voor u ook een voorwaarde voor de toekomst: kijken naar draagvlak binnen gemeenten voor de opvang van asielzoekers?;2022-2023;21-9-2022;tk;handelingen;5 Algemene Politieke Beschouwingen;https://zoek.officielebekendmakingen.nl/h-tk-20222023-2-5.html;https://zoek.officielebekendmakingen.nl/h-tk-20222023-2-5.xml;nr. 2, item 5;eerdmans;I would like a response from Mr Heerma. He talks about citizen councils. That appeals to me: local democracy, from the bottom up, and so on. How does he view the following situation? I was actually waiting for the asylum/migration block, but this might be a better starting point. We see that the asylum seekers' center in Bant in the Noordoostpolder, which has been the subject of much discussion, has been canceled by the government due to the lack of support in the town of Bant. Is this also a condition for the future for you: looking for support within municipalities for the reception of asylum seekers?;0
h-tk-20222023-27-12;Minister Dijkgraaf;D66;Ik ben bang dat ik hier in herhaling ga vervallen. Ik snap de frustratie en de urgentie. Ik kom in februari met mijn reactie en ik zal proberen die zo concreet en actiegericht mogelijk te maken.;2022-2023;24-11-2022;tk;handelingen;12 Begroting Onderwijs, Cultuur en Wetenschap 2023;https://zoek.officielebekendmakingen.nl/h-tk-20222023-27-12.html;https://zoek.officielebekendmakingen.nl/h-tk-20222023-27-12.xml;nr. 27, item 12;dijkgraaf;I'm afraid I'm repeating myself here. I understand the frustration and urgency. I will provide my response in February and I will try to make it as concrete and action-oriented as possible.;0
h-tk-20222023-37-34;De heer Grinwis;CU;"Voorzitter, dank u wel. Op 26 september klonk er geen luide knal, maar we schrokken wel als Europa en als wereld. Toen werden Nord Stream 1 en 2 gesaboteerd. Ik had daar een motie over meegebracht. Die dien ik echter niet in, omdat er eigenlijk al een motie ligt van collega Boswijk. De minister is daarmee aan de slag om een strategie te ontwerpen om onze cruciale, kritische infrastructuur op zee goed te beschermen, juist ook in een instabiele wereld waarin ook dit soort zaken, die tot voor kort misschien ondenkbaar waren, denkbaar zijn geworden, namelijk sabotage. Mijn vraag aan de minister is of hij bij de strategie die hij ontwikkelt ook heel goed bestaande wetgeving tegen het licht wil houden. Bestaande wetgeving beschermt die kwetsbare kritieke infrastructuur, de huidige maar ook de toekomstige, namelijk niet goed. Dat publieke belang van veiligheid van deze infrastructuur zit niet goed in de huidige wetgeving. Wil hij dat meenemen bij het maken van zijn strategie in dezen? Wanneer kan hij daarover wat meer vertellen aan de Kamer?
Tot zover.";2022-2023;20-12-2022;tk;handelingen;34 Gasmarkt en leveringszekerheid;https://zoek.officielebekendmakingen.nl/h-tk-20222023-37-34.html;https://zoek.officielebekendmakingen.nl/h-tk-20222023-37-34.xml;nr. 37, item 34;grinwis;"Chairman, thank you. There was no loud bang on September 26, but we were shocked as a whole in Europe and as a world. Then Nord Stream 1 and 2 were sabotaged. I had brought a motion about that. However, I will not submit that, because there is already a motion from colleague Boswijk. The minister is therefore working to design a strategy to properly protect our crucial, critical infrastructure at sea, especially in an unstable world in which these types of things, which may have been unthinkable until recently, have become conceivable, namely sabotage. My question to the minister is whether he also wants to examine existing legislation in the strategy he is developing. Existing legislation does not properly protect that vulnerable critical infrastructure, both current and future. The public interest in the safety of this infrastructure is not properly addressed in the current legislation. Does he want to take that into account when making his strategy in this regard? When can he tell the House more about this?
So far.";0
h-tk-20222023-45-10;De heer De Graaf;PVV;"Dank u wel, voorzitter. Geen moties van onze zijde, wel een constatering. De constatering die ik graag wil doen, is dat we aan de randen van de mogelijkheden zitten met betrekking tot schone lucht die je wereldwijd kunt organiseren. We doen het heel goed met z'n allen. Laten we het vooral goed blijven doen, maar laten we niet het leven weg gaan gooien om er nog twee maandjes levensverlenging aan vast te kunnen knopen. Daarvoor dank aan de staatssecretaris, die daar nog even aan refereerde.
Dan voor de kinderen die thuis last hebben van minder goede lucht. Ik zou zeggen: ja, dat is eigenlijk al de afgelopen 100 jaar een ondergeschoven kindje geweest. Er bestaat een hele prachtige techniek. Daarnet dacht ik er ineens aan. Ik heb geen aandelen of zo, maar ik heb thuis wel een apparaat en dat is een ionisatieapparaat. Met ionisatie haal je virussen, bacteriën en alle kleine deeltjes, tot nanodeeltjes aan toe, uit de lucht. Die vallen op de grond. Dan zie je wat meer stof liggen en moet je een keer per week extra stofzuigen, maar de lucht is dan van een Davos-kwaliteit, en dan doel ik op de lucht uit de bergen en niet van de mensen die daar vergaderen. Het is iedereen aan te raden. Overigens is het Longfonds tevreden over de luchtkwaliteit in Nederland. Misschien kan de staatssecretaris met het Longfonds overleggen om samen met hen de kinderen die thuis ziek zijn, aan ionisatieapparatuur te helpen, zodat zij minder last hebben van astma. Misschien zijn we dan wel van de meeste problemen af.";2022-2023;26-1-2023;tk;handelingen;10 Luchtkwaliteit in Nederland;https://zoek.officielebekendmakingen.nl/h-tk-20222023-45-10.html;https://zoek.officielebekendmakingen.nl/h-tk-20222023-45-10.xml;nr. 45, item 10;de de graaf;"Thank you, Chairman. No motions from our side, just an observation. The observation I would like to make is that we are at the limits of the possibilities with regard to clean air that you can organize worldwide. We are all doing very well. Let us continue to do well, but let us not throw away life in order to add another two months of life extension. Thanks to the State Secretary for this, who briefly referred to this.
Then for the children who suffer from less good air at home. I would say: yes, that has actually been neglected for the past 100 years. There is a very beautiful technique. Just now I suddenly thought of it. I don't own any shares or anything, but I do have a device at home and that is an ionization device. With ionization you remove viruses, bacteria and all small particles, up to nanoparticles, from the air. They fall to the ground. Then you see a little more dust and you have to vacuum extra once a week, but the air is of Davos quality, and I mean the air from the mountains and not from the people who meet there. It is recommended to everyone. The Lungfonds is satisfied with the air quality in the Netherlands. Perhaps the State Secretary can consult with the Lung Fund to work with them to help children who are sick at home get ionization equipment, so that they suffer less from asthma. Maybe then we will get rid of most of the problems.";0
h-tk-20222023-5-11;De heer Koerhuis;VVD;"Voorzitter. Zoals ik eerder al zei, zijn de grote uitdagingen om het gebruik van elektrisch rijden te stimuleren een volwaardige eerste- en tweedehandsmarkt en voldoende laadinfrastructuur. Ik vind dat de staatssecretaris deze grote uitdagingen eerst moet oppakken, voordat we de wet aannemen of in werking laten treden. Wat hebben we aan een parkeerplaats waar een lager parkeertarief geldt voor elektrische auto's, terwijl er nog geen laadpaal staat? Wat hebben we aan een parkeerplaats waar een lager parkeertarief geldt voor elektrische auto's, terwijl het kopen van een elektrische auto alleen nog bereikbaar is voor hoge inkomens?
Een ander probleem voor de uitvoering zijn plug-in hybride auto's. Dit zijn elektrische auto's met een uitlaat. Deze auto's rijden in het dorp en in de stad over het algemeen emissieloos. In het uiterste geval, op de snelweg of als het heel koud is, kunnen ze rijden op fossiele, bio- of synthetische brandstoffen. De doelstelling van de door de staatssecretaris voorgestelde wet is om het gebruik van emissieloos rijden in het dorp en de stad te stimuleren. Als de wet wordt aangenomen, dan moeten wat mij betreft plug-in hybride auto's ook onder de wet vallen. Graag een reactie van de staatssecretaris.
Als we het dan toch hebben over de doelstelling: het is altijd belangrijk dat we kunnen zien of een wet bijdraagt aan het halen van zijn eigen doelstelling. Als de door de staatssecretaris voorgestelde wet wordt aangenomen, vraag ik me af hoe we gaan kijken in hoeverre de wet bijdraagt aan het stimuleren van het gebruik van emissieloos rijden en het besparen van CO";2022-2023;28-9-2022;tk;handelingen;11 Differentiatie van parkeertarieven naar uitlaatemissies van een voertuig;https://zoek.officielebekendmakingen.nl/h-tk-20222023-5-11.html;https://zoek.officielebekendmakingen.nl/h-tk-20222023-5-11.xml;nr. 5, item 11;koerhuis;"Chair. As I said earlier, the major challenges to encouraging the use of electric vehicles are a fully-fledged first and second-hand market and sufficient charging infrastructure. I believe that the State Secretary should first tackle these major challenges before we adopt the law or bring it into effect. What good is a parking lot where a lower parking rate applies for electric cars, while there is no charging station yet? What good is a parking lot where a lower parking rate applies to electric cars, while buying an electric car is only accessible to high income earners?
Another problem for implementation is plug-in hybrid cars. These are electric cars with an exhaust. These cars generally drive emission-free in the village and in the city. In extreme cases, on the highway or when it is very cold, they can run on fossil, bio- or synthetic fuels. The objective of the law proposed by the State Secretary is to encourage the use of emission-free driving in the village and city. If the law is passed, then in my opinion plug-in hybrid cars should also be covered by the law. I would like a response from the State Secretary.
While we are talking about the objective: it is always important that we can see whether a law contributes to achieving its own objective. If the law proposed by the State Secretary is adopted, I wonder how we will determine to what extent the law contributes to encouraging the use of emission-free driving and saving CO";0
h-tk-20222023-95-29;De heer Drost;CU;Het is zojuist aan de orde gekomen in het mondelinge vragenuur, dus wij steunen nu niet een debataanvraag.;2022-2023;20-6-2023;tk;handelingen;29 Regeling van werkzaamheden;https://zoek.officielebekendmakingen.nl/h-tk-20222023-95-29.html;https://zoek.officielebekendmakingen.nl/h-tk-20222023-95-29.xml;nr. 95, item 29;drost;It has just been raised in Oral Question Time, so we are not supporting a request for debate at this stage.;0
h-tk-20222023-33-8;Mevrouw Vestering;PvdD;"Dan mijn tweede motie, voorzitter.
De Kamer,
gehoord de beraadslaging,
constaterende dat omgevingsdiensten moeten controleren of er niet méér dieren in stallen staan dan vergund, maar voor een effectieve controle afhankelijk zijn van gegevens van de landelijke overheid;
constaterende dat uit onderzoek van Omroep Gelderland blijkt dat het ministerie van LNV meer dan een jaar op de hoogte is geweest van het feit dat sommige geitenhouders méér dieren houden dan volgens hun vergunning is toegestaan, maar deze informatie niet deelde met de omgevingsdiensten;
verzoekt de regering te zorgen dat omgevingsdiensten beschikken over de gegevens die nodig zijn om effectief toezicht te houden op dieraantallen;
verzoekt de regering te zorgen dat er altijd wordt opgetreden tegen fraude met dieraantallen,
en gaat over tot de orde van de dag.
Deze motie is voorgesteld door het lid Vestering.
Zij krijgt nr.";2022-2023;8-12-2022;tk;handelingen;8 Reactie op D66-plan ter bestrijding van vogelgriep en uitspraak RvS vergunning geitenhouderij Utrecht;https://zoek.officielebekendmakingen.nl/h-tk-20222023-33-8.html;https://zoek.officielebekendmakingen.nl/h-tk-20222023-33-8.xml;nr. 33, item 8;vestering;"Then my second motion, Chairman.
The Chamber,
after hearing the deliberation,
noting that environmental services must check whether there are more animals in stables than permitted, but are dependent on data from the national government for effective control;
noting that research by Omroep Gelderland shows that the Ministry of Agriculture, Nature and Food Quality has been aware for more than a year that some goat farmers keep more animals than is permitted under their permit, but did not share this information with the environmental services;
calls on the government to ensure that environmental services have the data necessary to effectively monitor animal numbers;
calls on the government to ensure that action is always taken against animal number fraud,
and goes about the order of the day.
This motion was proposed by member Vestering.
She gets no.";0
h-tk-20222023-40-6;Mevrouw Kat;D66;Inderdaad ook steun namens D66.;2022-2023;17-1-2023;tk;handelingen;6 Regeling van werkzaamheden;https://zoek.officielebekendmakingen.nl/h-tk-20222023-40-6.html;https://zoek.officielebekendmakingen.nl/h-tk-20222023-40-6.xml;nr. 40, item 6;kat;Indeed also support on behalf of D66.;0
h-tk-20222023-37-30;De heer Van Haga;Groep Van Haga;"Voorzitter. Ik begin maar meteen met het voorlezen van mijn moties.
De Kamer,
gehoord de beraadslaging,
constaterende dat Nederlanders in de kou zitten;
overwegende dat vele mkb-bedrijven kapotgaan door de hoge gasprijzen;
verzoekt de regering per direct de productie uit het Groninger gasveld te hervatten op een productieniveau van 12 miljard kubieke meter per jaar,
en gaat over tot de orde van de dag.
Deze motie is voorgesteld door het lid Van Haga.
Zij krijgt nr.
De Kamer,
gehoord de beraadslaging,
constaterende dat het Groningenveld van cruciaal belang is voor Nederland;
overwegende dat sluiting van het gasveld onomkeerbaar is en daarmee desastreus voor Nederland;
verzoekt de regering de sluiting van het Groningenveld nooit in de wet vast te leggen,
en gaat over tot de orde van de dag.
Deze motie is voorgesteld door het lid Van Haga.
Zij krijgt nr.
De Kamer,
gehoord de beraadslaging,
constaterende dat de sluiting van het Groninger gasveld desastreus zou zijn voor Nederland;
overwegende dat het technisch mogelijk is om veilig gas te produceren uit het Groninger gasveld, op voorwaarde dat de druk in het veld op peil gehouden wordt;
overwegende dat er sprake moet zijn van een ruimhartige compensatie van de getroffen Groningers;
verzoekt de regering onderzoek te laten doen naar de mogelijkheid om de WOZ-waarde van de woningen van getroffen Groningers te compenseren, en de Kamer hierover nader te informeren,
en gaat over tot de orde van de dag.
Deze motie is voorgesteld door het lid Van Haga.
Zij krijgt nr.";2022-2023;20-12-2022;tk;handelingen;30 Mijnbouw/Groningen (CD d.d. 30/06);https://zoek.officielebekendmakingen.nl/h-tk-20222023-37-30.html;https://zoek.officielebekendmakingen.nl/h-tk-20222023-37-30.xml;nr. 37, item 30;van van haga;"Chair. I'll just start reading out my motions right away.
The Chamber,
after hearing the deliberation,
noting that the Dutch are left out in the cold;
whereas many SMEs are being destroyed by high gas prices;
calls on the government to immediately resume production from the Groningen gas field at a production level of 12 billion cubic meters per year,
and goes about the order of the day.
This motion was proposed by member Van Haga.
She gets no.
The Chamber,
after hearing the deliberation,
noting that the Groningen field is of crucial importance for the Netherlands;
whereas closure of the gas field is irreversible and therefore disastrous for the Netherlands;
calls on the government never to lay down the closure of the Groningen field in law,
and goes about the order of the day.
This motion was proposed by member Van Haga.
She gets no.
The Chamber,
after hearing the deliberation,
noting that the closure of the Groningen gas field would be disastrous for the Netherlands;
whereas it is technically possible to produce gas safely from the Groningen gas field, provided that the pressure in the field is maintained;
whereas there must be generous compensation for the affected Groningen residents;
calls on the government to conduct research into the possibility of compensating for the WOZ value of the homes of affected Groningen residents, and to inform the House of Representatives about this in more detail,
and goes about the order of the day.
This motion was proposed by member Van Haga.
She gets no.";0
h-tk-20222023-12-7;Minister Bruins Slot;CDA;Als de vraag van mevrouw Koekkoek is of we het burgerforum klimaat ook gewoon gaan evalueren en gaan kijken hoe het werkt en wat de voor- en nadelen ervan zijn, dan is het antwoord: natuurlijk, want het is de eerste keer dat we zoiets gaan doen, dus dat moeten we ook gewoon heel scherp in beeld gaan brengen. Zoals ik de motie nu lees — dat is eigenlijk ook het dictum — gaat het om onderzoeken wat juridisch en financieel nodig is om te komen tot een permanent burgerberaad. Maar eerst moeten we gewoon maar eens het eerste burgerberaad goed uitvoeren en daar goed van leren. Dan zijn we pas toe aan de volgende stap. Mevrouw Koekkoek gaat dus in haar enthousiasme en bevlogenheid mij een stap te ver.;2022-2023;13-10-2022;tk;handelingen;7 Begroting Binnenlandse Zaken 2023;https://zoek.officielebekendmakingen.nl/h-tk-20222023-12-7.html;https://zoek.officielebekendmakingen.nl/h-tk-20222023-12-7.xml;nr. 12, item 7;bruins slot;If Mrs Koekkoek's question is whether we are simply going to evaluate the citizens' climate forum and see how it works and what the pros and cons are, then the answer is: of course, because it is the first time we are doing something like this, so we just have to bring that into focus very clearly. As I now read the motion - which is actually also the operative part - it concerns investigating what is legally and financially necessary to achieve a permanent citizens' council. But first we just have to do the first citizens' council properly and learn from it. Only then are we ready for the next step. Mrs Koekkoek goes one step too far in her enthusiasm and enthusiasm.;0
h-tk-20222023-40-7;Mevrouw Kröger;GroenLinks;"Ik hoor heel veel ""ik denk"" en ik hoor heel veel aannames. Het zou kunnen dat de heer Bontenbal gelijk heeft; het zou ook kunnen dat dat niet zo is. Ik hoor de heer Bontenbal ook zeggen dat 50% van de mensen besluit om zonnepanelen aan te schaffen bij een terugverdientijd van zeven jaar. De mensen met de laagste inkomens in koopwoningen én in sociale huurwoningen, die wij willen bereiken, zijn waarschijnlijk precies de 50% die eraf valt met een terugverdientijd van zeven jaar als je het daarnaast niet meer borgt. We willen gewoon weten hoe dit wetsvoorstel uitpakt voor de praktijk van het uitrollen van zonne-energie in Nederland.";2022-2023;17-1-2023;tk;handelingen;7 Afbouw salderingsregeling kleinverbruikers;https://zoek.officielebekendmakingen.nl/h-tk-20222023-40-7.html;https://zoek.officielebekendmakingen.nl/h-tk-20222023-40-7.xml;nr. 40, item 7;kröger;"I hear a lot of ""I think"" and I hear a lot of assumptions. It could be that Mr Bontenbal is right; it could also be that this is not the case. I also hear Mr Bontenbal say that 50% of people decide to purchase solar panels with a payback period of seven years. The people with the lowest incomes in owner-occupied homes and in social rental homes, who we want to reach, are probably exactly the 50% who will be left out with a payback period of seven years if you no longer guarantee it. We just want to know how this bill will affect the practice of rolling out solar energy in the Netherlands.";0
h-tk-20222023-44-3;Minister Yeşilgöz-Zegerius;VVD;Vooral met die laatste toevoeging. Ik interpreteer die dan nu als: dit is de wens van de Kamer maar betrek het ook bij het WODC-onderzoek en kijk wat je daar dan vervolgens mee kan doen met mijn positieve grondhouding. Het scheelt dat we er al een urenlang debat over hebben gehad, zodat we nu weten wat we bedoelen. Met die interpretatie kan ik de moties oordeel Kamer geven. Wel wil ik heel graag die slag om de arm houden om die integrale beslisafweging te maken en om wat ruimte te hebben om, als dat nodig is, u anders te adviseren, maar de positieve grondhouding van ons allen op dit punt is helder.;2022-2023;25-1-2023;tk;handelingen;3 Seksueel geweld en kindermisbruik;https://zoek.officielebekendmakingen.nl/h-tk-20222023-44-3.html;https://zoek.officielebekendmakingen.nl/h-tk-20222023-44-3.xml;nr. 44, item 3;yeşilgöz-zegerius;Especially with that last addition. I now interpret it as: this is the wish of the House, but also include it in the WODC research and see what you can do with it based on my positive basic attitude. It helps that we have already had hours of debate about it, so we now know what we mean. With that interpretation I can give judgment to the House motions. I would very much like to avoid making that integrated decision-making process and to have some room to advise you differently if necessary, but the positive basic attitude of all of us on this point is clear.;0
h-tk-20222023-36-22;De heer Van Kent;SP;Wat de heer Smals vertelt ... De heer Smals zegt: afschaffen van de doorsneesystematiek. Ik zeg: een andere manier van pensioenopbouw. Dat doe ik bewust, om het debat een beetje begrijpelijk te houden voor de mensen die het debat volgen. Maar ik zal vertalen wat de heer Smals hier net heeft gezegd. Hij zegt: ja, sociale partners kunnen dat dan via de premies oplossen. Toen heb ik de vraag gesteld wie die premies betalen. Dat zijn werknemers. Toen heb ik de vraag gesteld wie dan die compensatie krijgen. Dat zijn ook de werknemers. Met andere woorden, om die rekening te betalen gaan werknemers straks meer premie betalen voor hun eigen compensatie. Dat is toch krankzinnig. Een andere optie die de heer Smals net noemde, was dat die rekening dan betaald wordt door gepensioneerden. Dat was ook een van de drie opties. Dat betekent dat een pensioenfonds pensioenen kan gaan korten, kan verlagen, om compensatie aan werknemers te betalen. De eerste optie die de heer Smals net noemde is — in gewoon Nederlands — dat het betaald wordt uit de buffers van de pensioenfondsen. Die buffers zijn ook gevuld door gepensioneerden. Dan wordt er dus een buffer, die door gepensioneerden is opgebouwd, gebruikt om een politieke wens van de VVD, namelijk die andere manier van pensioen opbouwen, te financieren. Dus alle drie is fout. Er ligt een politieke wens, die kost 60 tot 100 miljard. En wat doet de VVD? Die zegt: die rekening schuiven we naar gepensioneerden of naar werknemers, of naar beide.;2022-2023;15-12-2022;tk;handelingen;22 Wet toekomst pensioenen;https://zoek.officielebekendmakingen.nl/h-tk-20222023-36-22.html;https://zoek.officielebekendmakingen.nl/h-tk-20222023-36-22.xml;nr. 36, item 22;van van kent;What Mr Smals says... Mr Smals says: abolish the average system. I say: a different way of building up pension. I do this deliberately, to keep the debate somewhat understandable for the people who follow the debate. But I will translate what Mr Smals just said here. He says: yes, social partners can solve that through premiums. Then I asked the question who pays those premiums. Those are employees. Then I asked the question who would receive that compensation. These are also the employees. In other words, to pay that bill, employees will soon pay more premiums for their own compensation. That's insane. Another option that Mr Smals just mentioned was that the bill would be paid by pensioners. That was also one of the three options. This means that a pension fund can reduce pensions in order to pay compensation to employees. The first option that Mr Smals just mentioned is - in plain Dutch - that it is paid from the buffers of the pension funds. These buffers are also filled by retirees. Then a buffer built up by retirees is used to finance a political wish of the VVD, namely a different way of building up a pension. So all three is wrong. There is a political wish, which costs 60 to 100 billion. And what does the VVD do? It says: we pass that bill on to retirees or to employees, or to both.;1
h-tk-20222023-72-25;Mevrouw Van der Plas;BBB;Ik zou zo'n debat eigenlijk wel breder willen trekken, dus dat het er niet alleen over gaat dat agressie in de asielopvang toeneemt. Ik zou het eigenlijk wel graag specifiek een keer willen hebben over het onderwerp draagvlak voor asielopvang in Nederland. Het lijkt namelijk net alsof niemand asielzoekers wil, maar ik weet ook dat er op zich onder heel veel mensen wel draagvlak is, alleen niet voor die grote aantallen of altijd maar weer op het platteland, en dat heel veel mensen niet bang zijn voor overlast. In Ter Apel en Budel zie je dat wel, maar dat zijn ook weer niet alle asielzoekers. Eigenlijk zou ik het debat wel willen steunen, in die zin dat ik dan graag wil dat het een breder debat wordt over hoe we überhaupt tegenover asielopvang staan.;2022-2023;11-4-2023;tk;handelingen;25 Regeling van werkzaamheden;https://zoek.officielebekendmakingen.nl/h-tk-20222023-72-25.html;https://zoek.officielebekendmakingen.nl/h-tk-20222023-72-25.xml;nr. 72, item 25;van der van der plas;I would actually like to broaden such a debate, so that it is not just about the fact that aggression in asylum reception facilities is increasing. I would actually like to talk specifically about the subject of support for asylum reception in the Netherlands. It seems as if no one wants asylum seekers, but I also know that there is support among many people, just not for those large numbers or always in the countryside, and that many people are not afraid of nuisance. You see this in Ter Apel and Budel, but that is not the case with all asylum seekers. Actually, I would like to support the debate, in the sense that I would like it to become a broader debate about our position on asylum reception in the first place.;0
h-tk-20222023-102-25;Minister Helder;VVD;Dat is de motie van de heer Bushoff over de menselijke maat en de hardheidsclausule. Die hardheidsclausule hoeft niet, want er is ruimte binnen de beleidsregel. Ik deel met de heer Bushoff dat ik natuurlijk de menselijke maat wil toepassen, maar ik moet ook het gelijkheidsbeginsel toepassen. Ik kan dit niet helemaal openzetten. Ik heb dus zeker de intentie om dit te doen, maar met deze formulering moet ik de motie ontraden.;2022-2023;5-7-2023;tk;handelingen;25 Vormgeving regeling zorgmedewerkers met langdurige postcovidklachten;https://zoek.officielebekendmakingen.nl/h-tk-20222023-102-25.html;https://zoek.officielebekendmakingen.nl/h-tk-20222023-102-25.xml;nr. 102, item 25;helder;That is Mr Bushoff's motion about the human dimension and the hardship clause. This hardship clause is not necessary, because there is room within the policy rule. I agree with Mr Bushoff that I naturally want to apply the human touch, but I must also apply the principle of equality. I can't open this all the way. So I certainly intend to do this, but with this formulation I have to advise against the motion.;0
h-tk-20222023-65-6;Minister Helder;VVD;Ik begrijp helemaal wat mevrouw Pouw daarmee bedoelt. Dat herken ik. Het kennisprogramma over reablement bijvoorbeeld, dat heel erg gericht is op zelfredzaamheid, is een wetenschappelijk programma waarbij we ook gaat toetsen wat de kenmerken zijn, wanneer het een succes is en hoe je dat zou kunnen meten. Dat is in ontwikkeling, dus ik kan nu niet een concreet antwoord geven op de vraag hoe we dat gaan meten, maar dat wordt meegenomen in dat programma.;2022-2023;23-3-2023;tk;handelingen;6 Woon- en zorgplannen voor ouderen;https://zoek.officielebekendmakingen.nl/h-tk-20222023-65-6.html;https://zoek.officielebekendmakingen.nl/h-tk-20222023-65-6.xml;nr. 65, item 6;helder;I completely understand what Mrs. Pouw means by that. I recognize that. The knowledge program on reablement, for example, which is very much focused on self-reliance, is a scientific program in which we also test what the characteristics are, when it is a success and how you could measure that. That is under development, so I cannot now give a concrete answer to the question of how we will measure that, but it will be included in that program.;0
h-tk-20222023-17-5;De heer Van Kent;SP;"Anderen zullen dat straks in hun inbreng waarschijnlijk ook gaan zeggen. ""We hebben er zo veel jaren over gepraat. We hebben er 40 uur over vergaderd."" Alsof dat zou betekenen dat het een goed idee is. Alsof dat zou betekenen dat het een goede wet is. We hebben 40 uur vergaderd over een wet, waarbij de inbreng van de regeringspartijen over die wet minimaal was, omdat daar allerlei problemen, fouten en ongewisse uitkomsten mee gepaard gaan. Dus de tijd dat wij over deze wet hebben gesproken, of de tijd dat er is onderhandeld over een pensioenakkoord — ik zag het ook in de media terug — zegt niks over de kwaliteit van de wet die hier voorligt. Wij moeten de kwaliteit van de wet die hier voorligt, beoordelen.
Ik heb een oproep gedaan aan D66: als je overal vertelt dat je vrouwenrechten belangrijk vindt en dat je tegen leeftijdsdiscriminatie bent, luister dan naar het College voor de Rechten van de Mens en luister dan naar mijn oproep om die andere manier van pensioenopbouw, met een rekening tussen de 60 en de 100 miljard euro, niet door te zetten. Los eerst de bestaande problemen op en zorg ervoor dat meer jonge mensen ook een pensioen opbouwen.";2022-2023;2-11-2022;tk;handelingen;5 Wet toekomst pensioenen;https://zoek.officielebekendmakingen.nl/h-tk-20222023-17-5.html;https://zoek.officielebekendmakingen.nl/h-tk-20222023-17-5.xml;nr. 17, item 5;van van kent;"Others will probably also say that in their input later. ""We talked about it for so many years. We met for 40 hours about it."" As if that would mean it's a good idea. As if that would mean it is a good law. We met for 40 hours about a law, during which the input from the government parties on that law was minimal, because it involves all kinds of problems, errors and uncertain outcomes. So the time that we discussed this law, or the time that a pension agreement was negotiated - I also saw it in the media - says nothing about the quality of the law before us. We must assess the quality of the law before us.
I have made an appeal to D66: if you say everywhere that you consider women's rights important and that you are against age discrimination, listen to the Institute for Human Rights and then listen to my call not to continue with this other way of building up a pension, with a bill between 60 and 100 billion euros. First solve the existing problems and ensure that more young people also build up a pension.";0
h-tk-20222023-9-11;De heer Omtzigt;Lid Omtzigt;Voorzitter. Ik snap dat je niet elke categorie kunt uitzonderen, maar dit gaat om mensen met een vast contract. Een energiebedrijf weet van elke klant welk contract die heeft, want daarmee vermenigvuldigt het de energieprijs. Dus deze is uitvoerbaar voor de energiemaatschappijen. Daar hebben we naar gekeken voordat we hem indienden. Dus wat is er dan precies waarom dit niet uitvoerbaar zou zijn? Want die bedrijven kunnen dat wel.;2022-2023;6-10-2022;tk;handelingen;11 Algemene Financiële Beschouwingen;https://zoek.officielebekendmakingen.nl/h-tk-20222023-9-11.html;https://zoek.officielebekendmakingen.nl/h-tk-20222023-9-11.xml;nr. 9, item 11;omtzigt;Chair. I understand that you cannot exclude every category, but this concerns people with a permanent contract. An energy company knows which contract each customer has, because this multiplies the energy price. So this is feasible for the energy companies. We looked at that before we submitted it. So what exactly is why this wouldn't be feasible? Because those companies can.;0
h-tk-20222023-49-28;De heer Bontenbal;CDA;Voorzitter, dit hoort gewoon in een commissiedebat, dus geen steun.;2022-2023;7-2-2023;tk;handelingen;28 Regeling van werkzaamheden;https://zoek.officielebekendmakingen.nl/h-tk-20222023-49-28.html;https://zoek.officielebekendmakingen.nl/h-tk-20222023-49-28.xml;nr. 49, item 28;bontenbal;Mr President, this simply belongs in a committee debate, so no support.;0
h-tk-20222023-54-10;De heer Van Haga;Groep Van Haga;"Goed. We zijn nog bij het blokje regeldruk. Ik had nog vragen gesteld over de Wwft en het UBO-register. Ik vroeg me af of die in dit blokje passen. Zo ja, wil ik daar nog even op doorgaan. Ik vraag me af of het netto-effect van het UBO-register nou positief is, want kleine bedrijven hebben daar gewoon geen tijd voor en geen zin in. Ik merk om me heen dat mensen bijna een fte extra moeten aannemen om al die dingen te verzorgen. Dat geldt nog veel meer voor de Wwft. Dat is nog veel meer een papierwinkel, zeker als je financiering moet krijgen; dat is een totaal drama. En er zit nog een aspect aan. Ik hoor graag van de minister wat ze daarvan vindt. Het is als ondernemer bijna niet meer mogelijk om de politiek in te gaan door die Wwft, omdat je dan een PEP wordt. Wordt dat eventueel ook meegenomen in de evaluatie, voor zover die er is?";2022-2023;16-2-2023;tk;handelingen;10 Vestigingsklimaat in Nederland;https://zoek.officielebekendmakingen.nl/h-tk-20222023-54-10.html;https://zoek.officielebekendmakingen.nl/h-tk-20222023-54-10.xml;nr. 54, item 10;van van haga;"Good. We are still at the regulatory pressure point. I had asked questions about the Wwft and the UBO register. I wondered if they fit in this block. If so, I'd like to continue with that. I wonder whether the net effect of the UBO register is positive, because small companies simply don't have the time for that and don't feel like it. I notice around me that people have to hire almost an extra FTE to take care of all those things. This applies even more to the Wwft. That's even more of a paperwork task, especially if you have to get financing; that's a total drama. And there is another aspect to it. I would like to hear from the minister what she thinks about this. As an entrepreneur, it is almost no longer possible to enter politics because of the Wwft, because you then become a PEP. Will this also be included in the evaluation, if there is one?";0
h-tk-20222023-45-10;Staatssecretaris Heijnen;CDA;"Voor mij zijn de advieswaarden uiteindelijk leidend richting 2050. Daar wil ik stapsgewijs naartoe werken. Daarom ben ik met medeoverheden en andere ministeries in gesprek om te bezien welke aanvullende maatregelen we nu al kunnen nemen. De uitkomsten daarvan zal ik ook meenemen in de uitvoeringsagenda van 2024 tot 2030, die volgend jaar dus wordt vastgesteld. Ik zet me ook in voor een Europees luchtbeleid. We kunnen dit als Nederland niet alleen. Ik zeg wel vaker in de commissievergaderingen dat we in Nederland op een postzegel wonen. Meneer De Graaf van de PVV gaf ook aan: we wonen met veel mensen in Nederland; er zijn vele functies te combineren op een heel klein stukje aarde. Daarnaast is het ook nog eens zo dat we heel veel grens hebben. Lucht en water stoppen niet aan de grenzen van Nederland, dus we zullen moeten samenwerken in Europees verband. Met het Schone Lucht Akkoord, met klimaatbeleid en met stikstofbeleid zorgen we voor gezondheidswinst voor iedereen.
Dan had ik nog een aantal specifieke vragen binnen dit onderwerp. Mevrouw Bouchallikh vroeg welke waardering ik toeken aan de WHO-advieswaarden. Ik wil hier nog één keer zeggen dat de WHO-advieswaarden advieswaarden zijn en dus geen norm. Dat werd door de heer Haverkort ook al benoemd. Ik beschouw die advieswaarden wel als een stip op de horizon. Daar bewegen we met z'n allen naartoe, ook als we voldoen aan de grenswaarden. Aan bindende grenswaarden die we in Europa gezamenlijk vaststellen, moeten we als lidstaat overal voldoen. Die bindende normen zullen dus altijd een compromis zijn. Ambitie is goed, maar ik wil niet dat we ons verbinden aan onhaalbare doelen.
Mevrouw Bouchallikh had nog een vraag over de WHO-advieswaarden. Ze vroeg: die zijn al twee jaar geleden vastgesteld, waarom heeft het zo lang moeten duren voordat er met nieuwe maatregelen wordt gekomen? Nou ja, ik deel het gevoel van urgentie om zo snel mogelijk met maatregelen te komen en toe te werken naar die advieswaarden om zo veel mogelijk gezondheidswinst te realiseren. Dat is ook de reden waarom ik samen met medeoverheden eraan werk om het Schone Lucht Akkoord daadwerkelijk uit te voeren. Ik onderzoek ook welke aanvullende maatregelen we in Nederland verder nog kunnen nemen. Daar hebben we het in de commissievergaderingen overigens ook regelmatig over met elkaar. Zoals eerder aangegeven, is het ook belangrijk om ons in internationaal verband in te zetten voor een ambitieus luchtbeleid waarin de gezondheid centraal staat. Dat is namelijk ook een duidelijke opdracht die ik van de I&W-commissieleden meekrijg.
Dan had mevrouw Bouchallikh nog een vraag over hoe ik kijk naar het voorstel voor de herziening van de Richtlijn luchtkwaliteit en de nieuwe grenswaarden voor 2030, die ver van de WHO-advieswaarden af liggen. Ze vroeg ook wat ik ga doen met de suggesties van het recente RIVM-onderzoek. Ik ben positief over de hoofddoelen van het herzieningsvoorstel. Ik kan me vinden in de nieuw voorgestelde grenswaarden voor de meest luchtverontreinigende stoffen. Die grenswaarden liggen op het meest ambitieuze tussendoel richting de WHO-advieswaarden, en die moeten ook overal behaald worden. Het RIVM bekijkt op dit moment of die doelen voor 2030 ook binnen bereik liggen. Ik wil dat onderzoek heel erg graag afwachten en ik wil tot die tijd een voorbehoud houden, want het is belangrijk om ook de visie van het RIVM daarbij te betrekken.
Normen — dat wil ik hier nogmaals benadrukken — zijn altijd een compromis tussen een gezondheidskundige wens, economische overwegingen en de bereidheid die wij als samenleving hebben om ons gedrag aan te passen. Ik ben heel graag ambitieus, maar, nogmaals, ik wil voorkomen dat we onhaalbare doelen stellen waar geen draagvlak voor blijkt te zijn.
Mevrouw Bouchallikh vroeg nog wat ik ervan vind dat Nederland met deze zwakke inzet als enige lidstaat niet voldoet aan de WHO-normen. Ik ben het niet eens met mevrouw Bouchallikh dat Nederland de enige lidstaat is die niet zal voldoen aan de WHO-normen. Veel lidstaten hebben nog een flinke weg te gaan om de luchtkwaliteit te verbeteren. De onderhandelingen over het voorstel van de Europese Commissie zijn nog maar net begonnen. De meeste lidstaten hebben nog een voorbehoud en zijn net als wij heel zorgvuldig aan het kijken naar de haalbaarheid van de nu voorgestelde grenswaarden binnen hun eigen grondgebied. Dat is al een hele uitdaging, om nog maar te zwijgen van de WHO-advieswaarden.
Meneer Haverkort vroeg of ik kan bevestigen dat de maatregelen uit het Schone Lucht Akkoord ook bijdragen aan het halen van de WHO-advieswaarden uit 2005, die gesteld zijn voor 2030. Dankzij het Schone Lucht Akkoord leven mensen langer en in een gezondere en schonere lucht. De maatregelen uit het Schone Lucht Akkoord dragen daar dus zeker aan bij. U kunt dan bijvoorbeeld denken aan een roettest bij de apk-keuring, het aanscherpen van de regels in de industrie, de luchtkwaliteitseisen in aanbestedingen en de walstroom voor de scheepvaart. Het RIVM gaat eind dit jaar een voortgangsmeting voor het Schone Lucht Akkoord houden of daarover een rapportage uitbrengen. Die rapportage zal laten zien dat we nog steeds op koers liggen voor het realiseren van een gezondheidswinst van 50% in 2030 ten opzichte van 2016.
Even kijken. Dan wil ik beginnen aan het mapje luchtkwaliteit.";2022-2023;26-1-2023;tk;handelingen;10 Luchtkwaliteit in Nederland;https://zoek.officielebekendmakingen.nl/h-tk-20222023-45-10.html;https://zoek.officielebekendmakingen.nl/h-tk-20222023-45-10.xml;nr. 45, item 10;heijnen;"For me, the recommended values ​​are ultimately leading towards 2050. I want to work towards this step by step. That is why I am talking to fellow authorities and other ministries to see what additional measures we can take now. I will also include the results in the implementation agenda from 2024 to 2030, which will be adopted next year. I am also committed to a European air policy. As the Netherlands, we cannot do this alone. I often say in committee meetings that we live on a postage stamp in the Netherlands. Mr. De Graaf of the PVV also indicated: we live with many people in the Netherlands; many functions can be combined on a very small piece of earth. In addition, it is also true that we have a lot of boundaries. Air and water do not stop at the borders of the Netherlands, so we will have to work together in a European context. With the Clean Air Agreement, climate policy and nitrogen policy, we ensure health benefits for everyone.
Then I had a number of specific questions within this topic. Mrs Bouchallikh asked what appreciation I give to the WHO recommended values. I would like to say once again that the WHO recommended values ​​are recommended values ​​and therefore not a standard. This was also mentioned by Mr Haverkort. I do view those recommended values ​​as a dot on the horizon. We are all moving towards that, even if we meet the limit values. As a Member State, we must comply everywhere with binding limit values ​​that we jointly determine in Europe. These binding standards will therefore always be a compromise. Ambition is good, but I don't want us to commit to unattainable goals.
Mrs Bouchallikh had another question about the WHO recommended values. She asked: these were already established two years ago, why did it take so long before new measures were introduced? Well, I share the sense of urgency to take measures as quickly as possible and to work towards those recommended values ​​in order to achieve as much health gain as possible. That is also why I am working with fellow governments to actually implement the Clean Air Agreement. I am also investigating what additional measures we can take in the Netherlands. We also regularly discuss this with each other in committee meetings. As indicated earlier, it is also important to commit ourselves internationally to an ambitious air policy that focuses on health. That is also a clear assignment that I receive from the I&W committee members.
Then Mrs Bouchallikh had another question about how I view the proposal for the revision of the Air Quality Directive and the new limit values ​​for 2030, which are far from the WHO advisory values. She also asked what I am going to do with the suggestions from the recent RIVM research. I am positive about the main objectives of the revision proposal. I agree with the newly proposed limit values ​​for the most air pollutants. These limit values ​​are the most ambitious intermediate target towards the WHO recommended values, and they must be achieved everywhere. The RIVM is currently examining whether these goals for 2030 are also within reach. I would very much like to wait for that research and I would like to keep a reservation until then, because it is important to also include the RIVM's vision.
Standards - I would like to emphasize this again - are always a compromise between a health-related wish, economic considerations and the willingness we have as a society to adapt our behavior. I like to be ambitious, but, again, I want to prevent us from setting unattainable goals for which there appears to be no support.
Mrs Bouchallikh asked what I think about the fact that the Netherlands is the only member state that does not meet the WHO standards with this weak commitment. I do not agree with Mrs Bouchallikh that the Netherlands is the only Member State that will not meet the WHO standards. Many Member States still have a long way to go to improve air quality. Negotiations on the European Commission's proposal have only just begun. Most Member States still have reservations and, like us, are looking very carefully at the feasibility of the currently proposed limit values ​​within their own territory. That is quite a challenge, not to mention the WHO recommended values.
Mr Haverkort asked whether I can confirm that the measures in the Clean Air Agreement also contribute to achieving the 2005 WHO advisory values, which are set for 2030. Thanks to the Clean Air Agreement, people live longer and in healthier and cleaner air. The measures in the Clean Air Agreement certainly contribute to this. For example, you can think of a soot test during the MOT inspection, tightening the rules in the industry, air quality requirements in tenders and shore power for shipping. The RIVM will conduct a progress measurement for the Clean Air Agreement at the end of this year or issue a report on it. This report will show that we are still on track to achieve a health gain of 50% in 2030 compared to 2016.
Let's see. Then I want to start on the air quality folder.";0
h-tk-20222023-56-8;Minister Kuipers;D66;Dat is precies een onderwerp van dat transitieproces, waarbij je met alle centra tezamen afspraken maakt over shared care en verwijsstromen. Ik ben ervan overtuigd dat als het beide centra straks lukt om kwalitatief hoogstaande zorg neer te zetten, dit in allebei de centra goed kan en dat ook ouders en kinderen geheel vertrouwd zijn om naar elk van de twee centra verwezen te worden. Ik ben niet zo bang voor gedwongen verwijzing naar een centrum.;2022-2023;22-2-2023;tk;handelingen;8 Besluit tot sluiten van kinderhartcentra;https://zoek.officielebekendmakingen.nl/h-tk-20222023-56-8.html;https://zoek.officielebekendmakingen.nl/h-tk-20222023-56-8.xml;nr. 56, item 8;kuipers;That is precisely a subject of that transition process, in which you make agreements with all centers about shared care and referral flows. I am convinced that if both centers succeed in providing high-quality care, this will be possible in both centers and that parents and children will also be completely confident in being referred to each of the two centers. I am not so afraid of forced referral to a center.;0
h-tk-20222023-88-11;De heer Van Haga;Groep Van Haga;Dit klinkt mij als muziek in de oren. Ik heb al tientallen vragen gesteld en ik krijg elke keer nul op het rekest, en dat krijgen journalisten ook. De overheid is niet transparant en niet open. Wat ik nu hoor, is een totaal ander geluid dan wat ik terugkrijg van het ministerie van VWS. Dan wil ik nog in herinnering brengen de Denktank Desinformatie, de NCTV, de LIMC en de aanval op Ongehoord Nederland. Dan denk ik dat er toch wel een taak is voor deze staatssecretaris om inderdaad ook bij de andere ministeries langs te gaan. Ik zou zeggen: begin dan bij minister Ernst Kuipers, want die is nota bene op de vingers getikt door het Adviescollege Openbaarheid en Informatiehuishouding. Journalisten en Kamerleden lopen daar tegen een muur, dus ik accepteer deze toezegging.;2022-2023;1-6-2023;tk;handelingen;11 Persvrijheid en persveiligheid;https://zoek.officielebekendmakingen.nl/h-tk-20222023-88-11.html;https://zoek.officielebekendmakingen.nl/h-tk-20222023-88-11.xml;nr. 88, item 11;van van haga;This sounds like music to my ears. I have already asked dozens of questions and every time I get zero response, and journalists get the same. The government is not transparent and not open. What I hear now is a completely different sound than what I get back from the Ministry of Health, Welfare and Sport. Then I would like to recall the Disinformation Think Tank, the NCTV, the LIMC and the attack on Ongehoord Nederland. Then I think that there is a task for this State Secretary to indeed also visit the other ministries. I would say: start with Minister Ernst Kuipers, because he has been reprimanded by the Advisory Board on Public Access and Information Management. Journalists and MPs are hitting a wall there, so I accept this commitment.;0
h-tk-20222023-27-12;Minister Dijkgraaf;D66;Voorzitter, ik wil deze vraag graag zo beantwoorden. Voor mij zou dat het perfecte bruggetje kunnen zijn naar blok 2, maar dat is natuurlijk aan u.;2022-2023;24-11-2022;tk;handelingen;12 Begroting Onderwijs, Cultuur en Wetenschap 2023;https://zoek.officielebekendmakingen.nl/h-tk-20222023-27-12.html;https://zoek.officielebekendmakingen.nl/h-tk-20222023-27-12.xml;nr. 27, item 12;dijkgraaf;Mr President, I would like to answer this question this way. For me that could be the perfect bridge to block 2, but that is of course up to you.;0
h-tk-20222023-43-4;De heer Wassenberg;PvdD;Zou je het ook niet gewoon uit de wet kunnen halen? Dat kost ook tijd, maar er zijn heel veel studenten die hier nog een aantal jaren last van hebben. Kunnen we het niet uit de wet halen? Moeten we het niet uit de wet halen?;2022-2023;24-1-2023;tk;handelingen;4 Vragenuur: Vragen Van der Laan;https://zoek.officielebekendmakingen.nl/h-tk-20222023-43-4.html;https://zoek.officielebekendmakingen.nl/h-tk-20222023-43-4.xml;nr. 43, item 4;wassenberg;Couldn't you just take it out of the law? That also takes time, but there are many students who will suffer from this for a number of years. Can't we take it out of the law? Shouldn't we take it out of the law?;0
h-tk-20222023-67-11;De heer Smals;VVD;Ik ben het niet met meneer Omtzigt eens, want ik denk dat het juist logischer is dat je met de Wtp individueel besluiten kan nemen over wat er met dat geld gebeurt, omdat we dan meer individuele potjes hebben. Maar ik constateer volgens mij terecht dat meneer Omtzigt het met mij eens is dat het belangrijk is dat als er adviezen gegeven worden, dat gebeurt op basis van representativiteit. Het ligt een beetje aan datgene waarover je advies geeft hoe die dwarsdoorsnede eruit moet zien, maar ik denk dat u het met mij eens bent dat dat een goed idee zou zijn.;2022-2023;29-3-2023;tk;handelingen;11 Wet eigen strategie pensioenfonds;https://zoek.officielebekendmakingen.nl/h-tk-20222023-67-11.html;https://zoek.officielebekendmakingen.nl/h-tk-20222023-67-11.xml;nr. 67, item 11;smals;I do not agree with Mr Omtzigt, because I think it is more logical that with the Wtp you can make individual decisions about what happens with that money, because we then have more individual pots. But I think I rightly conclude that Mr Omtzigt agrees with me that it is important that when advice is given, it is done on the basis of representativeness. It depends a bit on what you're advising on as to what that cross-section should look like, but I think you'll agree with me that that would be a good idea.;0
h-tk-20222023-34-31;Minister Rutte;VVD;Welke mensen bedoelt u? Bedoelt u de Oekraïners?;2022-2023;13-12-2022;tk;handelingen;31 Europese top van 15-16 december 2022;https://zoek.officielebekendmakingen.nl/h-tk-20222023-34-31.html;https://zoek.officielebekendmakingen.nl/h-tk-20222023-34-31.xml;nr. 34, item 31;rutte;Which people do you mean? Do you mean the Ukrainians?;0
h-tk-20222023-70-3;Mevrouw Hermans;VVD;Die 750 miljoen, waarom dat zo lang heeft geduurd, wist ik het maar. Wist ik het maar. Het is waarschijnlijk een ingewikkelde regeling waar allerlei constructen voor opgetuigd moesten worden, en het heeft lang geduurd voordat-ie goedgekeurd is. Te lang, zeg ik er direct bij.;2022-2023;5-4-2023;tk;handelingen;3 Uitslag van de verkiezingen voor de Provinciale Staten;https://zoek.officielebekendmakingen.nl/h-tk-20222023-70-3.html;https://zoek.officielebekendmakingen.nl/h-tk-20222023-70-3.xml;nr. 70, item 3;hermans;The 750 million, I only knew why it took so long. If only I knew. It is probably a complicated arrangement that required all kinds of constructions to be set up, and it took a long time before it was approved. Too long, I immediately say.;0
h-tk-20222023-92-22;De heer Ceder;CU;"Dank u wel, voorzitter. Volgens mij hebben we een goed debat met elkaar gevoerd. Ik heb geen moties, omdat ik een toezegging heb gehad naar aanleiding van het debat. De heer Verkuijlen heeft dat toegelicht. Daar kijken we naar uit. Ik heb een aantal moties wel medeondertekend, over Halt en lvb'ers, en een motie van de heer Raemakers. Ik denk dat dat belangrijke moties zijn.
Voorzitter. Ik heb nog één vraag, over de aanpak voor kwetsbare wijken. Ik heb aangegeven dat je de leefwereld van een jongere die meegesleurd wordt in de criminaliteit niet alleen vanuit één perspectief kunt bekijken. Er zijn sociale redenen. Denk aan de gezinssituatie, de sociaal-economische omstandigheden, huisvesting, et cetera. Ik weet dat er een aanpak is voor kwetsbare wijken, die bij Binnenlandse Zaken ligt. Maar vanuit Amsterdam en ook vanuit andere plekken wordt soms gevraagd of wij er voldoende regie en interdepartementale sturing op hebben. Ik vraag me ook af welke rol de minister daarin voor zichzelf ziet. Je zou denken dat Rechtsbescherming er een heel wezenlijke rol in heeft. Ja, het gaat over Volkshuisvesting. Ja, het gaat over Onderwijs. Maar hoe kunnen we het zodanig inbedden dat we niet langs elkaar heen werken? Ik gun het die jongeren dat we een aanpak hebben waarmee we op elke mogelijke manier recht kunnen doen aan hen. Dat wil ik aan de minister vragen.
Tot zover, voorzitter, dank u wel.";2022-2023;13-6-2023;tk;handelingen;22 Justitiële jeugd;https://zoek.officielebekendmakingen.nl/h-tk-20222023-92-22.html;https://zoek.officielebekendmakingen.nl/h-tk-20222023-92-22.xml;nr. 92, item 22;ceder;"Thank you, Chairman. I think we had a good debate with each other. I have no motions, because I had a commitment following the debate. Mr Verkuijlen explained this. We're looking forward to that. I did co-sign a number of motions, about Halt and low-income students, and a motion by Mr Raemakers. I think those are important motions.
Chair. I have one more question, about the approach for vulnerable neighborhoods. I have indicated that you cannot view the world of a young person who is dragged into crime from just one perspective. There are social reasons. Consider the family situation, socio-economic circumstances, housing, etc. I know that there is an approach for vulnerable neighborhoods, which lies with the Ministry of the Interior. But Amsterdam and other places sometimes ask whether we have sufficient control and interdepartmental guidance. I also wonder what role the minister sees for himself in this. You would think that Legal Protection would play a very essential role in this. Yes, it's about Public Housing. Yes, it's about Education. But how can we embed it in such a way that we do not work at cross purposes? I wish those young people that we have an approach that allows us to do justice to them in every possible way. I want to ask the minister that.
So far, Chairman, thank you.";0
h-tk-20222023-14-8;De heer Hammelburg;D66;"Ik heb geen vraag aan de minister, maar de heer Amhaouch wijst mij op een onvolkomenheid in het dictum van mijn motie, waarin ik ""onafhankelijkheden"" heb gezet. Dat moet natuurlijk ""afhankelijkheden"" zijn. De vraag is dus of dat nog gewijzigd kan worden. Of moet ik dan een gewijzigde motie indienen?";2022-2023;19-10-2022;tk;handelingen;8 RBZ/Handel;https://zoek.officielebekendmakingen.nl/h-tk-20222023-14-8.html;https://zoek.officielebekendmakingen.nl/h-tk-20222023-14-8.xml;nr. 14, item 8;hammelburg;"I have no question for the minister, but Mr Amhaouch points out an imperfection in the operative part of my motion, in which I have included ""independence"". Of course that should be ""dependencies"". So the question is whether this can still be changed. Or should I submit an amended motion?";0
h-tk-20222023-47-12;Mevrouw Westerveld;GroenLinks;Het dilemma is dat daarna wel degelijk is gesuggereerd dat dit een onafhankelijk advies was van experts en het dus niet politiek gedreven was. En dan is er natuurlijk wel een probleem. Ik begrijp best wel dat er communicatie plaatsvindt om te zorgen dat adviezen eenduidig zijn, dat mensen begrijpen wat er staat en dat we zo veel mogelijk duidelijkheid geven aan het veld. Alle begrip daarvoor, maar laten we hier nou niet doen alsof er niet ook een andere motivatie achter zat, dus alsof schaarste geen motivatie was achter dit advies. Ik vind het vooral kwalijk dat er net wordt gedaan alsof dit een advies is dat volledig door onafhankelijke experts is geschreven en waar de politiek, in dit geval de oud-minister van VWS, vervolgens uitspraken over moest doen en beslissingen in moest nemen, terwijl er dus wel degelijk communicatie is geweest over dat advies. Dat is volgens mij het hele punt. Ik begrijp niet waarom dat niet gewoon kan worden toegegeven.;2022-2023;1-2-2023;tk;handelingen;12 Eerste deelrapport Onderzoeksraad voor Veiligheid inzake de coronacrisis;https://zoek.officielebekendmakingen.nl/h-tk-20222023-47-12.html;https://zoek.officielebekendmakingen.nl/h-tk-20222023-47-12.xml;nr. 47, item 12;westerveld;The dilemma is that it was subsequently suggested that this was independent advice from experts and was therefore not politically driven. And then of course there is a problem. I understand that communication takes place to ensure that advice is unambiguous, that people understand what it says and that we provide as much clarity as possible to the field. We fully understand that, but let's not pretend that there wasn't another motivation behind this, i.e. as if scarcity was not the motivation behind this advice. I especially think it is bad that it is pretended that this is advice that was written entirely by independent experts and on which politicians, in this case the former Minister of Health, Welfare and Sport, then had to make statements and decisions, while there has indeed been communication about that advice. I think that's the whole point. I don't understand why that can't just be admitted.;0
h-tk-20222023-102-26;Mevrouw Agema;PVV;Ik neem 'm nog even mee. Gaan we het debat van vanmiddag morgen nog doen? Dat komt na het reces?;2022-2023;5-7-2023;tk;handelingen;26 Arbeidsmarktbeleid in de zorg;https://zoek.officielebekendmakingen.nl/h-tk-20222023-102-26.html;https://zoek.officielebekendmakingen.nl/h-tk-20222023-102-26.xml;nr. 102, item 26;agema;I'll take it with me for a while. Are we still going to have this afternoon's debate tomorrow? That comes after the recess?;0
h-tk-20222023-50-8;De heer Amhaouch;CDA;"Is mijn conclusie juist dat de minister-president zegt: over de inhoud van het plan zijn we enthousiast; dat omarmen we, even los van een extra fonds, dus die discussie even weglatend?";2022-2023;8-2-2023;tk;handelingen;8 Europese top van 9 en 10 februari 2023;https://zoek.officielebekendmakingen.nl/h-tk-20222023-50-8.html;https://zoek.officielebekendmakingen.nl/h-tk-20222023-50-8.xml;nr. 50, item 8;amhaouch;"Is my conclusion correct that the Prime Minister says: we are enthusiastic about the content of the plan; we embrace that, regardless of an extra fund, so let's leave that discussion aside for a moment?";0
h-tk-20222023-34-2;Minister Yeşilgöz-Zegerius;VVD;Kijk, de onderzoeken van de Ombudsman gaan over individuele zaken. U weet — dat wordt mij gelukkig ook niet gevraagd — dat ik daarover niets kan zeggen. Wat ik wel heel goed vind, is dat de Ombudsman en het OM ook met elkaar in gesprek gaan om te kijken hoe je op een ander niveau kan bekijken hoe je dit proces in algemene zin nog soepeler en beter kan laten verlopen. Ik heb zelf, volgens mij, morgen overleg met het OM. Dat heb ik regelmatig. Dus op het moment dat het eerstvolgende overleg met hen is — dat is deze week nog, denk ik — zal ik zorgen dat ik het daarin ook meeneem. Ik geef hiervan ook regelmatig terugkoppeling. Ik zal dus even kijken in welke brief op een goede manier kan terugkomen dat ik dat gesprek heb gehad. De heer Sneller heeft gelijk. Vaak is de eerste en beste stap om hierover in gesprek te gaan door een klacht in te dienen of een gesprek aan te vragen met het OM. Daarna kan je naar de Ombudsman. Ik zeg zeker niet dat we daar dan iedereen maar naartoe moeten sturen, maar het sluitstuk is in theorie natuurlijk wel die artikel 12-procedure. De rechter wordt daarbij als onafhankelijke partij in beeld gebracht. Maar ik zal het OM vooral meegeven met de Ombudsman te bekijken welke lessen er getrokken kunnen worden uit die individuele casuïstiek. Dat gesprek tussen hen vindt begin volgend jaar plaats. Ik kom dus sowieso bij de heer Sneller terug na al deze gesprekken. Laten we het daar op houden.;2022-2023;13-12-2022;tk;handelingen;2 Vragenuur: Vragen Sneller;https://zoek.officielebekendmakingen.nl/h-tk-20222023-34-2.html;https://zoek.officielebekendmakingen.nl/h-tk-20222023-34-2.xml;nr. 34, item 2;yeşilgöz-zegerius;Look, the Ombudsman's investigations concern individual cases. You know - fortunately I am not asked that either - that I cannot say anything about that. What I think is very good is that the Ombudsman and the Public Prosecution Service also discuss with each other to see how you can see at a different level how you can make this process run even more smoothly and better in general. I think I have a meeting with the Public Prosecution Service tomorrow. I have that regularly. So when the next meeting with them takes place - which is this week, I think - I will make sure I include it in that. I also provide regular feedback on this. So I will see which letter can provide a good reminder that I had that conversation. Mr Sneller is right. Often the first and best step is to discuss this by filing a complaint or requesting a meeting with the Public Prosecution Service. You can then go to the Ombudsman. I am certainly not saying that we should send everyone there, but in theory the final step is of course the Article 12 procedure. The judge is portrayed as an independent party. But I will mainly advise the Public Prosecution Service to work with the Ombudsman to see what lessons can be learned from those individual cases. That conversation between them will take place early next year. So I will definitely get back to Mr Sneller after all these conversations. Let's leave it at that.;0
h-tk-20222023-71-10;De heer Sjoerdsma;D66;"Dank, voorzitter. De collega's hebben al gesproken over het zeer zorgwekkende rapport en de dingen die zijn gebeurd. Ik heb nog drie vragen aan de minister voordat ik bij de moties kom.
Wat is er sindsdien door deze minister met het rapport gedaan? We hebben het ook gehad over het belang dat er meldingen komen. Mensen zouden worden uitgenodigd om meldingen te doen. Ik zou deze minister willen vragen hoeveel meldingen er sindsdien zijn gedaan en tot welke disciplinaire maatregelen die meldingen hebben geleid.
Ook hebben wij tijdens het debat gesuggereerd dat zou moeten worden onderzocht waarom mensen in de afgelopen jaren zijn vertrokken bij Buitenlandse Zaken. De minister wilde dit onderzoek niet doen, maar hij wilde wel een rode draad uit de exitverslagen halen. Ik ben benieuwd naar het resultaat.
Er is een brede professionalisering nodig. Vaak vinden er geen interviews plaats voor banen. Sommige posten hebben nog nooit een vrouw als ambassadeur gehad. Vandaar de volgende motie.
De Kamer,
gehoord de beraadslaging,
constaterende dat er sprake is van institutioneel racisme bij het ministerie van Buitenlandse Zaken, uitgerekend bij de organisatie die ons visitekaartje moet zijn in het buitenland;
constaterende dat er op sommige posten nog nooit een vrouw is benoemd;
overwegende dat de benoemingen van topfuncties niet transparant zijn en er geen interviews plaatsvinden voor CdP-functies;
overwegende dat de huidige structuur van het benoemingsbeleid onvoldoende checks-and-balances vormen om dit te doorbreken;
van mening dat personeelsbeleid dat niet op merites selecteert nooit in staat zal zijn institutioneel racisme uit de organisatie te bannen en een hoge mate van diversiteit te bereiken;
verzoekt de regering in het personeelsbeleid van het ministerie van Buitenlandse Zaken een level playing field te creëren voor alle functies en te streven naar een hoge mate van diversiteit in topfuncties;
verzoekt de regering tevens het personeelsbeleid te evalueren om te bezien hoe het meer in lijn kan worden gebracht met andere ministeries en daarbij de ABD-systematiek mee te nemen,
en gaat over tot de orde van de dag.
Deze motie is voorgesteld door het lid Sjoerdsma.
Zij krijgt nr.";2022-2023;6-4-2023;tk;handelingen;10 Institutioneel racisme;https://zoek.officielebekendmakingen.nl/h-tk-20222023-71-10.html;https://zoek.officielebekendmakingen.nl/h-tk-20222023-71-10.xml;nr. 71, item 10;sjoerdsma;"Thank you, chairman. Colleagues have already spoken about the very worrying report and the things that happened. I have three more questions for the minister before I get to the motions.
What has this minister done with the report since then? We also talked about the importance of notifications. People would be invited to make reports. I would like to ask this minister how many reports have been made since then and what disciplinary measures these reports have led to.
We also suggested during the debate that it should be investigated why people have left the Foreign Office in recent years. The minister did not want to conduct this investigation, but he did want to identify a common thread from the exit reports. I'm curious about the result.
Broad professionalization is needed. Often there are no interviews for jobs. Some posts have never had a woman as ambassador. Hence the following motion.
The Chamber,
after hearing the deliberation,
noting that there is institutional racism at the Ministry of Foreign Affairs, precisely at the organization that should be our calling card abroad;
noting that no woman has ever been appointed to some posts;
whereas the appointments of top positions are not transparent and no interviews take place for CdP positions;
whereas the current structure of the appointment policy does not provide sufficient checks and balances to overcome this;
believes that personnel policies that do not select on merit will never be able to eliminate institutional racism from the organization and achieve a high level of diversity;
calls on the government to create a level playing field for all positions in the personnel policy of the Ministry of Foreign Affairs and to strive for a high degree of diversity in top positions;
also calls on the government to evaluate personnel policy to see how it can be brought more into line with other ministries and to include the ABD system,
and goes about the order of the day.
This motion was proposed by member Sjoerdsma.
She gets no.";0
h-tk-20222023-85-7;Minister Jetten;D66;"In de afgelopen jaren hebben we natuurlijk in Europa een heel harde les geleerd over die energietransitie en onze afhankelijkheid van derde landen. Dus we zijn massaal bezig om met REPowerEU die Europese autonomie op energiegebied te vergroten maar we hebben ook afgelopen jaar geleerd dat heel veel EU-lidstaten, nationale lidstaten, te weinig invloed hebben op hun eigen cruciale infrastructuur en energievoorziening. Dus het zijn volgens mij twee bewegingen die niet per se met elkaar in strijd zijn, mits je die samenwerking goed met elkaar organiseert. Dus ik zie het ook als een aansporing om die samenwerkingsovereenkomst ook echt te laten slagen.
Dank u wel.";2022-2023;25-5-2023;tk;handelingen;7 Toekomst van TenneT Duitsland;https://zoek.officielebekendmakingen.nl/h-tk-20222023-85-7.html;https://zoek.officielebekendmakingen.nl/h-tk-20222023-85-7.xml;nr. 85, item 7;jetten;"In recent years, we have of course learned a very hard lesson in Europe about the energy transition and our dependence on third countries. So we are working massively to increase European autonomy in the field of energy with REPowerEU, but we have also learned last year that many EU member states, national member states, have too little influence over their own crucial infrastructure and energy supply. So I think they are two movements that are not necessarily in conflict with each other, provided you organize that collaboration well. So I also see it as an encouragement to really make that cooperation agreement a success.
Thank you.";0
h-tk-20222023-101-25;Minister Jetten;D66;"Ik denk dat het logisch is dat ik nog een aantal van die vragen beantwoord en dan bij de amendementen kom.
Het fonds kent namelijk de vormgeving van een overhevelingsfonds. In de begroting van het meerjarenprogramma wordt vastgelegd welke uitgaven worden gedaan. Dat wordt ook weergegeven in de departementale begrotingen en in dat meerjarenprogramma. Indien de geraamde uitgaven bijstelling behoeven, worden deze op de reguliere begrotingsmomenten bijgesteld. De middelen zijn daarmee dus flexibel. De maatregelen die uit het fonds gefinancierd worden, zijn vooral subsidies waarbij de uiteindelijke omvang van de uitgave vaak afhankelijk is van verschillende externe factoren, bijvoorbeeld van de energieprijs. Dat middelen naar andere departementen worden overgeheveld, wil trouwens niet zeggen dat er geen overzicht meer is. Dat zeg ik richting mevrouw Teunissen.
Op 2 juni heb ik gereageerd op de Algemene Rekenkamer. Die had een wat mij betreft zeer goed rapport uitgebracht over hoe we een betere verantwoording van klimaatuitgaven kunnen organiseren. Ik heb toen in de kabinetsreactie aangegeven dat ik alle aanbevelingen van de Algemene Rekenkamer overneem en een totaaloverzicht ga hanteren van alle relevante klimaatuitgaven. Dat is dan ook breder dan alleen het Klimaatfonds. Het bevat bijvoorbeeld ook de SDE++ en klimaatuitgaven van andere ministeries die niet via het Klimaatfonds lopen. Ik heb ook toegezegd zorg te dragen voor consistente toepassing van de definitie van klimaatuitgaven en die ook op te nemen in dat overzicht. Daarnaast geef ik in het ontwerpmeerjarenprogramma 2024 en alle programma's die daarna komen, een overzicht van de voorgenomen uitgaven uit het Klimaatfonds. Uw Kamer ontvangt een dummybegroting van het Klimaatfonds zolang het wetsvoorstel voor de instelling van het Klimaatfonds nog niet van kracht is, omdat het in deze of in de andere Kamer der Staten-Generaal ligt. Ook wordt in het jaarverslag van het Klimaatfonds een integrale verantwoording van de uitputting opgenomen. Deze verantwoording staat tevens in het jaarverslag van het desbetreffende ministerie waarnaar de middelen zijn overgeheveld.
Ik zie in dat het zuiverder was geweest om eerst een instellingswet te hebben en pas daarna over uitgaven na te denken, maar het klimaatbeleid kon daar wat mij betreft niet op wachten. Vandaar dat we het een beetje parallel hebben laten lopen en in de huidige situatie zitten. Verder zal ik, als antwoord op de vraag van de heer Grinwis, op Prinsjesdag het definitieve meerjarenprogramma 2024 aan uw Kamer sturen. Eventueel zullen daarin enkele aanpassingen staan ten opzichte van het ontwerpmeerjarenprogramma, mogelijk als gevolg van dit Kamerdebat of van reflecties die we deze zomer nog van het PBL krijgen.
Dan het punt van het terugvloeien van middelen naar het fonds. Mevrouw Kröger en de heer Boucke ook, dacht ik, hebben gevraagd wat ik als fondsbeheerder kan doen in het geval dat middelen al zijn overgeheveld naar een ander departement, maar niet worden uitgegeven. Middelen uit het Klimaatfonds mogen in principe meegenomen worden naar het volgende jaar, mits de Europese begrotingsregels hier ruimte voor bieden, zoals dat altijd geldt voor middelen uit een begrotingsfonds. De middelen mogen wel alleen worden ingezet voor de afgesproken maatregel, en op het moment dat na overleg met het ministerie van Financiën en het desbetreffende departement blijkt dat de middelen niet meer voor de afgesproken maatregel benodigd zijn, dan vloeien ze terug naar het fondsperceel binnen het Klimaatfonds. De overgehevelde middelen kunnen dus ook niet zomaar aan andere doelen worden besteed, omdat deze in begrotingswetten worden vastgelegd op instrumenten. Wijzigingen in begrotingen moeten ook aan uw Kamer worden voorgelegd. Dat is dus ook een extra check-and-balance. Het fondsbeheer en het ministerie van Financiën zijn met elkaar in gesprek om de nodige afspraken over het proces dat aan de besluitvorming voorafgaat nog verder te preciseren. Deze afspraken worden opgenomen in het definitieve meerjarenprogramma 2024. Zoals ik net al zei, wordt dat binnenkort, met Prinsjesdag, met uw Kamer gedeeld. Op deze manier willen we dus extra borgen dat dat geld voor het Klimaatfonds beschikbaar blijft. Ik kom zo meteen nog terug op het amendement dat op dit punt is ingediend.";2022-2023;4-7-2023;tk;handelingen;25 Tijdelijke wet Klimaatfonds;https://zoek.officielebekendmakingen.nl/h-tk-20222023-101-25.html;https://zoek.officielebekendmakingen.nl/h-tk-20222023-101-25.xml;nr. 101, item 25;jetten;"I think it makes sense for me to answer a few more of those questions and then come to the amendments.
The fund has the design of a transfer fund. The budget of the multi-year program records which expenditure will be incurred. This is also reflected in the departmental budgets and in the multi-year programme. If the estimated expenses require adjustment, they will be adjusted at the regular budget moments. The resources are therefore flexible. The measures financed from the fund are mainly subsidies, where the final size of the expenditure often depends on various external factors, for example the energy price. The fact that resources are transferred to other departments does not mean that there is no longer an overview. I say that to Mrs Teunissen.
On June 2, I responded to the Court of Audit. In my opinion, it had published a very good report on how we can organize better accountability for climate expenditure. I then indicated in the government's response that I would adopt all the Court of Audit's recommendations and use a complete overview of all relevant climate expenditure. This is broader than just the Climate Fund. For example, it also contains the SDE++ and climate expenditure of other ministries that do not go through the Climate Fund. I have also committed to ensure consistent application of the definition of climate expenditure and to include it in that overview. In addition, I will provide an overview of the proposed expenditure from the Climate Fund in the draft multi-annual program 2024 and all subsequent programs. Your House will receive a dummy budget from the Climate Fund as long as the bill for the establishment of the Climate Fund has not yet come into force, because it is in this or the other Chamber of the States General. A full accounting of the depletion is also included in the annual report of the Climate Fund. This accountability is also included in the annual report of the relevant ministry to which the resources have been transferred.
I understand that it would have been cleaner to first have an institutional law and only then think about expenditure, but as far as I am concerned, climate policy could not wait for that. That is why we have run it a bit in parallel and are in the current situation. Furthermore, in response to Mr Grinwis's question, I will send the final 2024 multi-year program to your House on Budget Day. This may contain some adjustments compared to the draft multi-year programme, possibly as a result of this parliamentary debate or of reflections that we will receive from the PBL this summer.
Then there's the issue of returning funds to the fund. Mrs Kröger and Mr Boucke too, I thought, have asked what I can do as a fund manager in the event that funds have already been transferred to another department, but are not spent. In principle, resources from the Climate Fund may be carried over to the following year, provided that the European budget rules allow this, as always applies to resources from a budget fund. The resources may only be used for the agreed measure, and if, after consultation with the Ministry of Finance and the relevant department, it appears that the resources are no longer required for the agreed measure, they will flow back to the fund area within the Climate Fund. The transferred resources cannot simply be spent on other purposes, because they are laid down in instruments in budgetary laws. Changes to budgets must also be submitted to your House. So that is also an extra check and balance. Fund management and the Ministry of Finance are in discussions to further specify the necessary agreements regarding the process that precedes decision-making. These agreements will be included in the final multi-year program for 2024. As I just said, this will soon be shared with your House on Budget Day. In this way we want to provide extra assurance that the money remains available for the Climate Fund. I will return shortly to the amendment tabled on this point.";0
h-tk-20222023-23-3;De heer Boswijk;CDA;Excuus, voorzitter. Ik sprak mede namens de BBB. Excuus.;2022-2023;16-11-2022;tk;handelingen;3 Begroting Defensie 2023;https://zoek.officielebekendmakingen.nl/h-tk-20222023-23-3.html;https://zoek.officielebekendmakingen.nl/h-tk-20222023-23-3.xml;nr. 23, item 3;boswijk;Sorry, Chairman. I spoke partly on behalf of the BBB. Excuse.;0
h-tk-20222023-99-7;Minister Rutte;VVD;"Ik laat die analyse echt aan de heer Sjoerdsma. We weten niet of dat waar is. We weten op dit moment dat die aantallen sinds april behoorlijk zijn teruggelopen; althans, dat meldt Italië ons. We weten dat bij alles wat de Europese Commissie doet, we vanzelfsprekend geen afspraken maken die niet helemaal in lijn zijn met alle internationale verdragen. Maar ik weet ook één ding wel: als we op een of andere manier die irreguliere migratie enigszins in goede banen willen leiden, dan moeten we er echt met elkaar voor zorgen dat we de businessmodellen voor dit soort overtochten slopen.";2022-2023;28-6-2023;tk;handelingen;7 Europese top van 29 en 30 juni 2023;https://zoek.officielebekendmakingen.nl/h-tk-20222023-99-7.html;https://zoek.officielebekendmakingen.nl/h-tk-20222023-99-7.xml;nr. 99, item 7;rutte;"I really leave that analysis to Mr Sjoerdsma. We don't know if that's true. We currently know that those numbers have dropped quite a bit since April; At least, that's what Italy tells us. We know that in everything the European Commission does, we naturally do not make agreements that are not fully in line with all international treaties. But I also know one thing: if we want to somehow manage irregular migration, then we really have to work together to demolish the business models for these types of crossings.";0
h-tk-20232024-57-4;Mevrouw Paul;VVD;"Minister
Prima.";2023-2024;27-3-2024;tk;handelingen;4 Toezicht en handhaving;https://zoek.officielebekendmakingen.nl/h-tk-20232024-57-4.html;https://zoek.officielebekendmakingen.nl/h-tk-20232024-57-4.xml;nr. 57, item 4;paul;"Minister
Fine.";0
h-tk-20232024-18-64-n1;Mevrouw Bergkamp;D66;"De
Aan de orde is het tweeminutendebat Iran. Ik heet de minister van Buitenlandse Zaken en de woordvoerders welkom. Ik geef meteen het woord aan de heer Ceder, van de ChristenUnie.";2023-2024;26-10-2023;tk;handelingen;64 Iran;https://zoek.officielebekendmakingen.nl/h-tk-20232024-18-64-n1.html;https://zoek.officielebekendmakingen.nl/h-tk-20232024-18-64-n1.xml;nr. 18, item 64;bergkamp;"The
The next item is the two-minute debate on Iran. I welcome the Minister of Foreign Affairs and the spokespersons. I immediately give the floor to Mr Ceder, from the Christian Union.";0
h-tk-20232024-28-8;Staatssecretaris Van der Burg;VVD;"Staatssecretaris
Nee.";2023-2024;21-12-2023;tk;handelingen;8 Programma Samen tegen Mensenhandel;https://zoek.officielebekendmakingen.nl/h-tk-20232024-28-8.html;https://zoek.officielebekendmakingen.nl/h-tk-20232024-28-8.xml;nr. 28, item 8;van der burg van der;"State Secretary
No.";0
h-tk-20232024-45-5;Minister Jetten;D66;"Minister
Tot slot de motie op stuk nr. 484. In het verlengde van wat ik net ook richting de heer Vermeer zei, zeg ik dat we hier volop mee door moeten blijven gaan. Ik heb ook bijna wekelijks overleg over wat we in het FGU-gebied extra kunnen doen. Deze motie sluit daar goed op aan, dus de motie op stuk nr. 484 krijgt oordeel Kamer.";2023-2024;28-2-2024;tk;handelingen;5 Nieuwe maatregelen netcongestie;https://zoek.officielebekendmakingen.nl/h-tk-20232024-45-5.html;https://zoek.officielebekendmakingen.nl/h-tk-20232024-45-5.xml;nr. 45, item 5;jetten;"Minister
Finally, the motion on document no. 484. In line with what I just said to Mr Vermeer, I say that we must continue to pursue this. I also have almost weekly consultations about what extra we can do in the FGU area. This motion fits in well with this, so the motion on document no. 484 is judged by the House.";0
h-tk-20232024-51-5;Mevrouw Michon-Derkzen;VVD;"Mevrouw
Mooi, dan wordt het ook een rechtsstaatdebat. In een rechtsstaat is het in mijn ogen inderdaad zo dat iemand altijd ergens terechtkan als dat nodig is, als hij een klacht heeft, als hem onterecht iets is overkomen of als er een fout is gemaakt. Maar de heer Six Dijkstra doet met zijn inbreng alsof controle op controle elke fout zou voorkomen. Juist die valse tegenstelling zou ik hier niet willen neerleggen. Wij stellen hier de kaders. Daarmee geven wij onze lokale partners dat in handen wat voor hen nodig is om hun werk te kunnen doen. Natuurlijk zullen zij op een dag ook een keer een fout maken, zoals wij hier ook weleens een fout maken, ook de heer Six Dijkstra, ook ik, iedereen. Het gaat erom dat je, als er een fout wordt gemaakt, ergens terechtkunt. Maar op grond van uw bijdrage lijkt controle op controle nodig te zijn om fouten te voorkomen en lijkt u te zeggen dat, als we dat niet zouden doen, we niet in een rechtsstaat zouden leven. Dat beeld wil ik hier echt ontkrachten, want dat is echt niet het geval.";2023-2024;13-3-2024;tk;handelingen;5 Wet gegevensverwerking persoonsgerichte aanpak radicalisering en terroristische activiteiten;https://zoek.officielebekendmakingen.nl/h-tk-20232024-51-5.html;https://zoek.officielebekendmakingen.nl/h-tk-20232024-51-5.xml;nr. 51, item 5;michon-derkzen;"Madam
Great, then it will also be a rule of law debate. In my view, in a constitutional state it is indeed the case that someone can always go somewhere if necessary, if they have a complaint, if something has happened to them unjustly or if a mistake has been made. But Mr Six Dijkstra acts with his input as if checking after checking would prevent every mistake. I would not like to present that false contradiction here. We set the framework here. In this way we provide our local partners with what they need to do their work. Of course, one day they will also make a mistake, just as we sometimes make a mistake here, including Mr Six Dijkstra, including me, everyone. The point is that if a mistake is made, you have somewhere to turn. But based on your contribution, it seems that checks are necessary to prevent mistakes and you seem to be saying that if we did not do that, we would not live in a state governed by the rule of law. I really want to refute that image here, because that is really not the case.";0
h-tk-20232024-65-11;De heer Bosma;PVV;"De
Ik stel voor conform het voorstel van het Presidium te besluiten en de Autoriteit Persoonsgegevens te verzoeken om onderzoek te doen naar de activiteiten van de Teams Openbare Orde en Inlichtingen, TOOI, in de afgelopen vier jaar.
Daartoe wordt besloten.";2023-2024;16-4-2024;tk;handelingen;11 Stemming brief Adviesaanvraag aan de Autoriteit Persoonsgegevens inzake de Teams Openbare Orde en Inlichtingen (TOOI);https://zoek.officielebekendmakingen.nl/h-tk-20232024-65-11.html;https://zoek.officielebekendmakingen.nl/h-tk-20232024-65-11.xml;nr. 65, item 11;bosma;"The
I propose to decide in accordance with the Presidium's proposal and to request the Dutch Data Protection Authority to investigate the activities of the Public Order and Intelligence Teams, TOOI, in the past four years.
This is decided.";0
h-tk-20232024-16-75;De heer Brekelmans;VVD;Ik vraag hoe hij dan het dictum leest.;2023-2024;24-10-2023;tk;handelingen;75 Europese top van 26 en 27 oktober 2023;https://zoek.officielebekendmakingen.nl/h-tk-20232024-16-75.html;https://zoek.officielebekendmakingen.nl/h-tk-20232024-16-75.xml;nr. 16, item 75;brekelmans;I ask how he reads the dictum.;0
h-tk-20232024-88-34;De heer Dijk;SP;"De heer
Ja, maar nu is die echt failliet. Het belang wordt dus nog groter.";2023-2024;25-6-2024;tk;handelingen;34 Regeling van werkzaamheden;https://zoek.officielebekendmakingen.nl/h-tk-20232024-88-34.html;https://zoek.officielebekendmakingen.nl/h-tk-20232024-88-34.xml;nr. 88, item 34;dijk;"Mr
Yes, but now it is really bankrupt. The importance therefore becomes even greater.";0
h-tk-20232024-10-24;De heer Romke de Jong;D66;"Nogmaals, ik vind het heel erg teleurstellend. Volgens mij heeft de heer Van Strien het voorstel niet gelezen. Wij willen graag mensen helpen waar dat nodig is en niet alleen de achterban van de VVD. Dat vind ik echt een enorm verschil van inzicht.
Voorzitter. Ik ga door, met uw goedvinden, want de klok begint ook te tikken. We hadden het over de omslag naar een eerlijke, groene en concurrerende economie. Die kunnen we alleen samen met onze ondernemers maken, voor onze banen en die sterke economie van de toekomst. Sinds ik in de Kamer zit, vraag ik aandacht voor bedrijven die de transitie naar een groene economie willen maken, maar het kapitaal missen om de nodige aanpassingen te doen aan hun bedrijfspand of hun bedrijfsmodel. Voor de zomer is mijn motie, die ik samen met collega Aartsen heb ingediend, om duurzaamheidsleningen tegen een lage rente zo snel mogelijk voor kleine ondernemers beschikbaar te maken, met een ruime meerderheid aangenomen. Maar nu zie ik — de heer Van Strien constateerde het ook al — dat dit pas voor 1 januari 2025 op de rol staat. 2025! Dat kan echt niet. Deze geluiden zijn er allang. We hebben als Kamer hier al meerdere moties over aangenomen. Dan kan je die ondernemers niet nog een keer anderhalf jaar laten wachten. Ik heb daar echt moeite mee en had hier ook meer ambitie op verwacht. Daarom hebben we nu zelf een voorstel ingediend om het geld al per 2024 beschikbaar te maken, zodat kleine ondernemers ook aan de slag kunnen met hun duurzaamheidsambities. Iedereen moet tenslotte mee kunnen doen.
Voorzitter, ik rond af. Na alle goede voorstellen die ik gelukkig deze week hopelijk nog mag doen, zit het er voor mij bijna op en rest mij nog één ding. Ik kijk toch naar u, voorzitter, fijne collega's, kabinet, mensen op de tribune, mensen thuis en alle ondernemers die ik mocht vertegenwoordigen de afgelopen jaren, als ik zeg: dank voor alles wat we samen hebben kunnen doen om van Nederland een nog mooiere plaats te maken voor ondernemers, om banen te creëren en te werken aan die duurzame toekomst. Voor mij is dit bijna mijn laatste debat. Het werk is niet af. Maar als ondernemer in de Kamer weet ik dat ondernemers vandaag denken en morgen doen. En dat, dat gun ik ook een nieuwe Kamer. Een ondernemende geest waarin we snelle stappen kunnen zetten. Met elkaar.
Voorzitter. Onze sterke economie, onze eerlijke groene economie komt ons niet aanwaaien. Daar moet je de voorwaarden voor scheppen — net als ijs. We zullen er in dit huis echt voor moeten werken dat het toekomstig verdienvermogen sterk blijft en duurzaam is. Laat ik dan nog één keer meegeven — en dan rond ik echt af — in mijn geliefde Fries: de hin mei gouden aaien moat ek fuorre wurde. Oftewel: de kip met de gouden eieren moet ook gevoerd worden.
Dank u wel.";2023-2024;10-10-2023;tk;handelingen;24 Begroting Economische Zaken en Klimaat en Nationaal Groeifonds 2024;https://zoek.officielebekendmakingen.nl/h-tk-20232024-10-24.html;https://zoek.officielebekendmakingen.nl/h-tk-20232024-10-24.xml;nr. 10, item 24;de romke jong;"Again, I find it very disappointing. I don't think Mr Van Strien has read the proposal. We would like to help people where necessary and not just the supporters of the VVD. I think that is a really huge difference of opinion.
Chair. I will continue, with your permission, because the clock is also ticking. We talked about the transition to a fair, green and competitive economy. We can only create this together with our entrepreneurs, for our jobs and the strong economy of the future. Since I have been in Parliament, I have been drawing attention to companies that want to make the transition to a green economy, but lack the capital to make the necessary adjustments to their business premises or their business model. Before the summer, my motion, which I submitted together with my colleague Aartsen, to make sustainability loans at low interest rates available to small entrepreneurs as quickly as possible, was adopted by a large majority. But now I see - Mr Van Strien also noted this - that this will only be on the agenda before January 1, 2025. 2025! That's really not possible. These sounds have been around for a long time. As a House, we have already adopted several motions on this. Then you can't make those entrepreneurs wait another year and a half. I really struggle with that and expected more ambition. That is why we have now submitted a proposal to make the money available as early as 2024, so that small entrepreneurs can also get started with their sustainability ambitions. After all, everyone should be able to participate.
Chairman, I will conclude. After all the good proposals that I hope I can make this week, it is almost over for me and there is only one thing left. I look at you, Chairman, wonderful colleagues, cabinet, people in the stands, people at home and all the entrepreneurs I have had the opportunity to represent in recent years, when I say: thank you for everything we have been able to do together to make the Netherlands an even more beautiful place for entrepreneurs, to create jobs and to work on a sustainable future. For me, this is almost my last debate. The work is not finished. But as an entrepreneur in the Chamber, I know that entrepreneurs think today and act tomorrow. And I also wish that for a new Chamber. An enterprising spirit in which we can take quick steps. With each other.
Chair. Our strong economy, our honest green economy does not come easy to us. You have to create the conditions for that — just like ice cream. We will really have to work in this house to ensure that the future earning capacity remains strong and sustainable. Let me say one more time - and then I will really wrap up - in my beloved Frisian: the hin mei golden patten must be fuorre. In other words: the goose that laid the golden eggs also needs to be fed.
Thank you.";1
h-tk-20232024-92-8;De heer Schoof;;"Minister
Voorzitter. Wat is Twitter — X, moet ik zeggen — toch een merkwaardig fenomeen. Maar goed, we doen er op onze eigen manier allemaal aan mee. Maar laat ik helder zijn: tijdens een debat gaan bewindslieden niet twitteren. Daar is mevrouw Adema het nu echt geheel mee eens.";2023-2024;4-7-2024;tk;handelingen;8 Debat regeringsverklaring;https://zoek.officielebekendmakingen.nl/h-tk-20232024-92-8.html;https://zoek.officielebekendmakingen.nl/h-tk-20232024-92-8.xml;nr. 92, item 8;schoof;"Minister
Chair. Twitter — X, I must say — is a strange phenomenon. Anyway, we all participate in it in our own way. But let me be clear: ministers do not tweet during a debate. Mrs Adema now completely agrees with this.";0
h-tk-20232024-49-4;Mevrouw Keijzer;BBB;"Mevrouw
Mevrouw Podt wil praktisch, dan krijgt ze praktisch. Stel je hebt een Nederlands en een Oekraïens gezin die een modaal inkomen verdienen. Dan is het is toch niet meer dan redelijk dat je voor dat Oekraïense gezin bekijkt in welke mate het kan bijdragen met maximaal de economische waarde? En ja, dan houdt dat Oekraïense gezin uiteindelijk minder over dan dat het nu doet. Maar dat is toch redelijk? Dat is normalisering.";2023-2024;7-3-2024;tk;handelingen;4 Tijdelijke wet opvang ontheemden Oekraïne;https://zoek.officielebekendmakingen.nl/h-tk-20232024-49-4.html;https://zoek.officielebekendmakingen.nl/h-tk-20232024-49-4.xml;nr. 49, item 4;keijzer;"Madam
Mrs. Podt wants practical, then she gets practical. Suppose you have a Dutch and a Ukrainian family who earn an average income. Then it is only reasonable that you consider for that Ukrainian family to what extent it can contribute with a maximum of economic value? And yes, that Ukrainian family will ultimately have less left than it does now. But that's reasonable, right? That is normalization.";0
h-tk-20232024-40-11;Minister Weerwind;D66;"Minister
Fijn dat geduid wordt waar de aarzeling zit. Dat is ook de reden dat ik mij goed heb laten bijpraten over hoe de compartimentering plaatsvindt bij die zeventien plekken in Sittard. Ook bij de Afdeling Intensief Toezicht in Sittard wordt het mogelijk om gedetineerden fysiek van elkaar te scheiden. Er zullen kleine leefafdelingen zijn van circa zes tot acht cellen. De groepen kunnen volledig van elkaar worden gescheiden en ik kan ook een individueel programma aanbieden. Alle dag- en programmaonderdelen zijn ook op of nabij de leefafdeling. De verkeersstromen van verschillende gebruikersgroepen worden gescheiden en er worden maatregelen genomen, soms technisch, om juist geluidsoverlast en geluidsoverdracht tegen te gaan. Ook zullen de strenge toezichtsmaatregelen zorgvuldig uitgevoerd worden om hiermee maximale monitoring te handhaven. Dat is mijn reactie daarop. Ik schuw het toepassen van de nieuwste technologie niet, omdat ik gewoon weet hoe intelligent gedetineerden kunnen zijn, zeker de groep waarover we het hier hebben. Ik hoop dat ik de zorgen van de heer Ellian grotendeels heb weggenomen.";2023-2024;8-2-2024;tk;handelingen;11 Begroting Justitie en Veiligheid 2024;https://zoek.officielebekendmakingen.nl/h-tk-20232024-40-11.html;https://zoek.officielebekendmakingen.nl/h-tk-20232024-40-11.xml;nr. 40, item 11;weerwind;"Minister
It's nice that it is explained where the hesitation is. That is also the reason why I was informed about how compartmentalization takes place at those seventeen places in Sittard. It will also be possible to physically separate detainees from each other at the Intensive Supervision Department in Sittard. There will be small living units of approximately six to eight cells. The groups can be completely separated from each other and I can also offer an individual program. All daily and program components are also on or near the living department. The traffic flows of different user groups are separated and measures are taken, sometimes technical, to combat noise pollution and noise transmission. The strict supervisory measures will also be carefully implemented to maintain maximum monitoring. That's my response to that. I do not shy away from using the latest technology, because I know how intelligent prisoners can be, especially the group we are talking about here. I hope that I have largely addressed Mr Ellian's concerns.";0
h-tk-20232024-93-6;De heer Bosma;PVV;"De
Met alle soorten van plezier. Ik zal een mattenklopper meenemen.
Dan gaan we luisteren naar de heer Dassen van Volt. Het woord is aan hem.";2023-2024;3-9-2024;tk;handelingen;6 Regeling van werkzaamheden;https://zoek.officielebekendmakingen.nl/h-tk-20232024-93-6.html;https://zoek.officielebekendmakingen.nl/h-tk-20232024-93-6.xml;nr. 93, item 6;bosma;"The
With all kinds of fun. I'll bring a carpet beater.
Then we will listen to Mr Dassen from Volt. The floor is his.";0
h-tk-20232024-78-4;Mevrouw Tielen;VVD;"De
De motie op stuk nr. 693: ontraden.";2023-2024;29-5-2024;tk;handelingen;4 Tweeminutendebat Ggz / Suïcidepreventie;https://zoek.officielebekendmakingen.nl/h-tk-20232024-78-4.html;https://zoek.officielebekendmakingen.nl/h-tk-20232024-78-4.xml;nr. 78, item 4;tielen;"The
The motion on document no. 693: advised against.";0
h-tk-20232024-39-9;De heer Eerdmans;JA21;"De heer
Het is meneer JA21 voor u, inderdaad.
Dank, voorzitter. Dank aan de bewindslieden voor de antwoorden. Ik ben blij met de Defensiebegroting, want zoals gezegd plust het op wat jarenlang is afgebroken.
Voorzitter. Ik ben ook blij met een aantal antwoorden, in ieder geval dat over de dienstplicht. Ik denk dat daar een goede gedachtewisseling over was. Ik ben iets minder blij met twee andere zaken. Daarin probeer ik het kabinet de goede kant op te porren. In de eerste plaats is dat de motie ""groen op straat"".
De Kamer,
gehoord de beraadslaging,
constaterende dat de binnenlandse veiligheid op tal van terreinen onder druk staat;
constaterende dat de politie tegelijkertijd kampt met een ernstig capaciteitstekort;
overwegende dat de inzet van Defensieonderdelen, zoals de Koninklijke Marechaussee, onder deze omstandigheden positief kan bijdragen aan het verbeteren van de veiligheid op straat;
verzoekt de regering de mogelijkheid tot inzet van de KMar actief onder de aandacht te brengen van burgemeesters en obstakels daartoe weg te nemen,
en gaat over tot de orde van de dag.
De
Deze motie is voorgesteld door het lid Eerdmans.
Zij krijgt nr.";2023-2024;7-2-2024;tk;handelingen;9 Begroting Defensie 2024;https://zoek.officielebekendmakingen.nl/h-tk-20232024-39-9.html;https://zoek.officielebekendmakingen.nl/h-tk-20232024-39-9.xml;nr. 39, item 9;eerdmans;"Mr
It's Mr. JA21 for you, indeed.
Thank you, chairman. Thanks to the ministers for the answers. I am happy with the Defense Budget, because, as mentioned, it adds to what has been broken for years.
Chair. I am also happy with some answers, at least the one about conscription. I think there was a good exchange of views about that. I'm a little less happy with two other things. I am trying to push the cabinet in the right direction. First of all, this is the ""green on the street"" motion.
The Chamber,
after hearing the deliberation,
noting that internal security is under pressure in many areas;
noting that the police are simultaneously struggling with a serious capacity shortage;
whereas the deployment of Defense units, such as the Royal Military Police, can contribute positively to improving safety on the streets under these circumstances;
calls on the government to actively bring the possibility of deploying the KMar to the attention of mayors and to remove obstacles to this end,
and goes about the order of the day.
The
This motion was proposed by member Eerdmans.
She gets no.";0
h-tk-20232024-30-3;Mevrouw Kamminga;VVD;"De
U heeft ook nog een interruptie van mevrouw Podt van D66.";2023-2024;17-1-2024;tk;handelingen;3 Wijziging van de Vreemdelingenwet 2000;https://zoek.officielebekendmakingen.nl/h-tk-20232024-30-3.html;https://zoek.officielebekendmakingen.nl/h-tk-20232024-30-3.xml;nr. 30, item 3;kamminga;"The
You also have an interruption from Mrs Podt of D66.";0
h-tk-20232024-27-5;Minister Kuipers;D66;"Minister
Ze gaat het nu checken. Dat zeg ik zonder dat we elkaar wat toeschuiven, maar we keken naar elkaar en ik kreeg het antwoord dat zij daar zo op terugkomt.
Dan vroeg de heer Van Nispen ook of het voorstel niet in strijd is met de uitgangspunten van de Opiumwet als het gaat om de bewezen schadelijkheid. Het wetsvoorstel is gebaseerd op het voorzorgsbeginsel. Ik gaf al aan dat daarvoor vereist is dat er gegronde redenen zijn om te vrezen dat onbekende middelen behorend tot een stofgroep gevaarlijk zijn voor de volksgezondheid. Ik val in herhaling als ik zeg: ten minste twee middelen en aanvullende aanwijzingen, bijvoorbeeld op basis van gegevens uit het buitenland, dat analoga vergelijkbare schadelijke effecten kunnen hebben.
De heer Van Nispen vroeg ook wanneer er een nieuwe stofgroep kan komen en wanneer een stofgroep verdwijnt. Een volgende stofgroep kan via een algemene maatregel van bestuur worden toegevoegd aan lijst IA. Dat kan alleen als voldaan wordt aan diezelfde criteria die ik al een aantal keer genoemd heb, inclusief consultatie van het CAM. Indien niet langer twee middelen van een stofgroep op lijst I staan, dan wordt de stofgroep ook geschrapt van lijst IA. Er is daarbij gekozen voor een AMvB, omdat die passende waarborgen biedt en er zo aangesloten wordt bij de bestaande systematiek in de Opiumwet.
Dat brengt mij automatisch bij de vervolgvraag van de heer Van Nispen: als in de toekomst blijkt dat middelen niet schadelijk zijn, gaan we die dan van de lijst halen? De stofgroepen zijn gekozen omdat aannemelijk is dat de middelen die binnen de stofgroep vallen, schadelijk zijn. Het is dus minder waarschijnlijk dat een dergelijke situatie, zoals geschetst in de vraag van de heer Van Nispen, zich zou voordoen. Maar in het geval dat die zich wel voordoet, zullen wij overgaan tot het uitzonderen van dit middel van het verbod en daarmee, zo nodig, ook het verwijderen van een stofgroep van lijst I. Dat laatste heb ik net ook al aangegeven.
De heer Van Nispen vroeg ook of ik het voorstel van de heer Sneller voor een lijst 0 hierbij betrokken heb. De heer Sneller gaf het zelf ook al aan, maar ik heb eerder een verkenning gedaan naar de mogelijkheden voor een lijst 0 met minder vergaande regulering dan een verbod, maar bijvoorbeeld met het instellen van een leeftijdsgrens en andere voorwaarden. Ik heb gekeken of dat mogelijk is. Naar aanleiding van die verkenning heb ik aangegeven dat ik voor nu geen mogelijkheden zie voor een lijst 0. De heer Sneller gaf al, terecht, aan wat de beperkingen daarvan zijn. Er is namelijk samenloop met de levensmiddelenwetgeving, in het bijzonder de Algemene levensmiddelenverordening. Dat moet dus opgepakt worden in EU-verband. Dit is een onderwerp voor verdere discussie met de EU-collega's.
Dan was er een vraag van mevrouw Bikker: kunnen we designervarianten van slaapmiddelen meenemen en ook een lijst IIA toevoegen? Het huidige wetsvoorstel richt zich op een lijst IA. Zoals gezegd: stofgroepen afgeleid van middelen op lijst I. Lijst II-middelen zijn minder schadelijk voor de gezondheid dan lijst I-middelen. Daarom vergt een lijst IIA een nieuwe afweging, onder andere wat betreft proportionaliteit en subsidiariteit, in het bijzonder in het licht van het voorzorgsbeginsel. Daarvoor is vereist dat reële schade voor de gezondheid van personen waarschijnlijk is. Vooralsnog zien wij onvoldoende noodzaak om tot een dergelijk verbod over te gaan, maar de ontwikkeling in deze stoffen wordt wel nationaal en internationaal gemonitord. Bij zorgwekkende signalen volgt een risicobeoordeling. In de afgelopen jaren zijn meerdere van deze stoffen toegevoegd aan lijst II van de Opiumwet na dergelijke risicobeoordelingen.
Mevrouw Bikker vroeg: één stof op lijst I, maar meerdere op lijst II; wat dan? Zoals al een aantal keren benoemd kan een stofgroep alleen worden toegevoegd wanneer twee of meer middelen behorende tot de stofgroep op lijst I van de Opiumwet staan. Voorafgaand aan de mogelijke toevoeging van een nieuwe stofgroep vindt dan ook consultatie van het CAM plaats. Het voorbeeld dat mevrouw Bikker noemde, ""als er nou één op lijst I staat en meerdere op lijst II"", leidt in het vigerende voorstel niet tot mogelijke opname van een hele groep op een lijst IA.";2023-2024;20-12-2023;tk;handelingen;5 Wijziging van de Opiumwet;https://zoek.officielebekendmakingen.nl/h-tk-20232024-27-5.html;https://zoek.officielebekendmakingen.nl/h-tk-20232024-27-5.xml;nr. 27, item 5;kuipers;"Minister
She's going to check it now. I say that without us shoving anything at each other, but we looked at each other and I got the answer that she will get back to that in a moment.
Then Mr Van Nispen also asked whether the proposal does not conflict with the principles of the Opium Act when it comes to proven harmfulness. The bill is based on the precautionary principle. I have already indicated that this requires that there are well-founded reasons to fear that unknown substances belonging to a substance group are dangerous to public health. I repeat myself when I say: at least two substances and additional indications, for example based on data from abroad, that analogues can have comparable harmful effects.
Mr Van Nispen also asked when a new substance group could be created and when a substance group would disappear. A subsequent substance group can be added to list IA via an order in council. This is only possible if the same criteria that I have already mentioned a number of times are met, including consultation with the CAM. If two substances from a substance group are no longer on list I, the substance group is also removed from list IA. An AMvB was chosen because it offers appropriate guarantees and is therefore consistent with the existing system in the Opium Act.
That automatically brings me to Mr Van Nispen's follow-up question: if it turns out in the future that substances are not harmful, will we remove them from the list? The substance groups have been chosen because it is likely that the substances that fall within the substance group are harmful. It is therefore less likely that such a situation, as outlined in Mr Van Nispen's question, would occur. But in the event that this does occur, we will proceed to exempt this substance from the ban and, if necessary, also remove a substance group from list I. I have already indicated the latter.
Mr Van Nispen also asked whether I had taken Mr Sneller's proposal for a list 0 into account. Mr Sneller himself already indicated this, but I have previously explored the possibilities for a list 0 with less far-reaching regulation than a ban, but for example with the setting of an age limit and other conditions. I checked if that is possible. Following that exploration, I indicated that I see no possibilities for a list 0 for now. Mr Sneller already rightly indicated what the limitations of this are. There is a coincidence with food legislation, in particular the General Food Regulation. This must therefore be addressed at an EU level. This is a topic for further discussion with EU colleagues.
Then there was a question from Mrs. Bikker: can we include designer variants of sleeping pills and also add an IIA list? The current bill focuses on a list IA. As mentioned: substance groups derived from substances on list I. List II substances are less harmful to health than list I substances. That is why a list IIA requires a new assessment, including with regard to proportionality and subsidiarity, especially in the light of the precautionary principle. This requires that real damage to the health of persons is likely. For the time being, we do not see sufficient need to impose such a ban, but the development of these substances is monitored nationally and internationally. If there are worrying signals, a risk assessment will follow. In recent years, several of these substances have been added to list II of the Opium Act following such risk assessments.
Mrs Bikker asked: one substance on list I, but several on list II; what then? As mentioned several times, a substance group can only be added if two or more substances belonging to the substance group are on list I of the Opium Act. Consultation with the CAM takes place prior to the possible addition of a new substance group. The example that Mrs Bikker mentioned, ""if there is one on list I and several on list II"", does not lead to the possible inclusion of an entire group on a list IA in the current proposal.";0
h-tk-20232024-12-5;Minister Adriaansens;VVD;Ik deel met alle omwonenden de zorgen die er zijn rondom de gezondheid die te maken heeft met de uitstoot van Tata, maar ook die van andere bedrijven. Dat is overigens op meerdere plekken in Nederland aan de hand. De staatssecretaris van IenW heeft daarover vrijdag een brief gestuurd in reactie op het RIVM-rapport. Die resultaten zijn zorgelijk. Dat deel ik dus met mevrouw Kröger. De vraag is hoe je het oplost. Er loopt onder andere de roadmap die wordt uitgevoerd om maatregelen te treffen waarmee je verbeteringen aanbrengt aan het milieu. Er loopt een voorbereiding voor de maatwerkafspraken. Er is nog geen cent uitgegeven. U kunt ervan op aan dat wij dit bij het beoordelen van die plannen volledig meenemen. Ik neem de motie van de Kamer zeer serieus, want de roep om ingrijpen is heel erg groot. Wij gaan dus echt geen geld uitgeven als er geen duidelijk zicht is op een snelle verbetering van de situatie. Ik kan alleen nu niet zeggen dat dat in 2025, 2026 of 2027 gebeurt, want ik heb die plannen gewoon niet gezien.;2023-2024;12-10-2023;tk;handelingen;5 Begroting Economische Zaken en Klimaat en Nationaal Groeifonds 2024;https://zoek.officielebekendmakingen.nl/h-tk-20232024-12-5.html;https://zoek.officielebekendmakingen.nl/h-tk-20232024-12-5.xml;nr. 12, item 5;adriaansens;I share with all local residents the health concerns related to Tata's emissions, but also those of other companies. This is happening in several places in the Netherlands. The State Secretary for Infrastructure and Water Management sent a letter about this on Friday in response to the RIVM report. Those results are worrying. So I share that with Mrs Kröger. The question is how to solve it. Among other things, there is a roadmap that is being implemented to take measures to make improvements to the environment. Preparations are underway for the customized agreements. Not a cent has been spent yet. You can rest assured that we will fully take this into account when assessing those plans. I take the House's motion very seriously, because the call for intervention is very great. So we are really not going to spend money if there is no clear prospect of a rapid improvement of the situation. I just can't say right now that that will happen in 2025, 2026 or 2027, because I just haven't seen those plans.;0
h-tk-20232024-33-7;Mevrouw Van der Plas;BBB;"Mevrouw
Wij zijn daar nog over aan het spreken. Dus daar geef ik later wel duidelijkheid over. Dan geef ik duidelijkheid over het hele amendement en ook over de vraag of we andere amendementen steunen. Sorry, daar moet u het mee doen.
Voorzitter. Ik kijk even waar ik gebleven was. Ook wil ik even stilstaan bij de Wereldgezondheidsorganisatie, de WHO. De sluipende onderhandelingen over het WHO-pandemieverdrag en de International Health Regulations, oftewel de internationale gezondheidsregels, vindt de BBB echt belachelijk en ondemocratisch. Met dit pandemieverdrag wordt niet alleen de soevereiniteit van landen aangetast, maar het wordt ook nog eens in achterkamertjes besproken. De WHO is een niet-democratisch gekozen organisatie. We vinden dan ook dat deze onderwerpen en de reeds genomen besluiten open besproken moeten worden in deze zaal. Wat vindt de minister zelf van het open bespreken van deze onderwerpen en van de ondemocratische gang van zaken?
Voorzitter. Steeds meer ziekenhuizen richten zich op een gezondere aanpak. Dit houdt in dat ze het gebruik van dierlijke eiwitten, zoals vet, verminderen. Dit heeft als gevolg dat ouderen, acuut zieken en chronisch zieken steeds minder dierlijke eiwitten binnenkrijgen, terwijl het juist essentieel is dat kwetsbare groepen voldoende dierlijke eiwitten binnenkrijgen. En zeker is dat ook een eigen keuze. Maar de vegangekte slaat ook in de ziekenhuizen toe. Ik vind dat een gevaarlijke tendens. Ik kan u een voorbeeld geven. Mijn eigen man had alvleesklierkanker en takelde in negen weken verschrikkelijk af. Hij vermagerde sterk en hield niets meer binnen. Hij kreeg in het ziekenhuis — als hij het al binnenhield — gelukkig een kroketje, een bifiworstje of een blokje kaas, omdat dat zo hard nodig was. Ik wil de minister echt vragen om met ziekenhuizen en diëtisten goed in de gaten te houden dat we oudere en zieke mensen, in de zucht van ""de hele wereld plantaardig"", niet de noodzakelijke eiwitten die ze op dat moment nodig hebben, onthouden.
Voorzitter. We maken ons ernstig zorgen over de sluiting van streek- en regionale ziekenhuizen in Nederland. Het behoud van deze ziekenhuizen is van vitaal belang voor de regio en de gezondheid van de mensen. Als je een arm breekt, kun je nu snel op de spoedeisende hulp terecht. Als een bevalling niet goed verloopt of als iemand acuut hartklachten krijgt, dan staat er zo een professional klaar in een streekziekenhuis. Dat is allemaal belangrijke zorg dichtbij. Deze nabijheid van zorg is essentieel voor de regio en draagt bij aan de gemoedsrust en het welzijn van mensen.
Het concentreren van zorg betekent vaak het mijden van zorg. Een ziekenhuis is geen fabriek. Het gaat om mensenlevens. We moeten stoppen met het uitkleden van de ziekenhuiszorg. Het behoud van streekziekenhuizen en regionale ziekenhuizen met een volwaardige spoedeisende hulp en andere essentiële zorgfaciliteiten is cruciaal voor onze samenleving. Laten we inzetten op het voorkomen op onherstelbare veranderingen voordat het te laat is. Hoe kijkt de minister hiernaar?
Voorzitter, tot slot. Long covid treft niet alleen volwassenen, maar ook duizenden kinderen in Nederland. Ondanks ernstige klachten is er nog weinig bekend over een geschikte behandeling, zodat deze kinderen ernstig ziek thuis verblijven. Net als in het artikel ""Longcovidklinieken komen niet van de grond"" willen we Duitsland als voorbeeld nemen voor deze klinieken. Hoe kijkt de minister tegen dit idee aan?
Dank u wel.";2023-2024;24-1-2024;tk;handelingen;7 Begroting Volksgezondheid, Welzijn en Sport 2024;https://zoek.officielebekendmakingen.nl/h-tk-20232024-33-7.html;https://zoek.officielebekendmakingen.nl/h-tk-20232024-33-7.xml;nr. 33, item 7;van der plas van der;"Madam
We are still discussing that. So I will clarify that later. Then I will provide clarity about the entire amendment and also about whether we support other amendments. Sorry, you'll have to make do with that.
Chair. I look where I left off. I would also like to take a moment to mention the World Health Organization, the WHO. The BBB finds the creeping negotiations on the WHO pandemic treaty and the International Health Regulations truly ridiculous and undemocratic. This pandemic treaty not only affects the sovereignty of countries, but it is also being discussed in backrooms. The WHO is a non-democratically elected organization. We therefore believe that these topics and the decisions already taken should be discussed openly in this room. What does the minister himself think of the open discussion of these topics and the undemocratic state of affairs?
Chair. More and more hospitals are focusing on a healthier approach. This means that they reduce the use of animal proteins, such as fat. As a result, the elderly, the acutely ill and the chronically ill consume less and less animal protein, while it is essential that vulnerable groups consume sufficient animal protein. And that is certainly your own choice. But the vegan craze is also hitting hospitals. I think that is a dangerous trend. I can give you an example. My own husband had pancreatic cancer and deteriorated terribly in nine weeks. He lost a lot of weight and could no longer keep anything down. Fortunately, he was given a croquette, a bifi sausage or a block of cheese in the hospital - if he even kept it down - because it was so desperately needed. I would really like to ask the minister to keep a close eye on hospitals and dieticians to ensure that we do not deprive older and sick people of the necessary proteins they need at that moment, in the spirit of ""the whole world is plant-based"".
Chair. We are seriously concerned about the closure of regional and regional hospitals in the Netherlands. Maintaining these hospitals is vital for the region and the health of its people. If you break an arm, you can now quickly go to the emergency room. If a birth does not go well or if someone develops acute heart problems, a professional is ready at a regional hospital. This is all important care nearby. This proximity to care is essential for the region and contributes to people's peace of mind and well-being.
Concentrating care often means avoiding care. A hospital is not a factory. It's about human lives. We must stop stripping away hospital care. The preservation of regional hospitals and regional hospitals with fully-fledged emergency departments and other essential healthcare facilities is crucial for our society. Let's focus on preventing irreversible changes before it is too late. How does the minister view this?
Mr President, finally. Long Covid not only affects adults, but also thousands of children in the Netherlands. Despite serious complaints, little is known about suitable treatment, which means that these children remain seriously ill at home. Just as in the article ""Long Covid clinics do not get off the ground"", we want to use Germany as an example for these clinics. How does the minister view this idea?
Thank you.";0
h-tk-20232024-87-11;De heer Flach;SGP;"De heer
Ik weet niet of de Handelingen al klaar zijn, maar dat werd toch echt letterlijk gezegd. Er werd letterlijk gezegd: er was wel een uitspraak van een lagere rechtbank, maar nog niet van het hoogste rechtsorgaan. En de minister heeft ook gezegd: ik was het niet eens met die uitspraak. Dat mag natuurlijk, want we zijn het allemaal weleens niet eens met een rechterlijke uitspraak, maar hier gaat het over een bevoegd gezag dat op basis van jurisprudentie — daar hoort ook een lagere rechtbank bij — de keuze moet maken of het additionaliteitsvereiste hier van toepassing was. Dan had dat toch, los van de mening van deze minister, nadrukkelijker een rol moeten spelen?";2023-2024;20-6-2024;tk;handelingen;11 Debat over versoepeling van de bestaande stikstofregels voor Schiphol;https://zoek.officielebekendmakingen.nl/h-tk-20232024-87-11.html;https://zoek.officielebekendmakingen.nl/h-tk-20232024-87-11.xml;nr. 87, item 11;flach;"Mr
I don't know if the Acts are finished yet, but that was literally said. It was literally said: there had been a ruling from a lower court, but not yet from the highest legal body. And the minister also said: I did not agree with that statement. That is of course allowed, because we all sometimes disagree with a court ruling, but this concerns a competent authority that must decide on the basis of case law - which also includes a lower court - whether the additionality requirement applied here. Then shouldn't that have played a more prominent role, regardless of this minister's opinion?";0
h-tk-20232024-41-20;De heer Bosma;PVV;"De
Prima. Ik ga kijken of daar een meerderheid voor is.";2023-2024;13-2-2024;tk;handelingen;20 Regeling van werkzaamheden;https://zoek.officielebekendmakingen.nl/h-tk-20232024-41-20.html;https://zoek.officielebekendmakingen.nl/h-tk-20232024-41-20.xml;nr. 41, item 20;bosma;"The
Fine. I'm going to see if there is a majority in favor of that.";0
h-tk-20232024-64-12;Mevrouw Maatoug;GroenLinks-PvdA;"Mevrouw
Dank, voorzitter. Dank ook voor de tweede termijn van de Kamer. Ik moet u zeggen: naar een debat kijken vanaf deze kant van de zaal is een hele andere beleving. Je hebt echt een heel veel beter beeld. Ik dacht: die ervaring deel ik met de collega's. Maak gebruik van het initiatiefrecht; een aantal collega's verwees er al naar hoe belangrijk dat is. Dank voor de complimenten. Zoals ik zei: hoe vaker zijn naam in de Handelingen komt, hoe beter: Kasper Köhler heeft voortreffelijk werk geleverd. Ik wil ook Henk Nijboer bedanken en onze voortreffelijke ambtelijke ondersteuning vanuit Financiën. Dank daarvoor.
Volgens mij waren er weinig vragen voor mij. Ik ga de paar punten nog even kort benoemen. Ik vind het belangrijk om hier heel duidelijk over te zijn: ik geef geen appreciatie van de moties, maar ik zal vanuit mijn optiek wat meegeven aan de Kamer. De inhoudelijke en technische appreciatie komt dan van de staatssecretaris.
De heer Vermeer zei: van de 400 miljoen werd zomaar een half miljard gemaakt. Volgens mij praatten we daar even langs elkaar heen. Ik heb het volgens mij vrij nauwkeurig gezegd. De opbrengst van het amendement is 397 miljoen. Het budgettair beslag van de BOR in zijn geheel is 567 miljoen in 2023 volgens de laatste informatie die wij hebben. De bedragen lijken op elkaar. Nou ja, eigenlijk helemaal niet, maar dat is even ter verduidelijking, voorzitter.
Dan was er ook nog de vraag van de heer Sneller, in het verlengde van de interrupties. Hij daagde uit. Hij zei: ""Wat nou met een terugsluis? Er ligt hier een voorstel met een opbrengst van 397. Hoe doe je dat?"" De opening van de collega van de VVD. Die vraag prikkelt. Wij hebben daar niet een antwoord op. Wij hebben wel voorstellen zien langskomen. Ik vind het ook niet passend om hier vrijuit te speculeren; dat vind ik zonde vanaf deze plek. Ik wil wel zeggen, met de link naar de Comptabiliteitswet: een van de redenen waarom de doelmatigheid voor ons ook belangrijk is, is de volgende. De doelen die je met elkaar hebt, kun je via een effectiever instrument bereiken. Je kunt namelijk de problemen van erfgenamen met bedrijfsopvolging veel gerichter en met een kleiner budgettair beslag opvangen. Dan blijven er heel veel middelen over om andere dingen van te doen. U snapt dat als ik hier met een andere pet op zou staan, ik heel veel voorstellen zou kunnen doen. Ik noem er een dat ook per amendement is geregeld, in dezelfde periode waarover we hier spreken, namelijk de verhoging van het minimumloon. Zo kan ik er nog heel veel meer noemen. Dat zijn dingen waar we ook aan denken.
Over de technische invulling van een terugsluis in hetzelfde beleidsdomein heb ik niet goed genoeg nagedacht om te zeggen: dit is een alternatief. Wel zijn we van mening dat een betalingsregeling ontzettend veel van de problemen zou oplossen, evenals uitbreiding van die termijnen.
Dan tot slot over het amendement. De politieke vraag had ik al gekregen van de heer Sneller. Wij hebben met veel interesse het amendement gelezen. Ik ga toch een advies meegeven, maar het is echt aan de Kamer zelf. Wij hebben het amendement goed bestudeerd vandaag, maar het was ook vrij kort dag. Ik zou de Kamer willen meegeven: denk even na over de informatie die je nog wilt hebben voordat je overgaat tot stemming. Misschien hangt het ook af van de appreciatie van de staatssecretaris. Als indiener ben ik bereid om dat helemaal te faciliteren, want ik denk dat het belangrijk is om een goed overwogen beslissing te nemen. Ik denk dat de heer Vermeer dat zei. Ik ga niet meedoen met speculaties over intenties, maar ik weet wel dat we hier met elkaar vaak spreken over hoe we goed omgaan met wetgeving. Wij hebben als initiatiefnemer gepoogd onze rol heel serieus te nemen in de beantwoording, de voorbereiding en de uitvoeringstoetsen. Ik heb gezien dat collega's dat in de schriftelijke inbreng hebben gedaan, in de eerste termijn en ook vandaag in het debat. Ik denk dat het ook goed is om dat in het vervolg van het debat te doen, want snelheid is niet altijd goed. Dan maar liever even wat meer tijd nemen en alle argumenten wegen om vervolgens vrij als fracties een keuze te kunnen maken.
Dat wilde ik meegeven, voorzitter.";2023-2024;11-4-2024;tk;handelingen;12 Initiatiefwetsvoorstel-Maatoug tot wijziging van de Wet inkomstenbelasting 2001 en enige andere fiscale wetten;https://zoek.officielebekendmakingen.nl/h-tk-20232024-64-12.html;https://zoek.officielebekendmakingen.nl/h-tk-20232024-64-12.xml;nr. 64, item 12;maatoug;"Madam
Thank you, chairman. Thank you also for the second term of Parliament. I have to tell you: watching a debate from this side of the room is a completely different experience. You really have a much better picture. I thought: I would share that experience with my colleagues. Make use of the right of initiative; A number of colleagues have already referred to how important this is. Thanks for the compliments. As I said, the more his name appears in the Acts, the better: Kasper Köhler has done an excellent job. I would also like to thank Henk Nijboer and our excellent official support from Finance. Thanks for that.
I don't think there were many questions for me. I will briefly mention a few points. I think it is important to be very clear about this: I do not appreciate the motions, but I will give something to the House from my point of view. The substantive and technical appreciation will then come from the State Secretary.
Mr Vermeer said: of the 400 million, half a billion was simply made. I think we were talking past each other there. I think I said it quite accurately. The proceeds of the amendment are 397 million. The budgetary commitment of the BOR as a whole is 567 million in 2023 according to the latest information we have. The amounts look similar. Well, actually not at all, but that is just for clarification, Chairman.
Then there was also Mr Sneller's question, following on from the interruptions. He challenged. He said: ""What about a return? There is a proposal here with a return of 397. How do you do that?"" The opening of the colleague from the VVD. That question is stimulating. We don't have an answer to that. We have seen proposals come along. I also don't think it's appropriate to speculate freely here; I think that's a shame from this place. I would like to say, with the link to the Accounts Act: one of the reasons why efficiency is also important to us is the following. You can achieve the goals you have together using a more effective instrument. You can deal with the problems of heirs with business succession in a much more targeted manner and with a smaller budget. That leaves a lot of resources to do other things. You understand that if I were to wear a different hat, I could make many proposals. I will mention one that was also arranged by amendment, in the same period we are talking about here, namely the increase in the minimum wage. I could name many more. Those are things we also think about.
I have not thought carefully enough about the technical implementation of a return in the same policy area to say: this is an alternative. However, we believe that a payment arrangement would solve many of the problems, as would an extension of those terms.
Finally, about the amendment. I had already received the political question from Mr Sneller. We have read the amendment with great interest. I'm going to give some advice, but it's really up to the House itself. We have studied the amendment carefully today, but it was also quite short notice. I would like to tell the House: think for a moment about the information you would like to have before you vote. Perhaps it also depends on the appreciation of the State Secretary. As a petitioner, I am prepared to fully facilitate that, because I think it is important to make a well-considered decision. I think Mr Vermeer said that. I am not going to participate in speculation about intentions, but I do know that we often discuss here how we properly deal with legislation. As initiator, we have tried to take our role very seriously in responding, preparing and implementing tests. I have seen that colleagues have done this in written input, in the first term and also in the debate today. I think it is also good to do that in the remainder of the debate, because speed is not always good. Then it is better to take a little more time and weigh all the arguments so that we can then make a choice freely as a faction.
That's what I wanted to say, Chairman.";0
h-tk-20232024-85-36;De heer Van der Lee;GroenLinks-PvdA;"De
Hartelijk dank voor uw inbreng. Daarmee zijn we aan het einde gekomen van de tweede termijn van de zijde van de Kamer. De staatssecretaris kan gelijk doorgaan, niet in de laatste plaats omdat hij de teksten van de moties al kende. We gaan dus niet wachten totdat ze zijn uitgedeeld. Het zijn er maar drie. Ik geef de staatssecretaris het woord.";2023-2024;18-6-2024;tk;handelingen;36 Wet herziening regels niet tijdig beslissen in vreemdelingenzaken;https://zoek.officielebekendmakingen.nl/h-tk-20232024-85-36.html;https://zoek.officielebekendmakingen.nl/h-tk-20232024-85-36.xml;nr. 85, item 36;van der lee van der;"The
Thank you very much for your input. This brings us to the end of the House's second term. The State Secretary can continue immediately, not least because he already knew the texts of the motions. So we are not going to wait until they have been distributed. There are only three. I give the floor to the State Secretary.";0
h-tk-20232024-85-36;Mevrouw Piri;GroenLinks-PvdA;"Mevrouw
Oké, dit wordt een hele rare interruptie op deze manier, want volgens mij is er maar één partij in deze Kamer … Nou, misschien zijn het er twee, maar in ieder geval zit er in de toekomstige coalitie maar eentje die ooit heeft gepleit voor een asielstop. Ik ga er even van uit dat het de PVV was. Bent ú voor een asielstop? Laat ik het dan zo vragen.";2023-2024;18-6-2024;tk;handelingen;36 Wet herziening regels niet tijdig beslissen in vreemdelingenzaken;https://zoek.officielebekendmakingen.nl/h-tk-20232024-85-36.html;https://zoek.officielebekendmakingen.nl/h-tk-20232024-85-36.xml;nr. 85, item 36;piri;"Madam
Okay, this is going to be a very strange interruption like this, because I think there is only one party in this Chamber... Well, maybe there are two, but in any case there is only one in the future coalition that has ever advocated an asylum freeze. I'm just going to assume it was the PVV. Are you in favor of an asylum stop? Then let me ask it this way.";0
h-tk-20232024-31-9;De heer Ceder;CU;"De heer
… dan ik. Want dat is niet eerlijk en niet terecht.";2023-2024;18-1-2024;tk;handelingen;9 Raad Buitenlandse Zaken d.d. 22 januari 2024;https://zoek.officielebekendmakingen.nl/h-tk-20232024-31-9.html;https://zoek.officielebekendmakingen.nl/h-tk-20232024-31-9.xml;nr. 31, item 9;ceder;"Mr
…than me. Because that is not fair and not right.";0
h-tk-20232024-87-11;De heer Van Campen;VVD;"De heer
Met alle respect voor alle interbestuurlijke verhoudingen en ieder zijn verantwoordelijkheid zou ik de minister willen vragen of zij misschien toch nog iets scherper een oordeel zou kunnen vormen over de wijze waarop provincies ten opzichte van PAS-melders de afgelopen jaren hun verantwoordelijkheid hebben genomen als bevoegd gezag.";2023-2024;20-6-2024;tk;handelingen;11 Debat over versoepeling van de bestaande stikstofregels voor Schiphol;https://zoek.officielebekendmakingen.nl/h-tk-20232024-87-11.html;https://zoek.officielebekendmakingen.nl/h-tk-20232024-87-11.xml;nr. 87, item 11;van campen van;"Mr
With all due respect for all inter-administrative relationships and everyone's responsibility, I would like to ask the minister whether she could perhaps make a more sharp assessment of the way in which provinces have taken their responsibility as a competent authority with regard to PAS reporters in recent years.";1
h-tk-20232024-5-9;Mevrouw Piri;PvdA;Ik doe toch nog één poging voor de heer Bisschop. Ik hoop dat hij dat kan waarderen. Het kabinet heeft natuurlijk maandenlang discussies gevoerd over wat er gedaan kan worden aan die richtgetallen, aan maxima, aan instroom. Er liggen volgens mij ontzettend veel documenten. U kunt nog even kijken aan de hand van deze motie waar de interesse van de heer Bisschop naar uitgaat en wat nog niet met de Kamer is gedeeld. Ik hoor van de coalitiepartijen dat alles met de Kamer is gedeeld, maar dat betwijfel ik.;2023-2024;27-9-2023;tk;handelingen;9 Wet gemeentelijke taak mogelijk maken asielopvangvoorzieningen;https://zoek.officielebekendmakingen.nl/h-tk-20232024-5-9.html;https://zoek.officielebekendmakingen.nl/h-tk-20232024-5-9.xml;nr. 5, item 9;piri;I will make one more attempt for Mr Bisschop. I hope he appreciates that. The government has of course had discussions for months about what can be done about those guide numbers, maximums, and inflow. I think there are an awful lot of documents. You can take a look at this motion to see what Mr Bisschop is interested in and what has not yet been shared with the House. I hear from the coalition parties that everything has been shared with the House, but I doubt that.;0
h-tk-20232024-87-6;De heer Van Campen;VVD;"De heer
Dat zal ongetwijfeld hebben geleid tot een discussie op het departement, maar het kabinet heeft zich op dat moment te verhouden tot de PAS-uitspraak van 2019 van de Raad van State. In mijn interruptiedebat met mevrouw Bromet verwees ik naar het exacte nummer van die uitspraak. Het heeft tot februari 2024 geduurd voordat de Raad van State de spelregels veranderde in een andere zaak over extern salderen. Dat was nota bene een zaak tussen agrarische partijen; mind you. Dat zeg ik even gezien de discussie over het al dan niet bevoordelen van agrarische partijen dan wel luchthavens ten opzichte van elkaar. Daarover heeft het kabinet ook heel duidelijk aangegeven: dat is een andere situatie; dat is een recente uitspraak van de Raad van State en we zullen moeten zien hoe de vergunning in beroep zal worden gewogen langs die lijn. Ik heb zojuist uitgesproken dat ook de VVD zich met die nieuwe spelregels echt wel zorgen maakt over de rechtmatigheid van de vergunning. Dat zullen we moeten zien.";2023-2024;20-6-2024;tk;handelingen;6 Versoepeling van de bestaande stikstofregels voor Schiphol;https://zoek.officielebekendmakingen.nl/h-tk-20232024-87-6.html;https://zoek.officielebekendmakingen.nl/h-tk-20232024-87-6.xml;nr. 87, item 6;van campen van;"Mr
This will undoubtedly have led to a discussion in the department, but at that time the cabinet must relate to the 2019 PAS ruling of the Council of State. In my interruption debate with Mrs Bromet I referred to the exact number of that statement. It took until February 2024 before the Council of State changed the rules in another case about external netting. That was a matter between agricultural parties; mind you. I say this in view of the discussion about whether or not to favor agricultural parties or airports over each other. The government has also stated very clearly about this: that is a different situation; that is a recent ruling by the Council of State and we will have to see how the permit will be weighed on appeal along that line. I have just stated that the VVD is also really concerned about the legality of the permit with these new rules. We'll have to see about that.";0
h-tk-20232024-61-6;De heer Bosma;PVV;"De
U mag uw alinea even afmaken, want volgens mij bent u halverwege een redenering.";2023-2024;4-4-2024;tk;handelingen;6 Rapport van de Onderzoeksraad voor Veiligheid over industrie en omwonenden;https://zoek.officielebekendmakingen.nl/h-tk-20232024-61-6.html;https://zoek.officielebekendmakingen.nl/h-tk-20232024-61-6.xml;nr. 61, item 6;bosma;"The
You can finish your paragraph, because I think you are halfway through an argument.";0
h-tk-20232024-65-17;Mevrouw Keijzer;BBB;"Mevrouw
Nou, niet alleen daar, hoor, voorzitter, maar volgens mij in heel Nederland zo niet in heel Europa. Maar even serieus. Deze motie was ontraden. Omdat de World Health Assembly al eind mei is, wil ik echt binnen drie weken een brief van het kabinet waarin het uiteraard vertelt hoe het deze motie gaat uitvoeren. Mocht dat onverhoopt anders zijn, dan moet ik de ruimte hebben om op tijd nog wat te organiseren. Daarom wil ik het echt binnen drie weken.";2023-2024;16-4-2024;tk;handelingen;17 Stemmingen moties Effecten en gevolgen van het pandemieverdrag;https://zoek.officielebekendmakingen.nl/h-tk-20232024-65-17.html;https://zoek.officielebekendmakingen.nl/h-tk-20232024-65-17.xml;nr. 65, item 17;keijzer;"Madam
Well, not just there, Mr President, but I think throughout the Netherlands, if not throughout Europe. But seriously. This motion was advised against. Because the World Health Assembly is already at the end of May, I really want a letter from the cabinet within three weeks in which it will of course explain how it will implement this motion. If this is unexpectedly different, I must have the space to organize something in time. That's why I really want it within three weeks.";0
h-tk-20232024-50-4;De heer Bosma;PVV;"De
Dan geef ik graag het woord aan de heer Van Kent van de fractie van de SP, die een vraag heeft aan dezelfde bewindspersoon.";2023-2024;12-3-2024;tk;handelingen;4 Vragenuur;https://zoek.officielebekendmakingen.nl/h-tk-20232024-50-4.html;https://zoek.officielebekendmakingen.nl/h-tk-20232024-50-4.xml;nr. 50, item 4;bosma;"The
I would then like to give the floor to Mr Van Kent from the SP faction, who has a question for the same minister.";0
h-tk-20232024-94-7;De heer Van der Lee;GroenLinks-PvdA;Dank voor uw inbreng. Daarmee zijn wij aan het einde van de tweede termijn van de zijde van de Kamer gekomen. We gaan even schorsen en dan komt de tweede termijn van de staatssecretaris, inclusief een appreciatie op de drie ingediende moties, het amendement op stuk nr. 10 en nog een opmerking bij het oordeel dat al was gegeven op het amendement op stuk nr. 8.;2023-2024;4-9-2024;tk;handelingen;7 Verplichtstelling van een verklaring omtrent het gedrag in het aanvullend onderwijs;https://zoek.officielebekendmakingen.nl/h-tk-20232024-94-7.html;https://zoek.officielebekendmakingen.nl/h-tk-20232024-94-7.xml;nr. 94, item 7;van der lee van der;Thanks for your input. This brings us to the end of the House's second term. We will adjourn for a while and then the State Secretary's second term will follow, including an appreciation of the three motions submitted, the amendment to document no. 10 and another comment on the judgment that had already been given on the amendment to document no. 8.;0
h-tk-20232024-91-7;De heer Bosma;PVV;"De
Afrondend.";2023-2024;3-7-2024;tk;handelingen;7 Debat over de regeringsverklaring;https://zoek.officielebekendmakingen.nl/h-tk-20232024-91-7.html;https://zoek.officielebekendmakingen.nl/h-tk-20232024-91-7.xml;nr. 91, item 7;bosma;"The
Wrapping up.";0
h-tk-20232024-3-7;De heer Klaver;GroenLinks;"Voorzitter. Het is een omvangrijk pakket. Je ziet niet vaak dat het echt zo uit de Kamer komt, en dat het niet meer gaat over coalitie of oppositie, maar dat het echt gaat over de opvattingen van politieke partijen. Ik heb er echt van genoten hoe er hier in de Kamer met elkaar werd gesproken; misschien was het soms voor de voorzitter wat onrustig. Volgens mij was het heel inzichtelijk dat er hier veel strijd werd geleverd, vanachter de interruptiemicrofoon en vanaf het spreekgestoelte. Er was ook te zien dat al die partijen probeerden tot elkaar te komen. Dit is politiek op z'n best. Ik kijk ernaar uit om dat nog veel vaker te doen hier in het parlement.
Voorzitter. Er zijn nog twee andere zaken waar ik aandacht aan wil besteden. De eerste betreft de fossiele subsidies.";2023-2024;21-9-2023;tk;handelingen;7 Algemene Politieke Beschouwingen;https://zoek.officielebekendmakingen.nl/h-tk-20232024-3-7.html;https://zoek.officielebekendmakingen.nl/h-tk-20232024-3-7.xml;nr. 3, item 7;klaver;"Chair. It is a comprehensive package. You don't often see that it really comes out of the House like this, and that it is no longer about coalition or opposition, but that it is really about the views of political parties. I really enjoyed how people talked to each other here in the Chamber; perhaps it was a bit restless for the chairman at times. I think it was very clear that there was a lot of struggle here, from behind the interruption microphone and from the podium. It could also be seen that all those parties were trying to come together. This is politics at its best. I look forward to doing that many more times here in Parliament.
Chair. There are two other things I would like to draw attention to. The first concerns fossil subsidies.";0
h-tk-20232024-73-12;Mevrouw Dobbe;SP;"Mevrouw
Er zijn 15.000 kinderen dood. Dat is mijn antwoord daarop. Dat kan toch niet rechtvaardig zijn? Dat kan toch niet zijn gebeurd op het moment dat je dat zorgvuldig doet? Kinderen.";2023-2024;16-5-2024;tk;handelingen;12 De situatie in Gaza;https://zoek.officielebekendmakingen.nl/h-tk-20232024-73-12.html;https://zoek.officielebekendmakingen.nl/h-tk-20232024-73-12.xml;nr. 73, item 12;dobbe;"Madam
15,000 children are dead. That's my answer to that. That can't be fair, can it? Surely that couldn't have happened when you did it carefully? Children.";0
h-tk-20232024-57-12;De heer Bosma;PVV;"De
Perfect.";2023-2024;27-3-2024;tk;handelingen;12 Voortgang proces BFTK 2024-2028;https://zoek.officielebekendmakingen.nl/h-tk-20232024-57-12.html;https://zoek.officielebekendmakingen.nl/h-tk-20232024-57-12.xml;nr. 57, item 12;bosma;"The
Perfect.";0
h-tk-20232024-34-3;De heer Van Kent;SP;"De heer
Ja, dat begrijp ik ook. Toch zou ik de staatssecretaris willen vragen om binnen die ruimte op korte termijn te onderzoeken waar nu al stappen kunnen worden gezet om in ieder geval te voorkomen dat er nieuwe vergunningen worden verstrekt en om te kijken of er op basis van creatief omgaan met de regels kan worden ingegrepen als er aantoonbaar gif wordt geloosd.";2023-2024;25-1-2024;tk;handelingen;3 Begroting Infrastructuur en Waterstaat 2024;https://zoek.officielebekendmakingen.nl/h-tk-20232024-34-3.html;https://zoek.officielebekendmakingen.nl/h-tk-20232024-34-3.xml;nr. 34, item 3;van kent van;"Mr
Yes, I understand that too. However, I would like to ask the State Secretary to investigate within that space in the short term where steps can already be taken to at least prevent new permits from being issued and to see whether action can be taken based on a creative approach to the rules if poison is demonstrably discharged.";0
h-tk-20232024-41-20;Mevrouw Teunissen;PvdD;"Mevrouw
Nee, voorzitter. Nou, dan wel voor de zekerheid een dertigledendebat.";2023-2024;13-2-2024;tk;handelingen;20 Regeling van werkzaamheden;https://zoek.officielebekendmakingen.nl/h-tk-20232024-41-20.html;https://zoek.officielebekendmakingen.nl/h-tk-20232024-41-20.xml;nr. 41, item 20;teunissen;"Madam
No, Chairman. Well, just to be sure, a thirty-member debate.";0
h-tk-20232024-27-2;De heer Van der Lee;GroenLinks-PvdA;"De
Dank, meneer Krul, voor uw bijdrage. Mevrouw Tielen gaat het woord voeren namens de Volkspartij voor Vrijheid en Democratie.";2023-2024;20-12-2023;tk;handelingen;2 Wijziging van de Opiumwet;https://zoek.officielebekendmakingen.nl/h-tk-20232024-27-2.html;https://zoek.officielebekendmakingen.nl/h-tk-20232024-27-2.xml;nr. 27, item 2;van der lee van der;"The
Thank you, Mr. Krul, for your contribution. Ms Tielen will speak on behalf of the People's Party for Freedom and Democracy.";0
