result;energy_by_token;index;is_timeout;file_id;speaker_name;speaker_party;speech_text;jaar;date;kamer;category;title;url;meta_url;vergadernummer;standardized_name;speech_text_en;final_label;found_fallacy;count;average_confidence;highest_confidence;lowest_confidence;mention_names;mention_types;mention_quotes;mention_categories;fallacy_quote;fallacy_explanation;fallacy_local_topic;fallacy_target;fallacy_explicitness;fallacy_confidence;speech_relation_type;speech_relation_justification;speech_relation_confidence;partial_output
{'status': 'error', 'raw_result': {'parsing_error': 'Unable to parse JSON from text.', 'is_error': True}};0;0;0;h-tk-20142015-30-6;Mevrouw Schouten;CU;Uit de brief van de staatssecretaris begreep ik dat het een verschil moest zijn tussen de 20 en de 38 dollar en dat daar de overbrugging zat. Ik vraag de staatssecretaris of zij zelf mogelijkheden ziet voor de begroting voor 2016.;2014-2015;27-11-2014;tk;handelingen;6 Begroting Sociale Zaken en Werkgelegenheid;https://zoek.officielebekendmakingen.nl/h-tk-20142015-30-6.html;https://zoek.officielebekendmakingen.nl/h-tk-20142015-30-6.xml;nr. 30, item 6;schouten;From the letter from the State Secretary I understood that it had to be a difference between 20 and 38 dollars and that that was the bridge. I ask the State Secretary whether she sees possibilities for the 2016 budget.;0;0;0;0.0;0.0;0.0;;;;;;;;;;;;;0.0;
{'status': 'error', 'raw_result': {'parsing_error': 'Unable to parse JSON from text.', 'is_error': True}};0;1;0;h-tk-20142015-50-8;Staatssecretaris Van Rijn;PvdA;"In de motie-Pia Dijkstra op stuk nr. 118 worden wij gevraagd om samen met belangenbehartigers van pgb-houders in overleg te treden met als doel om maatwerk in de systemen mogelijk te maken. Die beschouw ik, gelet op het debat dat ik gevoerd heb, als ondersteuning van beleid. Ik laat het oordeel daarover aan de Kamer.
In de motie-Ellemeet/Pia Dijkstra op stuk nr. 119 worden wij verzocht de komende drie maanden ingediende declaraties uit te keren zonder deze te toetsen aan de zorgovereenkomst. Ik geef weer even een interpretatie. Ik neem aan dat het verzoek is om de komende drie maanden declaraties die adequaat zijn ingediend gewoon uit te keren indien er geen sprake is van een zorgovereenkomst. Ik neem aan dat mevrouw Ellemeet niet zegt ""ga ze nou maar betalen"", terwijl er wel een zorgovereenkomst is. Als die er is, kun je gewoon op basis daarvan betalen, maar als die er niet is, moet er ook gewoon betaald worden. Als ik de motie zo, in gewijzigde vorm, mag interpreteren, dan wil ik het oordeel erover aan de Kamer laten.";2014-2015;4-2-2015;tk;handelingen;8 Noodscenario's voor pgb-houders;https://zoek.officielebekendmakingen.nl/h-tk-20142015-50-8.html;https://zoek.officielebekendmakingen.nl/h-tk-20142015-50-8.xml;nr. 50, item 8;van van rijn;"In the Pia Dijkstra motion on document no. 118, we are asked to enter into consultation with representatives of personal budget holders with the aim of making customization possible in the systems. In view of the debate I have had, I regard this as support for policy. I leave the decision on this to the House.
In the Ellemeet/Pia Dijkstra motion on document no. 119, we are requested to pay out claims submitted over the next three months without testing them against the care agreement. Let me give you another interpretation. I assume that the request is to simply pay out claims that have been adequately submitted for the next three months if there is no care agreement. I assume that Mrs. Ellemeet does not say ""just pay them"", even though there is a care agreement. If there is, you can simply pay based on that, but if there is not, payment must also be made. If I may interpret the motion this way, in amended form, then I would like to leave the decision to the House.";0;0;0;0.0;0.0;0.0;;;;;;;;;;;;;0.0;
{'status': 'error', 'raw_result': {'parsing_error': 'Unable to parse JSON from text.', 'is_error': True}};0;2;0;h-tk-20142015-12-4;Mevrouw Schouten;CU;Ik heb nog een vraag over het puntje waarom het bij wet en het niet in de cao wordt geregeld. Ik had gevraagd om een wat diepere beschouwing op de motivatie daarachter. We hebben vooral veel getallen gekregen over de manier waarop het in de cao is geregeld. Het lid Van Hijum heeft ooit, toen er in 2008 een voorstel lag om de schooltijdbanen wettelijk te regelen, gezegd: dat is een sympathiek idee, maar de CDA-fractie ziet niet waarom hier een wetswijziging voor nodig is en mijn fractie wil dat dit soort zaken in de cao wordt geregeld. Wat is de wijziging van inzicht tussen de indiener Van Hijum nu en het lid Van Hijum dat destijds deze uitspraak deed?;2014-2015;9-10-2014;tk;handelingen;4 Bevorderen flexibel werken;https://zoek.officielebekendmakingen.nl/h-tk-20142015-12-4.html;https://zoek.officielebekendmakingen.nl/h-tk-20142015-12-4.xml;nr. 12, item 4;schouten;I still have a question about why it is regulated by law and not in the collective labor agreement. I had asked for a more in-depth look at the motivation behind this. We have mainly received a lot of figures about the way in which it is arranged in the collective labor agreement. Member Van Hijum once said, when there was a proposal in 2008 to legally regulate school-time jobs: that is a nice idea, but the CDA faction does not see why a change in the law is necessary for this and my group wants these kinds of matters to be regulated in the collective labor agreement. What is the change of opinion between the petitioner Van Hijum now and the member Van Hijum who made this statement at the time?;0;0;0;0.0;0.0;0.0;;;;;;;;;;;;;0.0;
{'status': 'error', 'raw_result': {'parsing_error': 'Unable to parse JSON from text.', 'is_error': True}};0;3;0;h-tk-20142015-23-6;Staatssecretaris Dijksma;PvdA;Nu wordt het lastig om te begrijpen wat de Kamer wil. Eerst vraagt de Kamer, ook de heer Schouw: waarom kiest u nu niet alvast, want dan kunnen we het gewoon regelen. Ik zeg dat wij moeten bekijken wat een verstandig voorstel is en dat ik dat dan hier neerleg. Vervolgens kan de Kamer ook zeggen dat ze het geen verstandig voorstel vindt en dat ze liever iets anders wil. Dan volg ik de Kamer uiteraard. Als ik met meerdere opties zou komen — dat kan — zou dat impliceren dat het voorstel pas helder wordt, als de Kamer heeft gestemd. Dat is sowieso zo, maar in dit geval is dat dan geen kabinetsvoorstel. Dan zou ik moeten zeggen: 50 kan, 80 kan. Mijnheer Schouw, in hoeverre zijn wij op dat moment verder dan nu?;2014-2015;12-11-2014;tk;handelingen;6 Verantwoorde groei melkveehouderij;https://zoek.officielebekendmakingen.nl/h-tk-20142015-23-6.html;https://zoek.officielebekendmakingen.nl/h-tk-20142015-23-6.xml;nr. 23, item 6;dijksma;Now it is becoming difficult to understand what the House wants. First the House, including Mr Schouw, asks: why don't you choose now, because then we can simply arrange it. I say that we should consider what a sensible proposal is and then I will put it here. The House can then also say that it does not think it is a sensible proposal and that it would prefer something else. Then of course I will follow the House. If I were to come up with multiple options - which is possible - it would imply that the proposal only becomes clear once the House has voted. That is certainly the case, but in this case it is not a government proposal. Then I would have to say: 50 can, 80 can. Mr Schouw, to what extent have we progressed at that point compared to now?;0;0;0;0.0;0.0;0.0;;;;;;;;;;;;;0.0;
{'status': 'error', 'raw_result': {'parsing_error': 'Unable to parse JSON from text.', 'is_error': True}};0;4;0;h-tk-20142015-72-29;De heer Van Oosten;VVD;"Ik ga toch nog even terug naar de oorsprong van dit wetsvoorstel: de samenleving zou die kosten niet moeten dragen. Dat beginsel deelt mevrouw Kooiman. Het blijkt, zoals ik net voorlas uit de memorie van toelichting — ik neem aan dat dat de juiste cijfers zijn — dat meer dan 80% van de gedetineerden na de gevangenisstraf op enig moment over een baan beschikt. Laten we die veronderstelling even volgen; het mag wat mij betreft ook een lager percentage zijn. Als je inkomen hebt, dan mag je daarvan toch iets betalen? Wat is daar mis mee?";2014-2015;7-4-2015;tk;handelingen;29 Eigen bijdragen veroordeelden;https://zoek.officielebekendmakingen.nl/h-tk-20142015-72-29.html;https://zoek.officielebekendmakingen.nl/h-tk-20142015-72-29.xml;nr. 72, item 29;van van oosten;"I will go back to the origins of this bill: society should not have to bear those costs. Mrs Kooiman shares that principle. It turns out, as I just read from the explanatory memorandum — I assume those are the correct figures — that more than 80% of prisoners have a job at some point after their prison sentence. Let's follow that assumption for a moment; In my opinion it could also be a lower percentage. If you have income, you can pay some of it, right? What's wrong with that?";0;0;0;0.0;0.0;0.0;;;;;;;;;;;;;0.0;
{'status': 'error', 'raw_result': {'parsing_error': 'Unable to parse JSON from text.', 'is_error': True}};0;5;0;h-tk-20142015-22-26;Minister Hennis-Plasschaert;VVD;Natuurlijk zijn er meer mensen die leiding hadden kunnen geven aan de taskforce. Wij hebben voor deze persoon gekozen omdat wij wisten dat de betrokken commodore direct beschikbaar was en omdat wij op dat moment ook echt iemand nodig hadden die mee wilde denken, creatief wilde zijn en die de trigger wilde zijn om het team nog breder te laten nadenken over de vraag waar ze in de organisatie kon zoeken. De betrokken commodore was daarvoor de aangewezen persoon. Nogmaals, ik vraag me inmiddels af of de betrokken commodore zijn werk nog wil voortzetten. Los daarvan beschuldig ik de Kamer helemaal niet van het feit dat zij de integriteit van de commodore ter discussie stelt. Dat woord heb ik ook niet in de mond genomen. Er zaten wel enkele leden hoog in de boom naar aanleiding van een televisie-uitzending. Dat heb ik pijnlijk gevonden, omdat het onderzoek juist zo zorgvuldig werd opgezet. Er werd duidelijk gemaakt hoe wij het onderzoek opzetten, wat het historisch onderzoek betekent, namelijk dat alle documenten op tafel komen, en wat het RIVM doet enzovoort. Daarover heb ik de Kamer herhaaldelijk geïnformeerd. Ik vond het opvallend en vervelend dat de Kamer zo reageerde. Dat kan ik niet ontkennen. Ik verwijt de Kamer echter niet dat zij de integriteit van betrokkene in twijfel trekt. Dat is niet zo.;2014-2015;11-11-2014;tk;handelingen;26 Onderzoek giftige stoffen bij Defensie;https://zoek.officielebekendmakingen.nl/h-tk-20142015-22-26.html;https://zoek.officielebekendmakingen.nl/h-tk-20142015-22-26.xml;nr. 22, item 26;hennis-plasschaert;Of course, there are more people who could have led the task force. We chose this person because we knew that the commodore involved was immediately available and because at that moment we really needed someone who wanted to think along, be creative and who wanted to be the trigger to get the team to think even more broadly about where they could look in the organization. The commodore involved was the appropriate person for this. Once again, I now wonder whether the commodore involved still wants to continue his work. Apart from that, I do not accuse the House at all of questioning the integrity of the commodore. I didn't say that word either. There were some members high up in the tree following a television broadcast. I found that painful, because the research was designed so carefully. It was made clear how we set up the research, what the historical research means, namely that all documents are presented, and what the RIVM does, etc. I have repeatedly informed the House about this. I found it striking and annoying that the House reacted this way. I can't deny that. However, I do not blame the House for questioning the integrity of the person concerned. That's not true.;0;0;0;0.0;0.0;0.0;;;;;;;;;;;;;0.0;
{'status': 'error', 'raw_result': {'parsing_error': 'Unable to parse JSON from text.', 'is_error': True}};0;6;0;h-tk-20142015-37-19;De heer Omtzigt;CDA;Nee, als niet tot besteding is gekomen, is er niet mee gesmeten. Maar er is wel gezegd: we gaan het uitgeven. Kennelijk waren er op dat moment onvoldoende plannen beschikbaar om te bedenken hoe we het gaan uitgeven.;2014-2015;16-12-2014;tk;handelingen;19 Najaarsnota 2014;https://zoek.officielebekendmakingen.nl/h-tk-20142015-37-19.html;https://zoek.officielebekendmakingen.nl/h-tk-20142015-37-19.xml;nr. 37, item 19;omtzigt;No, if it has not been spent, it has not been thrown away. But it has been said: we are going to spend it. Apparently there were insufficient plans available at that time to figure out how we were going to spend it.;0;0;0;0.0;0.0;0.0;;;;;;;;;;;;;0.0;
{'status': 'error', 'raw_result': {'parsing_error': 'Unable to parse JSON from text.', 'is_error': True}};0;7;0;h-tk-20142015-89-10;De heer Schouw;D66;"Ik stel vast dat de VVD-fractie iets anders vindt dan een heel grote meerderheid in de Kamer. Dat dit wordt gekwalificeerd als ""onderbuik"" vind ik jammer. Ik had dat liever anders gehad. Misschien zit er muziek in voor de toekomst.
Mijn fractie is het geheel en al eens met de doelen die het kabinet op dit front heeft: transitie en vergroening. Staatssecretaris Mansveld had het ook over de circulaire economie. Dat vind ik hartstikke goed. Mijn fractie is overtuigd van de activistische houding ten aanzien van dit dossier, zoals staatssecretaris Dijksma die noemde. Heel goed. Chapeau. Volle complimenten. Ik snap heel goed dat vanwege procedurele en juridische kwesties het doel niet in één klap te bereiken is. De winst van vanmiddag is dat de richting volgens mij glashelder is, te beginnen bij de inzet op een herbeoordeling van het verbod op neonics en glyfosaat. Daar gaan wij niet over, instanties wel, maar de inzet van het kabinet is helder, waarvoor dank.
Ik zie dadelijk nog even toe op het antwoord van staatssecretaris Mansveld over de zuiveringsinstallatie. Dat vind ik belangrijk. We moeten nog even naar de laatste inbreng luisteren, maar volgens mij is het unieke aan dit debat dat de partijen tot nu toe als uiting van commitment hebben gezegd: laten we het kabinet niet verder opjagen, want we zijn het met elkaar eens, dus moties zijn overbodig.";2014-2015;28-5-2015;tk;handelingen;10 Roundup en bijengif;https://zoek.officielebekendmakingen.nl/h-tk-20142015-89-10.html;https://zoek.officielebekendmakingen.nl/h-tk-20142015-89-10.xml;nr. 89, item 10;schouw;"I note that the VVD faction believes in something other than a very large majority in the House. I think it's a shame that this is qualified as ""underbelly"". I would have preferred it differently. Maybe there is music in it for the future.
My group fully agrees with the government's goals on this front: transition and greening. State Secretary Mansveld also talked about the circular economy. I think that's really good. My group is convinced of the activist attitude towards this file, as State Secretary Dijksma called it. Very good. Cheers. Full compliments. I understand very well that due to procedural and legal issues the goal cannot be achieved in one fell swoop. The benefit of this afternoon is that I think the direction is crystal clear, starting with the commitment to a reassessment of the ban on neonics and glyphosate. We are not about that, institutions are, but the government's commitment is clear, for which we thank you.
I will shortly look at State Secretary Mansveld's answer about the purification plant. I think that's important. We still have to listen to the latest input, but I think what is unique about this debate is that the parties have so far said as an expression of commitment: let us not push the cabinet further, because we agree with each other, so motions are unnecessary.";0;0;0;0.0;0.0;0.0;;;;;;;;;;;;;0.0;
{'status': 'error', 'raw_result': {'parsing_error': 'Unable to parse JSON from text.', 'is_error': True}};0;8;0;h-tk-20142015-56-8;De heer Van Haersma Buma;CDA;"Dat was weer een interessant debat, want de minister kan altijd zeggen dat hij het als minister van Financiën zei en niet als voorzitter van de eurogroep. Dit trojka-verhaal is dus op te lossen.
Ik heb de volgende vraag. De Griekse regering heeft een aantal voorstellen gedaan. De minister gaf dat helder weer. Hoe verhouden die zich tot de uitbetaling van 7 miljard?";2014-2015;25-2-2015;tk;handelingen;8 Europese top en steunmaatregelen aan Griekenland;https://zoek.officielebekendmakingen.nl/h-tk-20142015-56-8.html;https://zoek.officielebekendmakingen.nl/h-tk-20142015-56-8.xml;nr. 56, item 8;van van haersma buma;"That was another interesting debate, because the minister can always say that he said it as Minister of Finance and not as President of the Eurogroup. So this troika story can be solved.
I have the following question. The Greek government has made a number of proposals. The minister stated this clearly. How do they compare to the 7 billion payout?";0;0;0;0.0;0.0;0.0;;;;;;;;;;;;;0.0;
{'status': 'error', 'raw_result': {'parsing_error': 'Unable to parse JSON from text.', 'is_error': True}};0;9;0;h-tk-20142015-19-21;Mevrouw Schouten;CU;Ik had dezelfde vraag aan de heer Van Meenen, omdat ik ook verwees naar een motie die de heer Dijkgraaf en ik op dit punt hebben ingediend.;2014-2015;4-11-2014;tk;handelingen;21 Wet studievoorschot hoger onderwijs;https://zoek.officielebekendmakingen.nl/h-tk-20142015-19-21.html;https://zoek.officielebekendmakingen.nl/h-tk-20142015-19-21.xml;nr. 19, item 21;schouten;I had the same question for Mr Van Meenen, because I also referred to a motion that Mr Dijkgraaf and I submitted on this point.;0;0;0;0.0;0.0;0.0;;;;;;;;;;;;;0.0;
{'status': 'error', 'raw_result': {'parsing_error': 'Unable to parse JSON from text.', 'is_error': True}};0;10;0;h-tk-20142015-20-9;Minister Bussemaker;PvdA;"Dat ben ik toch niet met de heer Rog eens. Zijn conclusie deel ik niet. Ik denk dat er een heel heldere prikkel in het systeem zit, namelijk dat je weet dat je moet terugbetalen. Ook dat weten wij uit het onderzoek, met alle beperkingen van de gebruikte methodes. Daar staat in dat een hogere schuld juist leidt tot een bewustere studiekeuze en dus misschien ook juist tot sneller studeren. In plaats van te spreken van een langstudeerbonus zou ik zeggen dat het een prikkel is om tot een goede keuze te komen. Daaraan kan ook de consequentie vastzitten dat men de studie in tempo doorloopt.
Als een student tijdens zijn studie maximaal leent, weet hij dat hij die schuld moet terugbetalen. Dat is de prikkel. Bij de voorlichting zullen wij er alles aan doen om dat financiële bewustzijn goed tussen de oren te krijgen, om het maar zo te zeggen. De kosten worden voor studenten ook inzichtelijk gemaakt. Zij kunnen de kosten vanaf het voorjaar berekenen op de site van DUO. Dat is voor mij een belangrijk onderdeel; ik kom er later op terug. Ik heb ook eerder al maatregelen in die zin genomen. Vroeger kregen mensen bij DUO het maximale bedrag dat zij konden lenen. Dat hebben wij op nul gezet, zodat zij zelf moeten nadenken over wat zij willen lenen. Het is wel zo dat studenten bij financiële tegenslag in de toekomst gebruik kunnen maken van de draagkrachtregeling. Ik kan me eerlijk gezegd geen student voorstellen die aan een studie begint en dan denkt: ik ga proberen maximaal te lenen, om daarna in de rest van mijn leven zo min mogelijk te gaan verdienen. Dat vind ik echt een heel rare veronderstelling. Die is niet op logische feiten gebaseerd, denk ik, maar de prikkel dat je je studie moet terugbetalen juist wel.";2014-2015;5-11-2014;tk;handelingen;9 Wet studievoorschot hoger onderwijs;https://zoek.officielebekendmakingen.nl/h-tk-20142015-20-9.html;https://zoek.officielebekendmakingen.nl/h-tk-20142015-20-9.xml;nr. 20, item 9;bussemaker;"I do not agree with Mr Rog on that. I do not share his conclusion. I think there is a very clear incentive in the system, namely that you know you have to pay back. We also know this from the research, with all the limitations of the methods used. It states that a higher debt actually leads to a more conscious study choice and therefore perhaps also to studying faster. Instead of talking about a long-study bonus, I would say that it is an incentive to make a good choice. This may also have the consequence that one completes the study at a fast pace.
If a student borrows the maximum amount during his studies, he knows that he has to repay that debt. That's the incentive. When providing information, we will do everything we can to raise financial awareness, so to speak. The costs are also made clear to students. They can calculate the costs from the spring on the DUO site. That is an important part for me; I'll come back to it later. I have also taken measures in this regard before. In the past, people received the maximum amount they could borrow from DUO. We have set this to zero, so that they have to think for themselves about what they want to borrow. It is true that students can make use of the financial resources scheme in the event of financial setbacks in the future. To be honest, I can't imagine a student who starts a study and then thinks: I'm going to try to borrow as much as possible, and then earn as little as possible for the rest of my life. I think that is a really strange assumption. It is not based on logical facts, I think, but the incentive that you have to pay back your studies is.";0;0;0;0.0;0.0;0.0;;;;;;;;;;;;;0.0;
{'status': 'error', 'raw_result': {'parsing_error': 'Unable to parse JSON from text.', 'is_error': True}};0;11;0;h-tk-20142015-104-11;De heer Anne Mulder;VVD;Het antwoord op de vraag is: nee. Ik doe het ook met een zekere terughoudendheid. Ik houd me in, maar het maakt mij ... Volgens mij wil de heer Heerma eerst een ander punt maken voordat ik op de inhoud terugkom. Dat lijkt me beter.;2014-2015;2-7-2015;tk;handelingen;11 Ontslaan flexkrachten als gevolg van Wwz;https://zoek.officielebekendmakingen.nl/h-tk-20142015-104-11.html;https://zoek.officielebekendmakingen.nl/h-tk-20142015-104-11.xml;nr. 104, item 11;anne mulder;The answer to the question is: no. I also do it with a certain reluctance. I hold back, but it makes me ... I think Mr Heerma wants to make another point before I return to the content. That seems better to me.;0;0;0;0.0;0.0;0.0;;;;;;;;;;;;;0.0;
{'status': 'error', 'raw_result': {'parsing_error': 'Unable to parse JSON from text.', 'is_error': True}};0;12;0;h-tk-20142015-38-12;Mevrouw Agema;PVV;Voorzitter. Gaarne een hoofdelijke stemming over het volgende punt.;2014-2015;17-12-2014;tk;handelingen;12 Stemmingen moties Europese top;https://zoek.officielebekendmakingen.nl/h-tk-20142015-38-12.html;https://zoek.officielebekendmakingen.nl/h-tk-20142015-38-12.xml;nr. 38, item 12;agema;Chair. We would like a roll-call vote on the next point.;0;0;0;0.0;0.0;0.0;;;;;;;;;;;;;0.0;
{'status': 'error', 'raw_result': {'parsing_error': 'Unable to parse JSON from text.', 'is_error': True}};0;13;0;h-tk-20142015-3-6;De heer Van Ojik;GroenLinks;Ik moet voorzichtig zijn, want ik moet nu mede namens de constructieve vijf spreken. Voor ik het weet, zeg ik iets verkeerds. Stel dat ik de motie niet aanhoud en dat deze in stemming wordt gebracht en wordt aangenomen. Voor de begrotingsbehandeling ontvangen wij dan een brief van de verantwoordelijke bewindslieden, waarin zij aangeven hoe zij deze motie denken uit te voeren. Zou dat niet een goede manier zijn om dit op te lossen?;2014-2015;18-9-2014;tk;handelingen;6 Algemene politieke beschouwingen;https://zoek.officielebekendmakingen.nl/h-tk-20142015-3-6.html;https://zoek.officielebekendmakingen.nl/h-tk-20142015-3-6.xml;nr. 3, item 6;van van ojik;I must be careful, because I must now also speak on behalf of the constructive five. Before I know it, I say something wrong. Suppose I do not support the motion and it is put to the vote and passed. Before the budget discussion, we will receive a letter from the responsible ministers, in which they indicate how they intend to implement this motion. Wouldn't that be a good way to solve this?;0;0;0;0.0;0.0;0.0;;;;;;;;;;;;;0.0;
{'status': 'error', 'raw_result': {'parsing_error': 'Unable to parse JSON from text.', 'is_error': True}};0;14;0;h-tk-20142015-75-31;De heer Van Nispen;SP;Zo makkelijk werkt het natuurlijk niet. Wij staan er hier al de hele avond over te praten dat als er ergens geld moet worden gevonden — dat heeft collega Schouw nota bene ook herhaaldelijk aangeboden — we dat gaan zoeken in de plooien van het ministerie. Ik ben daar ook toe bereid, als de heer Van Oosten mij dat vraagt. Natuurlijk willen wij daarnaar kijken. Het gaat er hier om hoe wij de laagdrempelige voorziening die nu op het spel staat, overeind houden. Waar iedereen in deze Kamer, behalve de heer Van Oosten, zich toch wel grote zorgen maakt over wat er op dit moment staat te gebeuren, zegt de heer Van Oosten: ik vind dat wij er niet over gaan. De indieners van de motie denken daar duidelijk anders over, gelet op het dictum en het verzoek aan de regering om de laagdrempelige voorziening wel degelijk open te houden.;2014-2015;14-4-2015;tk;handelingen;31 Juridisch Loket;https://zoek.officielebekendmakingen.nl/h-tk-20142015-75-31.html;https://zoek.officielebekendmakingen.nl/h-tk-20142015-75-31.xml;nr. 75, item 31;van van nispen;Of course, it doesn't work that easily. We have been standing here all evening talking about the fact that if money has to be found somewhere - that is what colleague Schouw has repeatedly offered - we will look for it within the folds of the ministry. I am also prepared to do so if Mr Van Oosten asks me to. Of course we want to look into that. What matters here is how we maintain the accessible facility that is now at stake. While everyone in this Chamber, except Mr Van Oosten, is very concerned about what is currently happening, Mr Van Oosten says: I don't think we should discuss it. The authors of the motion clearly think differently about this, given the dictum and the request to the government to keep the accessible facility open.;0;0;0;0.0;0.0;0.0;;;;;;;;;;;;;0.0;
{'status': 'error', 'raw_result': {'parsing_error': 'Unable to parse JSON from text.', 'is_error': True}};0;15;0;h-tk-20142015-80-6;Mevrouw Gesthuizen;SP;Dank u wel.;2014-2015;23-4-2015;tk;handelingen;6 Regeling van werkzaamheden;https://zoek.officielebekendmakingen.nl/h-tk-20142015-80-6.html;https://zoek.officielebekendmakingen.nl/h-tk-20142015-80-6.xml;nr. 80, item 6;gesthuizen;Thank you.;0;0;0;0.0;0.0;0.0;;;;;;;;;;;;;0.0;
{'status': 'error', 'raw_result': {'parsing_error': 'Unable to parse JSON from text.', 'is_error': True}};0;16;0;h-tk-20142015-8-3;De heer Van Raak;SP;Heel concreet. De rechter op Sint-Maarten heeft in het kader van een onderzoek naar het kopen van stemmen gezegd dat dit niet ontvankelijk kan worden verklaard omdat alleen de kleine visjes worden gepakt, terwijl de grote buiten schot blijven. De rechter wees op de UP en de leider Theo Heyliger. Daarvoor ligt volgens mij een onderzoek klaar. Is de heer Oskam het met mij eens dat Nederland en de minister in Koninkrijksverband ervoor moeten zorgen dat dit onderzoek zo snel mogelijk wordt opgepakt en dat Nederland moet zorgen voor voldoende mensen en middelen om dat onderzoek samen met het OM in Sint-Maarten te doen?;2014-2015;1-10-2014;tk;handelingen;3 Begroting Koninkrijksrelaties;https://zoek.officielebekendmakingen.nl/h-tk-20142015-8-3.html;https://zoek.officielebekendmakingen.nl/h-tk-20142015-8-3.xml;nr. 8, item 3;van van raak;Very specific. In the context of an investigation into vote buying, the judge on Sint Maarten has said that this cannot be declared admissible because only the small fish are caught, while the large ones remain out of harm's way. The judge pointed to the UP and its leader Theo Heyliger. I think there is a study ready for that. Does Mr Oskam agree with me that the Netherlands and the minister in the Kingdom must ensure that this investigation is initiated as quickly as possible and that the Netherlands must ensure sufficient people and resources to conduct that investigation together with the Public Prosecution Service in Sint Maarten?;0;0;0;0.0;0.0;0.0;;;;;;;;;;;;;0.0;
"{'mentions': [{'name': 'Van Gijzel', 'type': 'person', 'quote': 'de regiegroep onder leiding van de heer Van Gijzel', 'mention_category': 'neutral'}, {'name': 'Dijkhoff', 'type': 'person', 'quote': 'de heren Dijkhoff en Van Nispen vroegen daarover nog hoe het nu functioneert', 'mention_category': 'neutral'}, {'name': 'Van Nispen', 'type': 'person', 'quote': 'de heren Dijkhoff en Van Nispen vroegen daarover nog hoe het nu functioneert', 'mention_category': 'neutral'}], 'found_fallacy': [], 'summary': {'count': 0, 'average_confidence': 0.0, 'highest_confidence': 0.0, 'lowest_confidence': 0.0}, 'speech_relation': {'type': 'response', 'justification': ""The speaker explicitly states 'Ik heb daar uitvoerig op geantwoord' (I have answered that extensively), indicating a direct response to prior statements."", 'confidence': 0.9}}";0;17;0;h-tk-20142015-46-26;Minister Opstelten;VVD;"Ik heb daar uitvoerig op geantwoord, maar ik vind het zo belangrijk dat ik het wel drie of vier keer wil zeggen. Ik sta er positief tegenover. We hebben in maart een vergadering van de regiegroep onder leiding van de heer Van Gijzel. Wij zitten daarbij. Daar komt alles aan de orde en daar zullen we nadere afspraken maken. Ik zal de Kamer erover informeren wie wat doet, wat we doen, hoe we het doen en wanneer we het doen. Wat mij betreft, proberen we dit nu echt door te zetten. Ik wil erop wijzen dat we nu voor twee meldplichten gaan: de fysieke en de elektronische, oftewel de digitale. Laten we er nu met zijn allen iets van gaan maken. Ik vind het heerlijk om dit voortdurend te kunnen en mogen zeggen, want ik ben er wildenthousiast over. Dat ziet u.
Ik kom bij het uitreisverbod, internationaal en nationaal. Burgemeesters zijn verantwoordelijk voor en gaan alleen over de openbare orde in hun gemeente. Voor sommige burgemeesters is dat heel lastig. We hebben in de wet de mogelijkheid geboden om daaraan iets te doen. Een burgemeester kan in een andere gemeente de openbare orde niet handhaven. Voor uitwedstrijden binnen Nederland maakt het wetsvoorstel het daarom mogelijk dat een burgemeester tevens namens een andere burgemeester een maatregel oplegt. Dat is een heel bijzondere mogelijkheid, maar effectief. Voor de betrokkenen geldt de maatregel dan in beide gemeenten.
Voor uitwedstrijden buiten Nederland kan de KNVB landelijke stadionverboden opleggen die gelden voor alle voetbalwedstrijden in binnen- en buitenland waaraan een Nederlandse betaaldvoetbalorganisatie deelneemt. De ordeverstoorder mag bij een buitenlandse wedstrijd dus niet het stadion in. De strafrechter kan personen een meldplicht en een locatiegebod opleggen voor alle wedstrijden van een betaaldvoetbalclub in binnen- en buitenland. Daardoor wordt het voor deze personen feitelijk onmogelijk om uit te reizen.
Tot slot vindt er in internationaal verband informatie-uitwisseling over supporters die meereizen naar uitwedstrijden plaats tussen de National Football Information Points. Eventueel meegereisde hooligans kunnen tijdig worden gesignaleerd, zodat hun de toegang tot het stadion wordt ontzegd.
De heren Dijkhoff en Van Nispen vroegen daarover nog hoe het nu functioneert en hoe de samenwerking verloopt. Een burgemeester kan aan iedereen die in zijn gemeente de openbare orde verstoort een gebiedsverbod opleggen, ook aan een niet-ingezetene van Nederland. Tussen de verschillende National Football Information Points vindt informatie-uitwisseling plaats over supporters die meereizen naar uitwedstrijden. Eventueel meegereisde hooligans die het stadion niet in mogen en die de burgemeester niet op bepaalde plaatsen in de gemeente wenst te hebben, kunnen op basis van deze informatie tijdig worden gesignaleerd en worden tegengehouden zodra ze de gemeente binnen komen. Deze informatie-uitwisseling tussen de verschillende politieorganisaties van de Europese landen verloopt op zichzelf goed. Ik weet echter uit ervaring dat je dit niet moet onderschatten en dat je erbovenop moet blijven zitten. Vandaar dat ik dat ook zeg.
Dan is er nog een aantal overige vragen. Ik begin met de vragen van mevrouw Helder over handhaving van de stadionverboden.";2014-2015;27-1-2015;tk;handelingen;26 Bestrijding van voetbalvandalisme en ernstige overlast;https://zoek.officielebekendmakingen.nl/h-tk-20142015-46-26.html;https://zoek.officielebekendmakingen.nl/h-tk-20142015-46-26.xml;nr. 46, item 26;opstelten;"I have answered that in detail, but I think it is so important that I want to say it three or four times. I am positive about it. We will have a meeting of the steering group led by Mr Van Gijzel in March. We are there. Everything will be discussed there and we will make further agreements there. I will inform the House who does what, what we do, how we do it and when we do it. As far as I'm concerned, we're really trying to continue this now. I would like to point out that we now have two reporting obligations: the physical and the electronic, or digital. Now let's all make something of it. I love being able to say this all the time, because I am wildly enthusiastic about it. You see that.
I come to the travel ban, internationally and nationally. Mayors are responsible for and are solely responsible for public order in their municipality. This is very difficult for some mayors. We have provided the opportunity in the law to do something about this. A mayor cannot maintain public order in another municipality. For away matches within the Netherlands, the bill therefore makes it possible for a mayor to also impose a measure on behalf of another mayor. That is a very special option, but effective. The measure then applies to those involved in both municipalities.
For away matches outside the Netherlands, the KNVB can impose national stadium bans that apply to all football matches at home and abroad in which a Dutch professional football organization participates. The disruptor is therefore not allowed to enter the stadium at a foreign match. The criminal court can impose a reporting obligation and a location order on persons for all matches of a professional football club at home and abroad. This makes it effectively impossible for these people to travel out.
Finally, information exchange about supporters traveling to away matches takes place internationally between the National Football Information Points. Any hooligans traveling with you can be identified in time so that they are denied access to the stadium.
Messrs. Dijkhoff and Van Nispen asked how it now functions and how the collaboration is going. A mayor can impose an area ban on anyone who disrupts public order in his municipality, including a non-resident of the Netherlands. Information about supporters traveling to away matches takes place between the various National Football Information Points. Any traveling hooligans who are not allowed into the stadium and who the mayor does not wish to have in certain places in the municipality can be identified in a timely manner on the basis of this information and are stopped as soon as they enter the municipality. This exchange of information between the various police organizations of the European countries is going well. However, I know from experience that you should not underestimate this and that you should stay on top of it. That's why I say that.
Then there are a number of other questions. I will start with Ms Helder's questions about enforcement of the stadium bans.";0;0;0;0.0;0.0;0.0;Van Gijzel|||Dijkhoff|||Van Nispen;person|||person|||person;de regiegroep onder leiding van de heer Van Gijzel|||de heren Dijkhoff en Van Nispen vroegen daarover nog hoe het nu functioneert|||de heren Dijkhoff en Van Nispen vroegen daarover nog hoe het nu functioneert;neutral|||neutral|||neutral;;;;;;;response;The speaker explicitly states 'Ik heb daar uitvoerig op geantwoord' (I have answered that extensively), indicating a direct response to prior statements.;0.9;
{'mentions': [], 'found_fallacy': [], 'summary': {'count': 0, 'average_confidence': 0.0, 'highest_confidence': 0.0, 'lowest_confidence': 0.0}, 'speech_relation': {'type': 'independent', 'justification': 'The speech consists of general questions without direct reference to previous statements or speakers.', 'confidence': 0.8}};0;18;0;h-tk-20142015-53-7;De heer Pechtold;D66;Wie doet het onderzoek? Wat is de reikwijdte van het onderzoek? Hoe luidt de onderzoeksopdracht?;2014-2015;11-2-2015;tk;handelingen;7 Inzet en capaciteit in de veiligheidsketen;https://zoek.officielebekendmakingen.nl/h-tk-20142015-53-7.html;https://zoek.officielebekendmakingen.nl/h-tk-20142015-53-7.xml;nr. 53, item 7;pechtold;Who does the research? What is the scope of the investigation? What is the research assignment?;0;0;0;0.0;0.0;0.0;;;;;;;;;;;independent;The speech consists of general questions without direct reference to previous statements or speakers.;0.8;
"{'mentions': [], 'found_fallacy': [], 'summary': {'count': 0, 'average_confidence': 0.0, 'highest_confidence': 0.0, 'lowest_confidence': 0.0}, 'speech_relation': {'type': 'independent', 'justification': ""The speech presents the speaker's own arguments and responsibilities without directly addressing or responding to a previous speaker's statement."", 'confidence': 0.95}}";0;19;0;h-tk-20142015-58-20;Minister Kamp;VVD;Ik heb gezegd dat het mij zeer spijt wat zich heeft voorgedaan in Groningen. Verder heb ik gezegd dat alle partijen die bij de gaswinning betrokken waren, meer rekening hadden kunnen houden met de veiligheid van de mensen. Over het feit dat dat niet is gebeurd en over de effecten daarvan heb ik gezegd dat mij dat zeer spijt. Dat betreft dus alle betrokkenen bij de gaswinning. Ik vind het niet nodig om apart met de vinger naar de NAM of een andere instelling te wijzen. Ik denk dat ik me in de eerste plaats bewust moet zijn van de eigen verantwoordelijkheid van de minister van EZ en van het Nederlandse kabinet, op grond van de Mijnbouwwet en de mogelijkheden die wij hebben om onderzoek te laten doen en de NAM te beïnvloeden. Wij hebben onze eigen verantwoordelijkheid, maar ook anderen hebben hun verantwoordelijkheid. Ik heb over het geheel een uitspraak gedaan. Ik verwijs naar alles wat we nu aan het doen zijn of wat er nog wordt gedaan: de werkelijke schade ruimhartig en voor 100% vergoeden, een enorm programma opzetten voor de versterking van huizen en grote bedragen beschikbaar stellen voor de economie, de leefbaarheid, de waardevermeerdering, de nieuwbouw en alles wat daarmee samenhangt. Om daarbovenop nog te gaan filosoferen over aansprakelijkheid en dingen die hier niet onder zouden vallen, is niet aan mij. Ik moet ervoor zorgen dat alles wél is afgedekt. Als mensen van mening zijn dat dat niet zo is, hebben ze in ons land de mogelijkheid om naar de onafhankelijke rechter te gaan. Dan zullen we kijken wat daaruit komt.;2014-2015;3-3-2015;tk;handelingen;20 Rapport Onderzoeksraad Voor Veiligheid over het gasgebouw;https://zoek.officielebekendmakingen.nl/h-tk-20142015-58-20.html;https://zoek.officielebekendmakingen.nl/h-tk-20142015-58-20.xml;nr. 58, item 20;kamp;I said that I am very sorry for what happened in Groningen. I also said that all parties involved in gas extraction could have taken the safety of the people more into account. I said that I am very sorry about the fact that this did not happen and about the effects thereof. This therefore concerns everyone involved in gas extraction. I don't think it's necessary to point the finger at NAM or any other institution. I think that I must first of all be aware of the own responsibility of the Minister of Economic Affairs and the Dutch Cabinet, under the Mining Act and the possibilities we have to conduct research and influence the NAM. We have our own responsibility, but others also have their responsibility. I have made a statement about the whole thing. I refer to everything we are doing now or that is still being done: generously and 100% of the actual damage, setting up a huge program for strengthening houses and making large sums available for the economy, quality of life, increasing value, new construction and everything related to it. To further philosophize about liability and things that would not fall under this, is not for me. I have to make sure everything is covered. If people believe that this is not the case, they have the option in our country to go to an independent judge. Then we'll see what comes of it.;0;0;0;0.0;0.0;0.0;;;;;;;;;;;independent;The speech presents the speaker's own arguments and responsibilities without directly addressing or responding to a previous speaker's statement.;0.95;
"{'mentions': [], 'found_fallacy': [], 'summary': {'count': 0, 'average_confidence': 0.0, 'highest_confidence': 0.0, 'lowest_confidence': 0.0}, 'speech_relation': {'type': 'independent', 'justification': ""The speech presents policy-related statements without direct reference to a previous speaker's argument or specific political actors."", 'confidence': 0.95}}";0;20;0;h-tk-20142015-79-6;Mevrouw Van Veldhoven;D66;Er blijkt geen meerderheid voor het voorstel voor een meerderheidsdebat. Wij moeten hier snel over spreken, maar ik heb gisteren ook begrepen dat gaswinning bij Woerden voorlopig inderdaad niet aan de orde is. Als er toch nog vragen over leven, lijkt het mij wel belangrijk dat wij daarover zo snel mogelijk opheldering vragen en een en ander zo snel mogelijk betrekken bij een algemeen overleg. Vooralsnog dus geen steun voor een versnelling van het debat, omdat ik net heb gehoord, op basis van informatie van gisteren, dat het voorlopig in Woerden niet doorgaat.;2014-2015;22-4-2015;tk;handelingen;6 Regeling van werkzaamheden;https://zoek.officielebekendmakingen.nl/h-tk-20142015-79-6.html;https://zoek.officielebekendmakingen.nl/h-tk-20142015-79-6.xml;nr. 79, item 6;van van veldhoven;There appears to be no majority in favor of the proposal for a majority debate. We need to talk about this quickly, but I also understood yesterday that gas extraction near Woerden is indeed not an option for the time being. If there are still questions about this, I think it is important that we seek clarification as quickly as possible and include this in a general consultation as soon as possible. So for the time being there is no support for accelerating the debate, because I have just heard, based on information from yesterday, that it will not go ahead in Woerden for the time being.;0;0;0;0.0;0.0;0.0;;;;;;;;;;;independent;The speech presents policy-related statements without direct reference to a previous speaker's argument or specific political actors.;0.95;
"{'mentions': [{'name': 'CDA', 'type': 'party', 'quote': 'Het CDA heeft gezegd dat het de doelstelling heel graag wil halen', 'mention_category': 'neutral'}, {'name': 'GroenLinks', 'type': 'party', 'quote': 'GroenLinks geen enkele motie van het CDA op dit punt heeft gesteund', 'mention_category': 'disagreeing'}], 'found_fallacy': [], 'summary': {'count': 0, 'average_confidence': 0.0, 'highest_confidence': 0.0, 'lowest_confidence': 0.0}, 'speech_relation': {'type': 'independent', 'justification': ""The speech presents a standalone argument about public support and party actions without directly referencing or responding to a previous speaker's statement."", 'confidence': 0.95}}";0;21;0;h-tk-20142015-108-11;Mevrouw Agnes Mulder;CDA;Het CDA heeft gezegd dat het de doelstelling heel graag wil halen, maar er is ook wel iets te zeggen over draagvlak. Daarvoor is een eerlijke verdeling van lusten en lasten nodig. Ik vind het heel jammer dat GroenLinks geen enkele motie van het CDA op dit punt heeft gesteund. Daarmee zou dat draagvlak namelijk wel gerealiseerd kunnen worden. Ja, ik vind het echt een gemiste kans van GroenLinks.;2014-2015;3-9-2015;tk;handelingen;11 Windmolens;https://zoek.officielebekendmakingen.nl/h-tk-20142015-108-11.html;https://zoek.officielebekendmakingen.nl/h-tk-20142015-108-11.xml;nr. 108, item 11;agnes mulder;The CDA has said that it really wants to achieve the target, but there is also something to be said about support. This requires a fair distribution of benefits and burdens. I think it is a great pity that GroenLinks has not supported any motion from the CDA on this point. This support could indeed be achieved. Yes, I really think it is a missed opportunity by GroenLinks.;0;0;0;0.0;0.0;0.0;CDA|||GroenLinks;party|||party;Het CDA heeft gezegd dat het de doelstelling heel graag wil halen|||GroenLinks geen enkele motie van het CDA op dit punt heeft gesteund;neutral|||disagreeing;;;;;;;independent;The speech presents a standalone argument about public support and party actions without directly referencing or responding to a previous speaker's statement.;0.95;
"{'mentions': [{'name': 'Schouw', 'type': 'person', 'quote': 'de heer Schouw', 'mention_category': 'neutral'}], 'found_fallacy': [], 'summary': {'count': 0, 'average_confidence': 0.0, 'highest_confidence': 0.0, 'lowest_confidence': 0.0}, 'speech_relation': {'type': 'response', 'justification': ""The speech directly addresses a question posed by 'de heer Schouw' in the previous exchange."", 'confidence': 0.9}}";0;22;0;h-tk-20142015-47-3;Staatssecretaris Dijksma;PvdA;Daarop ben ik toch echt in mijn inbreng zojuist uitgebreid ingegaan. Ik heb de Kamer uitgelegd dat er een wetsvoorstel naar de Kamer komt vanuit mijn positie in relatie tot de volksgezondheid. Ik heb uitgelegd dat het kabinet, op verzoek van in dit geval de provincie Brabant, nu bezig is om daar via de Crisis- en herstelwet en het experimenteerartikel provincies meer ruimte te geven, in dit geval aan Brabant. Dat was het antwoord op de vraag van de heer Schouw.;2014-2015;28-1-2015;tk;handelingen;3 Bouw van een megastal in Grubbenvorst;https://zoek.officielebekendmakingen.nl/h-tk-20142015-47-3.html;https://zoek.officielebekendmakingen.nl/h-tk-20142015-47-3.xml;nr. 47, item 3;dijksma;I actually went into detail about this in my contribution just now. I have explained to the House that a bill is coming to the House based on my position in relation to public health. I explained that the cabinet, at the request of the province of Brabant in this case, is now working to give provinces more space through the Crisis and Recovery Act and the experimental article, in this case to Brabant. That was the answer to Mr Schouw's question.;0;0;0;0.0;0.0;0.0;Schouw;person;de heer Schouw;neutral;;;;;;;response;The speech directly addresses a question posed by 'de heer Schouw' in the previous exchange.;0.9;
"{'mentions': [{'name': 'Karabulut', 'type': 'person', 'quote': 'Mevrouw Karabulut, kom even terug en luister even naar het antwoord als u allemaal vragen hebt!', 'mention_category': 'disagreeing'}], 'found_fallacy': [{'quote': 'Daar kan mevrouw Karabulut mij dag en nacht op afrekenen.', 'explanation': ""Direct personal attack on Mevrouw Karabulut's behavior, implying she constantly blames the speaker without addressing the actual topic of banlieues."", 'confidence': 0.9, 'local_topic': 'banlieues', 'target': 'Karabulut', 'explicitness': 'explicit'}], 'summary': {'count': 1, 'average_confidence': 0.9, 'highest_confidence': 0.9, 'lowest_confidence': 0.9}, 'speech_relation': {'type': 'response', 'justification': 'Direct address to Mevrouw Karabulut suggests reply to her previous statement.', 'confidence': 0.95}}";0;23;0;h-tk-20142015-31-12;De heer Verhoeven;D66;Het is mij zeker menens dat we hier geen banlieues willen. Daar kan mevrouw Karabulut mij dag en nacht op afrekenen. Ik denk overigens dat weinig partijen in deze Kamer dat wel willen, maar dat zou zij ook even aan de collega's kunnen vragen. Het gaat vervolgens altijd om de wijze waarop wij bepaalde schrikbeelden willen voorkomen of wensbeelden willen realiseren. Woningcorporaties hebben in dit land 2,4 miljoen woningen gebouwd, een derde van het … Mevrouw Karabulut, kom even terug en luister even naar het antwoord als u allemaal vragen hebt! Dank u wel. Dat is wel zo netjes.;2014-2015;2-12-2014;tk;handelingen;12 Rapport parlementaire enquêtecommissie Woningcorporaties;https://zoek.officielebekendmakingen.nl/h-tk-20142015-31-12.html;https://zoek.officielebekendmakingen.nl/h-tk-20142015-31-12.xml;nr. 31, item 12;verhoeven;I am certainly serious that we do not want banlieues here. Mrs. Karabulut can hold me accountable for that day and night. I think that few parties in this Chamber would like to do that, but they could also ask their colleagues that. It is then always about how we want to prevent certain nightmares or realize aspirations. Housing associations have built 2.4 million homes in this country, a third of the… Ms. Karabulut, come back and listen to the answer if you have any questions! Thank you. That's so neat.;0;1;1;0.9;0.9;0.9;Karabulut;person;Mevrouw Karabulut, kom even terug en luister even naar het antwoord als u allemaal vragen hebt!;disagreeing;Daar kan mevrouw Karabulut mij dag en nacht op afrekenen.;Direct personal attack on Mevrouw Karabulut's behavior, implying she constantly blames the speaker without addressing the actual topic of banlieues.;banlieues;Karabulut;explicit;0.9;response;Direct address to Mevrouw Karabulut suggests reply to her previous statement.;0.95;
"{'mentions': [{'name': 'VVD', 'type': 'party', 'quote': 'Denkt de VVD nu werkelijk dat de burger het probleem is als het gaat om zorgfraude en dat er daarom een nieuwe verzekering voor moet komen?', 'mention_category': 'disagreeing'}], 'found_fallacy': [], 'summary': {'count': 0, 'average_confidence': 0.0, 'highest_confidence': 0.0, 'lowest_confidence': 0.0}, 'speech_relation': {'type': 'response', 'justification': ""The speech directly addresses the VVD's policy stance on care fraud, indicating a rebuttal to prior arguments about responsibility for fraud."", 'confidence': 0.9}}";0;24;0;h-tk-20142015-51-7;Mevrouw Leijten;SP;Nu hebben we heel veel debatten gehad over hoe makkelijk het is om je declaraties zo te maken dat je de maximale prijs casht. Er wordt eigenlijk niets aan gedaan en zo dat al gebeurt, is het een onterechte declaratie, een fout met het invullen et cetera. Denkt de VVD nu werkelijk dat de burger het probleem is als het gaat om zorgfraude en dat er daarom een nieuwe verzekering voor moet komen? Ligt het probleem niet bij de ziekenhuizen en de zorginstellingen in plaats van bij de mensen zelf?;2014-2015;5-2-2015;tk;handelingen;7 Zorgfraude;https://zoek.officielebekendmakingen.nl/h-tk-20142015-51-7.html;https://zoek.officielebekendmakingen.nl/h-tk-20142015-51-7.xml;nr. 51, item 7;leijten;Now we've had a lot of debates about how easy it is to prepare your declarations so that you cash the maximum price. Nothing is actually done about it and if it does happen, it is an unjustified declaration, an error in filling out the form, etc. Does the VVD really think that citizens are the problem when it comes to healthcare fraud and that new insurance should therefore be introduced? Doesn't the problem lie with the hospitals and healthcare institutions rather than with the people themselves?;0;0;0;0.0;0.0;0.0;VVD;party;Denkt de VVD nu werkelijk dat de burger het probleem is als het gaat om zorgfraude en dat er daarom een nieuwe verzekering voor moet komen?;disagreeing;;;;;;;response;The speech directly addresses the VVD's policy stance on care fraud, indicating a rebuttal to prior arguments about responsibility for fraud.;0.9;
{'mentions': [{'name': 'Front Nationaal', 'type': 'party', 'quote': 'Het is aantoonbaar dat het Front Nationaal, een zusterpartij van de PVV, wordt gefinancierd door de Russen.', 'mention_category': 'disagreeing'}], 'found_fallacy': [{'quote': 'Het is aantoonbaar dat het Front Nationaal, een zusterpartij van de PVV, wordt gefinancierd door de Russen.', 'explanation': 'The statement attacks the integrity of Front Nationaal by accusing it of Russian funding, diverting from policy discussion to personal/organizational credibility.', 'confidence': 0.9, 'local_topic': 'financiering van politieke partijen', 'target': 'Front Nationaal', 'explicitness': 'explicit'}], 'summary': {'count': 1, 'average_confidence': 0.9, 'highest_confidence': 0.9, 'lowest_confidence': 0.9}, 'speech_relation': {'type': 'independent', 'justification': 'The speech segment presents a standalone claim about political funding without direct reference to prior statements.', 'confidence': 0.85}};0;25;0;h-tk-20142015-53-3;De heer Pechtold;D66;Het is aantoonbaar dat het Front Nationaal, een zusterpartij van de PVV, wordt gefinancierd door de Russen. Andere zaken zullen misschien minder duidelijk zijn, maar ik vind het ook wel belangrijk dat op zo'n top afspraken worden gemaakt dat als we de vinger erop kunnen leggen, dat ook naar buiten komt. Het is misschien inlichtingenwerk, het is samenwerking, het is uitwisseling van gegevens, maar de Europese burger moet weten dat de Russen vaak op verrassende wijze proberen, invloed te krijgen in onze democratie en in onze economie. Omdat ze er zelf beroerd voor staan, proberen ze ons onderuit te trekken. Alles wat aantoonbaar is, moet ook getoond worden. Bewijsbaar? Laat het zien.;2014-2015;11-2-2015;tk;handelingen;3 Agenda Europese top;https://zoek.officielebekendmakingen.nl/h-tk-20142015-53-3.html;https://zoek.officielebekendmakingen.nl/h-tk-20142015-53-3.xml;nr. 53, item 3;pechtold;It is demonstrable that the National Front, a sister party of the PVV, is financed by the Russians. Other matters may be less clear, but I also think it is important that agreements are made at such a summit so that if we can put our finger on it, it will also be made public. It may be intelligence work, it may be cooperation, it may be the exchange of information, but the European citizen must know that the Russians often try to gain influence in our democracy and in our economy in surprising ways. Because they are in bad shape themselves, they try to pull us down. Everything that is demonstrable must also be shown. Provable? Show it.;1;1;1;0.9;0.9;0.9;Front Nationaal;party;Het is aantoonbaar dat het Front Nationaal, een zusterpartij van de PVV, wordt gefinancierd door de Russen.;disagreeing;Het is aantoonbaar dat het Front Nationaal, een zusterpartij van de PVV, wordt gefinancierd door de Russen.;The statement attacks the integrity of Front Nationaal by accusing it of Russian funding, diverting from policy discussion to personal/organizational credibility.;financiering van politieke partijen;Front Nationaal;explicit;0.9;independent;The speech segment presents a standalone claim about political funding without direct reference to prior statements.;0.85;
"{'mentions': [], 'found_fallacy': [], 'summary': {'count': 0, 'average_confidence': 0.0, 'highest_confidence': 0.0, 'lowest_confidence': 0.0}, 'speech_relation': {'type': 'independent', 'justification': ""The speech begins with a general statement about Defensie's unpredictability and does not directly reference or respond to a specific previous speaker's statement."", 'confidence': 0.95}}";0;26;0;h-tk-20142015-24-17;Mevrouw Eijsink;PvdA;Voor een organisatie als Defensie komen er altijd dingen onverwacht. Je kunt niet alles voorspellen, je kunt niet vooruitzien. Er hoort dus enige flexibiliteit bij. Net als de heer Van Dijk hecht ik zeer aan de uitzendbescherming, maar ik kan me ook voorstellen dat dit goed is besproken met de betrokkenen. In dat geval is het aan de betrokkenen. De heer Van Dijk verwijst naar iets niet gespecificeerds, iets heel algemeens. Als ik iemand van de bonden zou spreken, zou ik precies willen weten om welke plekken het gaat, wat de afspraken zijn, of er zaken tegenover zijn gesteld, of er extra vakantieweken zijn gegeven, of er welke extra's dan ook zijn gegeven en of er extra ondersteuning aan het gezin is gegeven. Zo ver gaat Defensie namelijk ook, indien nodig. Ik zeg niet dat dit altijd de beste oplossing is, maar soms gebeurt het wel zo. Dan staat het organisatiebelang voorop. Dat gebeurt niet alleen weleens bij Defensie, maar ook bij andere organisaties. Het is echter van groot belang dat dit met alle voorzichtigheid en in alle veiligheid gebeurt.;2014-2015;13-11-2014;tk;handelingen;17 Begroting Defensie;https://zoek.officielebekendmakingen.nl/h-tk-20142015-24-17.html;https://zoek.officielebekendmakingen.nl/h-tk-20142015-24-17.xml;nr. 24, item 17;eijsink;For an organization like Defense, things always come unexpectedly. You can't predict everything, you can't look ahead. So there is some flexibility involved. Like Mr Van Dijk, I attach great importance to temporary employment protection, but I can also imagine that this has been thoroughly discussed with those involved. In that case it is up to those involved. Mr Van Dijk refers to something unspecified, something very general. If I were to speak to someone from the unions, I would want to know exactly which places are involved, what the agreements are, whether any compensation has been given, whether extra vacation weeks have been given, whether any extras have been given and whether extra support has been given to the family. Defense will also go that far, if necessary. I'm not saying this is always the best solution, but sometimes it happens that way. Then the organizational interests come first. This sometimes happens not only in Defense, but also in other organizations. However, it is very important that this is done with all caution and safety.;0;0;0;0.0;0.0;0.0;;;;;;;;;;;independent;The speech begins with a general statement about Defensie's unpredictability and does not directly reference or respond to a specific previous speaker's statement.;0.95;
"{'mentions': [{'name': 'De Graaf', 'type': 'person', 'quote': 'Ik dank de heer De Graaf voor het compliment.', 'mention_category': 'neutral'}, {'name': 'De Graaf', 'type': 'person', 'quote': 'De heer De Graaf moet consequent zijn.', 'mention_category': 'disagreeing'}], 'found_fallacy': [{'quote': 'Hij had geen inhoudelijk antwoord. We kregen de gebruikelijke tirades.', 'explanation': ""The speaker attacks De Graaf's argumentative quality by labeling his responses as 'gebruikelijke tirades' (usual tirades), implying dishonesty or lack of substance without addressing his actual arguments."", 'confidence': 0.7, 'local_topic': 'border policies and consistency', 'target': 'De Graaf', 'explicitness': 'explicit'}], 'summary': {'count': 1, 'average_confidence': 0.7, 'highest_confidence': 0.7, 'lowest_confidence': 0.7}, 'speech_relation': {'type': 'response', 'justification': ""The speech directly addresses 'de heer De Graaf' and references his prior statements, indicating a response to his contributions."", 'confidence': 0.8}}";0;27;0;h-tk-20142015-57-11;De heer Van Weyenberg;D66;Ik dank de heer De Graaf voor het compliment. Hij had geen inhoudelijk antwoord. We kregen de gebruikelijke tirades. Dat zie ik altijd als een bevestiging. Ik vind het heel gek. De heer De Graaf moet consequent zijn. Als hij zegt dat de grenzen dicht moeten, moet hij ook zeggen dat Nederlanders niet meer in andere landen moeten werken. Dat weet hij donders goed. Laat hij dan gewoon eerlijk zijn.;2014-2015;26-2-2015;tk;handelingen;11 Aanpak schijnconstructies;https://zoek.officielebekendmakingen.nl/h-tk-20142015-57-11.html;https://zoek.officielebekendmakingen.nl/h-tk-20142015-57-11.xml;nr. 57, item 11;van van weyenberg;I thank Mr De Graaf for the compliment. He had no substantive answer. We got the usual rants. I always see that as confirmation. I think it's very strange. Mr De Graaf must be consistent. If he says that the borders should be closed, he should also say that Dutch people should no longer work in other countries. He knows that very well. Then just let him be honest.;1;1;1;0.7;0.7;0.7;De Graaf|||De Graaf;person|||person;Ik dank de heer De Graaf voor het compliment.|||De heer De Graaf moet consequent zijn.;neutral|||disagreeing;Hij had geen inhoudelijk antwoord. We kregen de gebruikelijke tirades.;The speaker attacks De Graaf's argumentative quality by labeling his responses as 'gebruikelijke tirades' (usual tirades), implying dishonesty or lack of substance without addressing his actual arguments.;border policies and consistency;De Graaf;explicit;0.7;response;The speech directly addresses 'de heer De Graaf' and references his prior statements, indicating a response to his contributions.;0.8;
{'mentions': [{'name': 'Van Weyenberg', 'type': 'person', 'quote': 'Deze week was de heer Van Weyenberg ons te snel af.', 'mention_category': 'neutral'}], 'found_fallacy': [], 'summary': {'count': 0, 'average_confidence': 0.0, 'highest_confidence': 0.0, 'lowest_confidence': 0.0}, 'speech_relation': {'type': 'independent', 'justification': 'The speech segment presents a standalone argument about the timing of a debate without directly addressing previous statements.', 'confidence': 0.95}};0;28;0;h-tk-20142015-66-8;De heer Kuzu;Groep Kuzu/Öztürk;Deze week was de heer Van Weyenberg ons te snel af. Vorige week hebben wij op exact dezelfde plek hetzelfde debat aangevraagd. Daarom van harte steun voor dit debat.;2014-2015;24-3-2015;tk;handelingen;8 Regeling van werkzaamheden;https://zoek.officielebekendmakingen.nl/h-tk-20142015-66-8.html;https://zoek.officielebekendmakingen.nl/h-tk-20142015-66-8.xml;nr. 66, item 8;kuzu;This week Mr Van Weyenberg was too quick for us. Last week we requested the same debate at exactly the same place. Therefore we wholeheartedly support this debate.;0;0;0;0.0;0.0;0.0;Van Weyenberg;person;Deze week was de heer Van Weyenberg ons te snel af.;neutral;;;;;;;independent;The speech segment presents a standalone argument about the timing of a debate without directly addressing previous statements.;0.95;
{'mentions': [], 'found_fallacy': [], 'summary': {'count': 0, 'average_confidence': 0.0, 'highest_confidence': 0.0, 'lowest_confidence': 0.0}, 'speech_relation': {'type': 'independent', 'justification': 'No previous speaker is mentioned in the provided text, indicating it is an independent contribution to the debate.', 'confidence': 0.8}};0;29;0;h-tk-20142015-41-7;De heer Pechtold;D66;Worden dan de vragen meegenomen hoeveel fte de AIVD nodig heeft om een waterdichte surveillance te doen, hoeveel politieagenten op dit moment het werk van de AIVD doen en nog een aantal?;2014-2015;14-1-2015;tk;handelingen;7 De aanslag in Parijs;https://zoek.officielebekendmakingen.nl/h-tk-20142015-41-7.html;https://zoek.officielebekendmakingen.nl/h-tk-20142015-41-7.xml;nr. 41, item 7;pechtold;Are the questions included how many FTEs the AIVD needs to conduct watertight surveillance, how many police officers are currently doing the AIVD's work and a number of others?;0;0;0;0.0;0.0;0.0;;;;;;;;;;;independent;No previous speaker is mentioned in the provided text, indicating it is an independent contribution to the debate.;0.8;
"{'mentions': [{'name': 'VVD', 'type': 'party', 'quote': 'tegen de VVD', 'mention_category': 'disagreeing'}], 'found_fallacy': [], 'summary': {'count': 0, 'average_confidence': 0.0, 'highest_confidence': 0.0, 'lowest_confidence': 0.0}, 'speech_relation': {'type': 'independent', 'justification': ""The speech presents the speaker's own position without direct reference to a previous speaker's statement."", 'confidence': 0.95}}";0;30;0;h-tk-20142015-16-13;Mevrouw Jacobi;PvdA;Mijn standpunt is meer: hoe het er ook in de wet uit komt te zien, dit moet gewoon gebeuren. Ik zou zeggen: ga eens met me mee, dan gaan we naar Schotland en dan laat ik zien hoe het moet. Dat is mooi voor ons land. Natuurlijk heeft iedereen er wel een beetje gelijk in dat het in de wet wel moet deugen en dat het financieel moet deugen. Wij hebben echter gemeend om deze begroting aan te grijpen om deze impuls te geven, die van belang is voor zowel de provincie, het nationaal park zelf, het NBTC als de mensen van de regio's, die hier ook heel veel heil in zien. Ik zou zeggen tegen de VVD: onderschat niet het belang van de ondernemers in dit concept. Gun het om te groeien en te bloeien. Wij vinden het juist interessant om het niet hier af te timmeren.;2014-2015;28-10-2014;tk;handelingen;13 Begroting Economische Zaken (onderdeel Landbouw en Natuur);https://zoek.officielebekendmakingen.nl/h-tk-20142015-16-13.html;https://zoek.officielebekendmakingen.nl/h-tk-20142015-16-13.xml;nr. 16, item 13;jacobi;My position is more: whatever the law looks like, this simply has to happen. I would say: come with me, we will go to Scotland and I will show you how it is done. That is good for our country. Of course, everyone is somewhat right that it must be sound in law and that it must be sound financially. However, we have decided to use this budget to provide this impetus, which is important for the province, the national park itself, the NBTC and the people of the regions, who also see great benefit in this. I would say to the VVD: do not underestimate the importance of entrepreneurs in this concept. Allow it to grow and blossom. We find it interesting not to finish it here.;0;0;0;0.0;0.0;0.0;VVD;party;tegen de VVD;disagreeing;;;;;;;independent;The speech presents the speaker's own position without direct reference to a previous speaker's statement.;0.95;
"{'mentions': [{'name': 'Koolmees', 'type': 'person', 'quote': 'de heer Koolmees', 'mention_category': 'neutral'}], 'found_fallacy': [], 'summary': {'count': 0, 'average_confidence': 0.0, 'highest_confidence': 0.0, 'lowest_confidence': 0.0}, 'speech_relation': {'type': 'independent', 'justification': ""The speech segment does not directly reference or respond to the previous speaker's argument, instead presenting standalone positions on vehicle taxation policies."", 'confidence': 0.95}}";0;31;0;h-tk-20142015-22-25;Mevrouw Neppérus;VVD;De echt heel groene auto's komen er in dit nieuwe voorstel beter af. De semi-elektrische auto's worden wat harder aangepakt. Ik hoop dat de heer Koolmees dat ook in de stukken heeft teruggevonden. Voor de leaserijders stijgen de lasten minder snel. Dat was voor mijn fractie het belangrijke punt. In 2017 en daarna gaan wij er echter vol tegenaan.;2014-2015;11-11-2014;tk;handelingen;25 Belastingplan 2015;https://zoek.officielebekendmakingen.nl/h-tk-20142015-22-25.html;https://zoek.officielebekendmakingen.nl/h-tk-20142015-22-25.xml;nr. 22, item 25;neppérus;The really green cars will fare better in this new proposal. Semi-electric cars are being dealt with a little harder. I hope that Mr Koolmees has also found this in the documents. The costs will increase less quickly for lease drivers. That was the important point for my group. However, we will be fully committed to it in 2017 and beyond.;0;0;0;0.0;0.0;0.0;Koolmees;person;de heer Koolmees;neutral;;;;;;;independent;The speech segment does not directly reference or respond to the previous speaker's argument, instead presenting standalone positions on vehicle taxation policies.;0.95;
"{'mentions': [{'name': 'SP', 'type': 'party', 'quote': 'De SP-fractie is tegenstander van deze NAVO-bijdrage aan de voortzetting van de oorlog in Afghanistan.', 'mention_category': 'disagreeing'}], 'found_fallacy': [], 'summary': {'count': 0, 'average_confidence': 0.0, 'highest_confidence': 0.0, 'lowest_confidence': 0.0}, 'speech_relation': {'type': 'independent', 'justification': ""The speech segment presents a general statement about the SP faction's position without direct reference to a previous speaker's statement."", 'confidence': 0.95}}";0;32;0;h-tk-20142015-27-10;De heer Van Bommel;SP;De SP-fractie is tegenstander van deze NAVO-bijdrage aan de voortzetting van de oorlog in Afghanistan. Dat neemt niet weg dat ook mijn fractie de uit te zenden militairen succes en een behouden terugkomst wenst. Het thuisfront wensen wij alle sterkte.;2014-2015;20-11-2014;tk;handelingen;10 Artikel 100-brief NAVO-missie Afghanistan;https://zoek.officielebekendmakingen.nl/h-tk-20142015-27-10.html;https://zoek.officielebekendmakingen.nl/h-tk-20142015-27-10.xml;nr. 27, item 10;van van bommel;The SP faction is opposed to this NATO contribution to the continuation of the war in Afghanistan. This does not alter the fact that my group also wishes the soldiers to be deployed good luck and a safe return. We wish the home front all the strength.;0;0;0;0.0;0.0;0.0;SP;party;De SP-fractie is tegenstander van deze NAVO-bijdrage aan de voortzetting van de oorlog in Afghanistan.;disagreeing;;;;;;;independent;The speech segment presents a general statement about the SP faction's position without direct reference to a previous speaker's statement.;0.95;
"{'mentions': [{'name': 'de minister', 'type': 'person', 'quote': 'de minister het normaal vindt dat de NAM zo ongeveer een miljard per jaar in haar zak steekt', 'mention_category': 'disagreeing'}, {'name': 'de heer Joustra', 'type': 'person', 'quote': 'de heer Joustra, die op tv zei dat er een bijna onverholen weerzin uit de notulen van het gasgebouw sprak', 'mention_category': 'neutral'}], 'found_fallacy': [], 'summary': {'count': 0, 'average_confidence': 0.0, 'highest_confidence': 0.0, 'lowest_confidence': 0.0}, 'speech_relation': {'type': 'response', 'justification': ""The speech directly addresses the minister's actions and references a previous statement by Joustra, indicating a continuation of the debate."", 'confidence': 0.95}}";0;33;0;h-tk-20142015-58-20;De heer Smaling;SP;Maar dat wil dus zeggen dat de minister het normaal vindt dat de NAM zo ongeveer een miljard per jaar in haar zak steekt, terwijl het rapport laat zien dat er een heel decennium, te beginnen met 2003, eigenlijk alleen maar is tegengewerkt. Ik denk aan de heer Joustra, die op tv zei dat er een bijna onverholen weerzin uit de notulen van het gasgebouw sprak als het ging over veiligheid en de relatie tussen winning en bevingen. Dat is eigenlijk toch de conclusie. Waarom kan de minister dat niet onderschrijven?;2014-2015;3-3-2015;tk;handelingen;20 Rapport Onderzoeksraad Voor Veiligheid over het gasgebouw;https://zoek.officielebekendmakingen.nl/h-tk-20142015-58-20.html;https://zoek.officielebekendmakingen.nl/h-tk-20142015-58-20.xml;nr. 58, item 20;smaling;But this means that the minister thinks it is normal that NAM pockets about a billion a year, while the report shows that for a whole decade, starting with 2003, there has actually been nothing but opposition. I think of Mr Joustra, who said on TV that the minutes of the gas building showed an almost undisguised aversion when it came to safety and the relationship between extraction and earthquakes. That's actually the conclusion. Why can't the minister endorse that?;0;0;0;0.0;0.0;0.0;de minister|||de heer Joustra;person|||person;de minister het normaal vindt dat de NAM zo ongeveer een miljard per jaar in haar zak steekt|||de heer Joustra, die op tv zei dat er een bijna onverholen weerzin uit de notulen van het gasgebouw sprak;disagreeing|||neutral;;;;;;;response;The speech directly addresses the minister's actions and references a previous statement by Joustra, indicating a continuation of the debate.;0.95;
{'mentions': [], 'found_fallacy': [], 'summary': {'count': 0, 'average_confidence': 0.0, 'highest_confidence': 0.0, 'lowest_confidence': 0.0}, 'speech_relation': {'type': 'independent', 'justification': 'The speech segment presents factual claims about an investigation and student motivations without direct reference to prior statements.', 'confidence': 0.95}};0;34;0;h-tk-20142015-19-21;De heer Duisenberg;VVD;Die verkenning is gedaan. Ik heb de resultaten daarvan gelezen. De heer Van Dijk heeft die ook kunnen lezen. De resultaten van die verkenning bevestigen dat het gaat om een inhoudelijke afweging en een bewuste keuze, die ook die bètastudenten maken. Ook zij kijken naar hun perspectief en inhoudelijke motivatie. Dat is hun voornaamste drijfveer.;2014-2015;4-11-2014;tk;handelingen;21 Wet studievoorschot hoger onderwijs;https://zoek.officielebekendmakingen.nl/h-tk-20142015-19-21.html;https://zoek.officielebekendmakingen.nl/h-tk-20142015-19-21.xml;nr. 19, item 21;duisenberg;That exploration has been done. I have read the results of that. Mr Van Dijk was also able to read it. The results of that exploration confirm that it is a substantive consideration and a conscious choice that science students also make. They also look at their perspective and substantive motivation. That is their main motivation.;0;0;0;0.0;0.0;0.0;;;;;;;;;;;independent;The speech segment presents factual claims about an investigation and student motivations without direct reference to prior statements.;0.95;
"{'mentions': [], 'found_fallacy': [], 'summary': {'count': 0, 'average_confidence': 0.0, 'highest_confidence': 0.0, 'lowest_confidence': 0.0}, 'speech_relation': {'type': 'independent', 'justification': ""The speech focuses on policy discussion without direct reference to a previous speaker's statement."", 'confidence': 0.95}}";0;35;0;h-tk-20142015-13-2;Minister Bussemaker;PvdA;Als uw Kamer in zijn algemeenheid uitspreekt dat we ons houden aan de strikte lezing van de wet, zoals die nu bestaat, dan mag het niet. Maar ik constateer dat de studentenbonden daar niet blij mee zijn, omdat zij zelf zeggen: het verkleint de kansen om aan studenten die zich niet tijdig hebben ingeschreven, met een redelijke vergoeding toch de gelegenheid te bieden tentamen te doen. Want dat is wel het verschil met het voorjaar. Toen vroeg Leiden €75 en nu gaat het over bedragen van maximaal €20 voor studenten. Ik ga me hier eerst over verstaan met de bonden en de instellingen. Dan zal ik uw Kamer nog informeren, ook over de afspraak die zij vorige week in principe gemaakt hebben. En dan is het de vraag hoe we daarmee omgaan, als we vaststellen dat het wenselijk is om dit op termijn in te voeren.;2014-2015;14-10-2014;tk;handelingen;2 Vragenuur: Vragen Van Meenen;https://zoek.officielebekendmakingen.nl/h-tk-20142015-13-2.html;https://zoek.officielebekendmakingen.nl/h-tk-20142015-13-2.xml;nr. 13, item 2;bussemaker;If your House states in general that we adhere to the strict reading of the law as it currently exists, then it is not allowed. But I note that the student unions are not happy with this, because they themselves say: it reduces the chances of offering students who have not registered on time the opportunity to take an exam with a reasonable compensation. Because that is the difference with spring. Then Leiden asked €75 and now it concerns amounts of a maximum of €20 for students. I will first discuss this with the unions and the institutions. I will then inform your House, also about the agreement they made in principle last week. And then the question is how we deal with this if we determine that it is desirable to introduce this in the long term.;0;0;0;0.0;0.0;0.0;;;;;;;;;;;independent;The speech focuses on policy discussion without direct reference to a previous speaker's statement.;0.95;
{'mentions': [{'name': 'Van der Steur', 'type': 'person', 'quote': 'minister Van der Steur', 'mention_category': 'neutral'}, {'name': 'Ten Broeke', 'type': 'person', 'quote': 'de heer Ten Broeke', 'mention_category': 'neutral'}], 'found_fallacy': [], 'summary': {'count': 0, 'average_confidence': 0.0, 'highest_confidence': 0.0, 'lowest_confidence': 0.0}, 'speech_relation': {'type': 'response', 'justification': 'The speech addresses previous discussion points about parliamentary-government relations and references specific individuals mentioned in prior debate segments.', 'confidence': 0.95}};0;36;0;h-tk-20142015-80-14;Minister Koenders;PvdA;"De eenvoudige redenen daarvoor zijn — ik heb dat ook proberen aan te geven — dat het ten eerste een precedent zou zijn. Ten tweede is het normale verkeer tussen Kamer en regering dat ik haar de strekking geef van wat daarin gezegd is en dat hebben wij ook gedaan. De Kamer heeft de informatie gehad uit het memo van 14 juli. Daar kom ik overigens zo nog even op terug. Dat is de manier waarop de regering in relatie met het parlement hoort te werken.
Ik heb al gezegd dat minister Van der Steur zal terugkomen op het punt van de OVV. Uiteraard is het van belang dat we altijd met de OVV in nauw contact staan over de vraag wat de optimale manier van samenwerking is, zo zeg ik nog tegen de heer Ten Broeke.";2014-2015;23-4-2015;tk;handelingen;14 MH17 en de informatiepositie van de Nederlandse regering;https://zoek.officielebekendmakingen.nl/h-tk-20142015-80-14.html;https://zoek.officielebekendmakingen.nl/h-tk-20142015-80-14.xml;nr. 80, item 14;koenders;"The simple reasons for that are - I tried to point this out too - firstly, it would be a precedent. Secondly, it is normal communication between the House and the government that I give it the gist of what has been said there, and we have done that. The House has received the information from the memo of July 14. I will come back to that in a moment. That is the way the government should work in relation to parliament.
I have already said that Minister Van der Steur will return to the issue of the OVV. It is of course important that we are always in close contact with the OVV about the question of what the optimal way of cooperation is, as I told Mr Ten Broeke.";0;0;0;0.0;0.0;0.0;Van der Steur|||Ten Broeke;person|||person;minister Van der Steur|||de heer Ten Broeke;neutral|||neutral;;;;;;;response;The speech addresses previous discussion points about parliamentary-government relations and references specific individuals mentioned in prior debate segments.;0.95;
"{'mentions': [{'name': 'De staatssecretaris', 'type': 'person', 'quote': 'De staatssecretaris doet het voorkomen alsof 43 keer nachtdetentie heel weinig is, maar dat zijn 43 schoolcarrières.', 'mention_category': 'disagreeing'}], 'found_fallacy': [], 'summary': {'count': 0, 'average_confidence': 0.0, 'highest_confidence': 0.0, 'lowest_confidence': 0.0}, 'speech_relation': {'type': 'response', 'justification': ""The speech directly addresses the state secretary's policies and challenges their approach, indicating a response to prior statements."", 'confidence': 0.95}}";0;37;0;h-tk-20142015-29-7;De heer Oskam;CDA;De staatssecretaris doet het voorkomen alsof 43 keer nachtdetentie heel weinig is, maar dat zijn 43 schoolcarrières. Wat mij betreft is het zeker de moeite waard om die carrières te redden. Ik vind dit toch een triest verhaal, terwijl er ook een alternatief is. Toen de staatssecretaris met zijn masterplan kwam, waren alle gevangenisdirecteuren in staat en bereid om plannen te maken. Dat geldt ook voor de jeugdinrichtingen. Als je draagvlak creëert onder de sectordirecteuren van jji's, zou je Amsterdam misschien wel open kunnen houden. Bovendien is dit ook een financiële keuze. Je kunt ook structureel op Amsterbaken bezuinigen en dan kan Amsterbaken gewoon open blijven. Is de staatssecretaris bereid om daar nog eens naar te kijken en om de andere sectordirecteuren te vragen of zij bereid zijn om inspanningen te leveren?;2014-2015;26-11-2014;tk;handelingen;7 Begroting Veiligheid en Justitie;https://zoek.officielebekendmakingen.nl/h-tk-20142015-29-7.html;https://zoek.officielebekendmakingen.nl/h-tk-20142015-29-7.xml;nr. 29, item 7;oskam;The State Secretary makes it seem as if 43 night detentions is very little, but that is 43 school careers. As far as I'm concerned, it's definitely worth saving those careers. I think this is a sad story, even though there is an alternative. When the State Secretary came up with his master plan, all prison directors were able and willing to make plans. This also applies to youth institutions. If you create support among the sector directors of JJIs, you might be able to keep Amsterdam open. Moreover, this is also a financial choice. You can also make structural cuts to Amsterbaken and then Amsterbaken can remain open. Is the State Secretary prepared to look at this again and ask the other sector directors whether they are prepared to make efforts?;0;0;0;0.0;0.0;0.0;De staatssecretaris;person;De staatssecretaris doet het voorkomen alsof 43 keer nachtdetentie heel weinig is, maar dat zijn 43 schoolcarrières.;disagreeing;;;;;;;response;The speech directly addresses the state secretary's policies and challenges their approach, indicating a response to prior statements.;0.95;
{'mentions': [{'name': 'Mevrouw Leijten', 'type': 'person', 'quote': 'Mevrouw Leijten haalt er allerlei argumenten bij van gemeenten die zeggen dat ze de wet niet hoeven uit te voeren.', 'mention_category': 'disagreeing'}], 'found_fallacy': [], 'summary': {'count': 0, 'average_confidence': 0.0, 'highest_confidence': 0.0, 'lowest_confidence': 0.0}, 'speech_relation': {'type': 'response', 'justification': 'The speech directly addresses arguments presented by Mevrouw Leijten, indicating a rebuttal to prior statements.', 'confidence': 0.95}};0;38;0;h-tk-20142015-51-8;Mevrouw Van der Burg;VVD;Ik heb hier duidelijk gemaakt dat ik vind dat de wet uitgevoerd moet worden. Mevrouw Leijten haalt er allerlei argumenten bij van gemeenten die zeggen dat ze de wet niet hoeven uit te voeren. Ik heb de staatssecretaris gevraagd daarover met de VNG in overleg te gaan. Wij stellen hier niet voor niks wetten vast. Ik vind het nogal wat om als Kamer te zeggen: ach, we schorten dat maar even op.;2014-2015;5-2-2015;tk;handelingen;8 Jeugdzorg;https://zoek.officielebekendmakingen.nl/h-tk-20142015-51-8.html;https://zoek.officielebekendmakingen.nl/h-tk-20142015-51-8.xml;nr. 51, item 8;van der van der burg;I have made it clear here that I believe the law must be implemented. Ms Leijten cites all kinds of arguments from municipalities that say they do not have to implement the law. I have asked the State Secretary to consult with the VNG about this. It is not without reason that we establish laws here. I think it's quite something for a House to say: oh well, we'll just suspend that for a while.;0;0;0;0.0;0.0;0.0;Mevrouw Leijten;person;Mevrouw Leijten haalt er allerlei argumenten bij van gemeenten die zeggen dat ze de wet niet hoeven uit te voeren.;disagreeing;;;;;;;response;The speech directly addresses arguments presented by Mevrouw Leijten, indicating a rebuttal to prior statements.;0.95;
{'mentions': [], 'found_fallacy': [], 'summary': {'count': 0, 'average_confidence': 0.0, 'highest_confidence': 0.0, 'lowest_confidence': 0.0}, 'speech_relation': {'type': 'independent', 'justification': 'The speech does not reference or respond to a specific statement made by a previous speaker.', 'confidence': 1.0}};0;39;0;h-tk-20152016-40-8;De heer Smaling;SP;Er zijn meerdere schriftelijke vragen gesteld, die mooi kunnen worden meegenomen in het AO Omgevingswet dat later in januari plaatsvindt. Dat lijkt me adequaat.;2015-2016;12-1-2016;tk;handelingen;8 Regeling van werkzaamheden;https://zoek.officielebekendmakingen.nl/h-tk-20152016-40-8.html;https://zoek.officielebekendmakingen.nl/h-tk-20152016-40-8.xml;nr. 40, item 8;smaling;Several written questions have been asked, which can be included in the Environmental Act AO that will take place later in January. That seems appropriate to me.;0;0;0;0.0;0.0;0.0;;;;;;;;;;;independent;The speech does not reference or respond to a specific statement made by a previous speaker.;1.0;
{'mentions': [{'name': 'SP', 'type': 'party', 'quote': 'Namens de SP-fractie steun ik het voorstel.', 'mention_category': 'neutral'}], 'found_fallacy': [], 'summary': {'count': 0, 'average_confidence': 0.0, 'highest_confidence': 0.0, 'lowest_confidence': 0.0}, 'speech_relation': {'type': 'independent', 'justification': 'The statement is a standalone declaration of support without direct reference to prior speech content.', 'confidence': 0.8}};0;40;0;h-tk-20152016-49-27;De heer Bashir;SP;Namens de SP-fractie steun ik het voorstel.;2015-2016;2-2-2016;tk;handelingen;27 Doorstroming huurmarkt;https://zoek.officielebekendmakingen.nl/h-tk-20152016-49-27.html;https://zoek.officielebekendmakingen.nl/h-tk-20152016-49-27.xml;nr. 49, item 27;bashir;On behalf of the SP faction, I support the proposal.;0;0;0;0.0;0.0;0.0;SP;party;Namens de SP-fractie steun ik het voorstel.;neutral;;;;;;;independent;The statement is a standalone declaration of support without direct reference to prior speech content.;0.8;
{'mentions': [], 'found_fallacy': [], 'summary': {'count': 0, 'average_confidence': 0.0, 'highest_confidence': 0.0, 'lowest_confidence': 0.0}, 'speech_relation': {'type': 'independent', 'justification': 'No prior speech content provided to establish a direct response relationship.', 'confidence': 0.5}};0;41;0;h-tk-20152016-18-6;De heer Grashoff;GroenLinks;Geen steun voor het verzoek.;2015-2016;29-10-2015;tk;handelingen;6 Regeling van werkzaamheden;https://zoek.officielebekendmakingen.nl/h-tk-20152016-18-6.html;https://zoek.officielebekendmakingen.nl/h-tk-20152016-18-6.xml;nr. 18, item 6;grashoff;No support for the request.;0;0;0;0.0;0.0;0.0;;;;;;;;;;;independent;No prior speech content provided to establish a direct response relationship.;0.5;
"{'mentions': [{'name': 'de minister', 'type': 'person', 'quote': 'de minister die plannen meer als een soort aanmoediging of denkrichting ziet dan als echte concrete plannen', 'mention_category': 'disagreeing'}], 'found_fallacy': [], 'summary': {'count': 0, 'average_confidence': 0.0, 'highest_confidence': 0.0, 'lowest_confidence': 0.0}, 'speech_relation': {'type': 'independent', 'justification': ""The speech does not explicitly reference or respond to a prior speaker's statement, instead presenting a general critique of the minister's plans."", 'confidence': 0.7}}";0;42;0;h-tk-20152016-68-8;De heer Madlener;PVV;Ik begrijp dat de minister die plannen meer als een soort aanmoediging of denkrichting ziet dan als echte concrete plannen. Dat is misschien maar het beste ook, want ik geloof niet dat er echt veel realisme in die plannen zit.;2015-2016;23-3-2016;tk;handelingen;8 Energie;https://zoek.officielebekendmakingen.nl/h-tk-20152016-68-8.html;https://zoek.officielebekendmakingen.nl/h-tk-20152016-68-8.xml;nr. 68, item 8;madlener;I understand that the minister sees these plans more as a kind of encouragement or way of thinking than as real concrete plans. That might be for the best, because I don't think there's much realism in those plans.;0;0;0;0.0;0.0;0.0;de minister;person;de minister die plannen meer als een soort aanmoediging of denkrichting ziet dan als echte concrete plannen;disagreeing;;;;;;;independent;The speech does not explicitly reference or respond to a prior speaker's statement, instead presenting a general critique of the minister's plans.;0.7;
{'mentions': [{'name': 'Wilders', 'type': 'person', 'quote': 'van de heer Wilders te horen', 'mention_category': 'disagreeing'}], 'found_fallacy': [], 'summary': {'count': 0, 'average_confidence': 0.0, 'highest_confidence': 0.0, 'lowest_confidence': 0.0}, 'speech_relation': {'type': 'response', 'justification': 'The speech directly addresses Mr. Wilders with a question about his policies, indicating a response to his previous statements.', 'confidence': 0.95}};0;43;0;h-tk-20152016-14-2;De heer Slob;CU;Ja, testosteron, zeker. We weten echter ook dat het mensen zijn die soms reëel gevaar hebben gelopen. Mensen die bijvoorbeeld vanwege hun geloof vervolgd werden en hun land hebben verlaten. Het is dus echt belangrijk om van de heer Wilders te horen: wanneer wel? Is er wel ruimte voor om mensen op te vangen als ze in een dergelijke situatie terecht zijn gekomen en met gevaar voor eigen leven hun land hebben moeten verlaten?;2015-2016;14-10-2015;tk;handelingen;2 Europese top van 15-16 oktober 2015;https://zoek.officielebekendmakingen.nl/h-tk-20152016-14-2.html;https://zoek.officielebekendmakingen.nl/h-tk-20152016-14-2.xml;nr. 14, item 2;slob;Yes, testosterone, for sure. However, we also know that these are people who have sometimes been in real danger. For example, people who were persecuted because of their faith and left their country. So it is really important to hear from Mr Wilders: when? Is there room to accommodate people if they find themselves in such a situation and have had to leave their country at the risk of their own lives?;0;0;0;0.0;0.0;0.0;Wilders;person;van de heer Wilders te horen;disagreeing;;;;;;;response;The speech directly addresses Mr. Wilders with a question about his policies, indicating a response to his previous statements.;0.95;
"{'mentions': [], 'found_fallacy': [], 'summary': {'count': 0, 'average_confidence': 0.0, 'highest_confidence': 0.0, 'lowest_confidence': 0.0}, 'speech_relation': {'type': 'response', 'justification': ""The speech directly addresses a previous statement by using 'Als u zegt...' ('If you say...'), indicating a clear response to an earlier argument."", 'confidence': 0.95}}";0;44;0;h-tk-20152016-2-7;De heer Van Haersma Buma;CDA;"Als u zegt ""het geld is er niet"" en ""het kan niet"", dan moet u niet zelf een andere invulling voor de 5 miljard zoeken. Dat is een rare redenering. Of u zegt ""5 miljard op een andere manier, dan ja"" of u vindt het onverantwoord en dan moet u gewoon zeggen: eigenlijk hadden we vorig jaar al wel gelijk met die belastingverhoging; die hoeft niet zo veel meer naar beneden.";2015-2016;16-9-2015;tk;handelingen;7 Algemene Politieke Beschouwingen;https://zoek.officielebekendmakingen.nl/h-tk-20152016-2-7.html;https://zoek.officielebekendmakingen.nl/h-tk-20152016-2-7.xml;nr. 2, item 7;van van haersma buma;"If you say ""the money is not there"" and ""it is not possible"", then you should not look for another use for the 5 billion yourself. That's strange reasoning. Either you say ""5 billion in a different way, then yes"" or you find it irresponsible and then you should just say: we were actually right with that tax increase last year; it doesn't have to go down that much anymore.";0;0;0;0.0;0.0;0.0;;;;;;;;;;;response;The speech directly addresses a previous statement by using 'Als u zegt...' ('If you say...'), indicating a clear response to an earlier argument.;0.95;
"{'mentions': [{'name': 'SP', 'type': 'party', 'quote': 'De SP wil ook de grenzen openhouden voor al die vluchtelingen terwijl zij weet dat er helemaal niet genoeg woningen zijn', 'mention_category': 'disagreeing'}, {'name': 'SP', 'type': 'party', 'quote': 'De SP laat haar kiezers in de steek', 'mention_category': 'disagreeing'}], 'found_fallacy': [{'quote': 'De SP laat haar kiezers in de steek', 'explanation': ""Direct attack on SP's loyalty to voters, focusing on their perceived neglect rather than policy merits"", 'confidence': 0.9, 'local_topic': 'housing availability and immigration policy', 'target': 'SP', 'explicitness': 'explicit'}], 'summary': {'count': 1, 'average_confidence': 0.9, 'highest_confidence': 0.9, 'lowest_confidence': 0.9}, 'speech_relation': {'type': 'response', 'justification': ""The speech directly addresses the SP's policies and actions mentioned in the preceding debate"", 'confidence': 0.95}}";0;45;0;h-tk-20152016-12-6;De heer Madlener;PVV;De vergelijking met de kamer waarin er één stoel te weinig is, snap ik. Maar wat doet de SP? Zij zet de deur open en zegt: kom maar allemaal deze kamer in en zoek maar een stoel die er niet is. De SP wil ook de grenzen openhouden voor al die vluchtelingen terwijl zij weet dat er helemaal niet genoeg woningen zijn en dat Nederlanders die soms wel acht jaar op de wachtlijst staan, daardoor niet aan een woning kunnen komen. Ik vind dat echt onbegrijpelijk. Dat is nog afgezien van alle leefbaarheidsproblemen in de wijken die al die immigratie met zich brengt. De SP laat haar kiezers in de steek.;2015-2016;8-10-2015;tk;handelingen;6 Begroting Wonen en Rijksdienst;https://zoek.officielebekendmakingen.nl/h-tk-20152016-12-6.html;https://zoek.officielebekendmakingen.nl/h-tk-20152016-12-6.xml;nr. 12, item 6;madlener;I understand the comparison with the room in which there is one chair too few. But what does the SP do? She opens the door and says: everyone come into this room and find a chair that isn't there. The SP also wants to keep the borders open for all those refugees, while it knows that there are not enough homes and that Dutch people, who are sometimes on the waiting list for up to eight years, are therefore unable to find a home. I find that really incomprehensible. That's not to mention all the quality of life problems in the neighborhoods that all that immigration entails. The SP is letting its voters down.;0;1;1;0.9;0.9;0.9;SP|||SP;party|||party;De SP wil ook de grenzen openhouden voor al die vluchtelingen terwijl zij weet dat er helemaal niet genoeg woningen zijn|||De SP laat haar kiezers in de steek;disagreeing|||disagreeing;De SP laat haar kiezers in de steek;Direct attack on SP's loyalty to voters, focusing on their perceived neglect rather than policy merits;housing availability and immigration policy;SP;explicit;0.9;response;The speech directly addresses the SP's policies and actions mentioned in the preceding debate;0.95;
{'mentions': [], 'found_fallacy': [], 'summary': {'count': 0, 'average_confidence': 0.0, 'highest_confidence': 0.0, 'lowest_confidence': 0.0}, 'speech_relation': {'type': 'independent', 'justification': 'No explicit reference to a previous speaker or debate context is present in the statement.', 'confidence': 0.3}};0;46;0;h-tk-20152016-87-7;Mevrouw Volp;PvdA;Ik kom echt nog met genoeg munitie.;2015-2016;25-5-2016;tk;handelingen;7 Strafbaarstelling misbruik prostitué(e)s;https://zoek.officielebekendmakingen.nl/h-tk-20152016-87-7.html;https://zoek.officielebekendmakingen.nl/h-tk-20152016-87-7.xml;nr. 87, item 7;volp;I definitely still have enough ammunition.;0;0;0;0.0;0.0;0.0;;;;;;;;;;;independent;No explicit reference to a previous speaker or debate context is present in the statement.;0.3;
"{'mentions': [{'name': 'Van Toorenburg', 'type': 'person', 'quote': 'mijn reactie op de interventies van mevrouw Van Toorenburg', 'mention_category': 'neutral'}], 'found_fallacy': [], 'summary': {'count': 0, 'average_confidence': 0.0, 'highest_confidence': 0.0, 'lowest_confidence': 0.0}, 'speech_relation': {'type': 'response', 'justification': ""The speaker directly references responding to 'interventions' by another member, indicating a direct reply to prior statements."", 'confidence': 0.9}}";0;47;0;h-tk-20152016-91-12;Minister Plasterk;PvdA;Dat lijkt me een alleszins redelijke vraag, dus dat kan ik toezeggen. Strikt genomen is dit een vraag aan mijn collega van V en J, maar namens het kabinet kan ik dat toezeggen. Ik heb tegelijk met mijn reactie op de interventies van mevrouw Van Toorenburg het amendement nader besproken, dus daarmee heb ik alle vragen beantwoord.;2015-2016;2-6-2016;tk;handelingen;12 Paspoortwet;https://zoek.officielebekendmakingen.nl/h-tk-20152016-91-12.html;https://zoek.officielebekendmakingen.nl/h-tk-20152016-91-12.xml;nr. 91, item 12;plasterk;That seems like a completely reasonable question to me, so I can promise that. Strictly speaking, this is a question for my colleague from V and J, but on behalf of the cabinet I can promise that. I discussed the amendment in more detail at the same time as my response to Mrs Van Toorenburg's interventions, so I have answered all questions.;0;0;0;0.0;0.0;0.0;Van Toorenburg;person;mijn reactie op de interventies van mevrouw Van Toorenburg;neutral;;;;;;;response;The speaker directly references responding to 'interventions' by another member, indicating a direct reply to prior statements.;0.9;
"{'mentions': [{'name': 'staatssecretaris', 'type': 'person', 'quote': 'Het betoog van de staatssecretaris was helder', 'mention_category': 'disagreeing'}], 'found_fallacy': [], 'summary': {'count': 0, 'average_confidence': 0.0, 'highest_confidence': 0.0, 'lowest_confidence': 0.0}, 'speech_relation': {'type': 'response', 'justification': ""The speech directly addresses the staatssecretaris's argument and challenges her position on airline subsidies."", 'confidence': 0.8}}";0;48;0;h-tk-20152016-89-30;Mevrouw Van Tongeren;GroenLinks;Het betoog van de staatssecretaris was helder: hiermee worden de luchtvaartmaatschappijen zes jaar lang ontzien. Ik begreep impliciet ook dat zij niet meegaat in mijn redenering dat de belastingbetaler daarmee eigenlijk niet ontzien wordt, want de staatssecretaris vindt dat het in balans is. Als de staatssecretaris dat niet in een van de andere blokjes gaat uitwerken, kan zij misschien nu antwoord geven op mijn vraag. De luchtvaartmaatschappijen hebben een onderhandelingspositie en kunnen besluiten om naar deze luchthaven of een andere te gaan. Schiphol heeft er belang bij dat er goede luchtvaartmaatschappijen op zijn luchthaven komen. De overheid grijpt nu in, waardoor er minder rendement uit Schiphol komt. Dat betekent minder inkomsten in de staatskas. Waarom vindt de staatssecretaris het gerechtvaardigd dat die kosten voor de belastingbetaler zijn?;2015-2016;31-5-2016;tk;handelingen;30 Exploitatie luchthaven Schiphol;https://zoek.officielebekendmakingen.nl/h-tk-20152016-89-30.html;https://zoek.officielebekendmakingen.nl/h-tk-20152016-89-30.xml;nr. 89, item 30;van van tongeren;The State Secretary's argument was clear: this means that the airlines will be spared for six years. I also implicitly understood that she does not agree with my reasoning that this does not actually spare the taxpayer, because the State Secretary believes that it is in balance. If the State Secretary is not going to work this out in one of the other blocks, she may be able to answer my question now. The airlines have a negotiating position and can decide to go to this airport or another. Schiphol has an interest in good airlines visiting its airport. The government is now intervening, resulting in less return from Schiphol. That means less income in the state treasury. Why does the State Secretary consider it justified that these costs should be borne by the taxpayer?;0;0;0;0.0;0.0;0.0;staatssecretaris;person;Het betoog van de staatssecretaris was helder;disagreeing;;;;;;;response;The speech directly addresses the staatssecretaris's argument and challenges her position on airline subsidies.;0.8;
"{'mentions': [], 'found_fallacy': [], 'summary': {'count': 0, 'average_confidence': 0.0, 'highest_confidence': 0.0, 'lowest_confidence': 0.0}, 'speech_relation': {'type': 'independent', 'justification': ""The speech segment presents the speaker's own arguments without directly addressing or responding to a previous speaker's statement."", 'confidence': 0.95}}";0;49;0;h-tk-20152016-80-4;Mevrouw Van Ark;VVD;Ik sla aan op de zaken die de initiatiefnemer zelf aangeeft en die ook door de Raad van State en partijen in het veld worden aangegeven. Zij zeggen: het probleem is er, dat delen wij, maar wij zien niet in dat we het probleem oplossen met de instrumenten die vandaag voorliggen in de Kamer. Ik heb die vragen ook gesteld en ik probeer suggesties te doen. Ik reik zaken aan die naast wetgeving zouden kunnen werken. Je kunt heel veel zaken met wetgeving regelen, maar de samenleving heeft ook de taak om de schouders eronder te zetten.;2015-2016;21-4-2016;tk;handelingen;4 Initiatiefwetsvoorstel-Yücel gelijke beloning;https://zoek.officielebekendmakingen.nl/h-tk-20152016-80-4.html;https://zoek.officielebekendmakingen.nl/h-tk-20152016-80-4.xml;nr. 80, item 4;van van ark;I refer to the matters that the initiator himself indicates and that are also indicated by the Council of State and parties in the field. They say: the problem is there, we share that, but we do not see that we can solve the problem with the instruments that are before the House today. I've asked those questions too and I'm trying to make suggestions. I suggest issues that could work alongside legislation. You can regulate many things with legislation, but society also has the task of putting its shoulders to the wheel.;0;0;0;0.0;0.0;0.0;;;;;;;;;;;independent;The speech segment presents the speaker's own arguments without directly addressing or responding to a previous speaker's statement.;0.95;
"{'mentions': [], 'found_fallacy': [], 'summary': {'count': 0, 'average_confidence': 0.0, 'highest_confidence': 0.0, 'lowest_confidence': 0.0}, 'speech_relation': {'type': 'independent', 'justification': ""The speech does not explicitly reference or respond to the previous speaker's statement, instead presenting a general procedural statement about reassessing a request."", 'confidence': 0.5}}";0;50;0;h-tk-20152016-31-24;De heer Grashoff;GroenLinks;Nu verlenen wij geen steun voor het verzoek. Na de beantwoording van de vragen beoordelen wij dit verzoek opnieuw.;2015-2016;1-12-2015;tk;handelingen;24 Regeling van werkzaamheden;https://zoek.officielebekendmakingen.nl/h-tk-20152016-31-24.html;https://zoek.officielebekendmakingen.nl/h-tk-20152016-31-24.xml;nr. 31, item 24;grashoff;We currently do not support the request. After answering the questions, we will reassess this request.;0;0;0;0.0;0.0;0.0;;;;;;;;;;;independent;The speech does not explicitly reference or respond to the previous speaker's statement, instead presenting a general procedural statement about reassessing a request.;0.5;
{'mentions': [], 'found_fallacy': [], 'summary': {'count': 0, 'average_confidence': 0.0, 'highest_confidence': 0.0, 'lowest_confidence': 0.0}, 'speech_relation': {'type': 'independent', 'justification': 'The statement is a general question without direct reference to prior remarks or specific contextual triggers.', 'confidence': 0.3}};0;51;0;h-tk-20152016-32-14;Mevrouw Karabulut;SP;Is dat onderdeel van de 100 miljoen of is het een ander potje?;2015-2016;2-12-2015;tk;handelingen;14 Begroting Sociale Zaken en Werkgelegenheid;https://zoek.officielebekendmakingen.nl/h-tk-20152016-32-14.html;https://zoek.officielebekendmakingen.nl/h-tk-20152016-32-14.xml;nr. 32, item 14;karabulut;Is that part of the 100 million or is it a different pot?;0;0;0;0.0;0.0;0.0;;;;;;;;;;;independent;The statement is a general question without direct reference to prior remarks or specific contextual triggers.;0.3;
{'mentions': [{'name': 'PVV', 'type': 'party', 'quote': 'PVV de SP opriep om toch vooral destructief te blijven', 'mention_category': 'disagreeing'}, {'name': 'SP', 'type': 'party', 'quote': 'PVV de SP opriep om toch vooral destructief te blijven', 'mention_category': 'disagreeing'}, {'name': 'D66', 'type': 'party', 'quote': 'Het uitgangspunt van D66 voor deze belastinghervorming is dat het meer moet gaan lonen om te werken', 'mention_category': 'neutral'}], 'found_fallacy': [], 'summary': {'count': 0, 'average_confidence': 0.0, 'highest_confidence': 0.0, 'lowest_confidence': 0.0}, 'speech_relation': {'type': 'independent', 'justification': 'The speech does not directly reference or respond to a specific statement made by a previous speaker.', 'confidence': 0.85}};0;52;0;h-tk-20152016-22-17;De heer Van Weyenberg;D66;"Gezondheid nog, voorzitter. Dat was een bijzonder moment, waarop de PVV de SP opriep om toch vooral destructief te blijven. Zo leer je nog eens iets op zo'n avond.
Voorzitter. Ons belastingstelsel uit 2001 is aan een flinke vernieuwing en grote verbouwing toe. Het is ingewikkeld, het barst van de aftrekposten en vrijstellingen en — dat is het allerslechtst — het remt de werkgelegenheid. De sluipmoordenaar, zo noemde de staatssecretaris de beruchte wig tussen wat een werkgever moet betalen aan loonkosten en wat iemand aan nettoloon overhoudt, wat heel weinig is. Door de hoge belasting op arbeid is het in dienst nemen van werknemers duur voor werkgevers en houdt een werknemer van zijn of haar werk weinig over. Dat motiveert natuurlijk niet genoeg om de stap naar werk te zetten of om bijvoorbeeld een dag extra te gaan werken. Het uitgangspunt van D66 voor deze belastinghervorming is dat het meer moet gaan lonen om te werken en mensen in dienst te nemen. Ook is D66 voor vergroening. Ondanks het herstel van de economie blijft de werkloosheid hoog. Er staan nog steeds 600.000 mensen onvrijwillig aan de kant. De inmiddels beroemde 5 miljard euro had de smeerolie moeten zijn voor een belastingherziening die per saldo de lasten op arbeid veel forser zou weten te verlagen. Dit was een kans om met kracht de aanval te openen op de werkloosheid, maar ik kan slechts concluderen dat die draaideurcrimineel nu misschien wat wordt afgeremd, maar nog steeds zijn vernietigende werk op de arbeidsmarkt kan doen. Het kabinet heeft de kans op een ambitieuze belastingherziening laten lopen. Dat zegt niet alleen D66, maar dat zeggen ook de Raad van State, de Rekenkamer, het Centraal Planbureau en sinds vandaag ook het IMF. Het IMF heeft zich vandaag namelijk aangesloten bij de grote groep landen die zegt dat Nederland die belastingen fors moet hervormen.";2015-2016;10-11-2015;tk;handelingen;17 Pakket Belastingplan 2016;https://zoek.officielebekendmakingen.nl/h-tk-20152016-22-17.html;https://zoek.officielebekendmakingen.nl/h-tk-20152016-22-17.xml;nr. 22, item 17;van van weyenberg;"Good health, Chairman. That was a special moment, when the PVV called on the SP to remain destructive. This way you learn something on an evening like this.
Chair. Our tax system from 2001 is in need of a major overhaul and major renovation. It's complicated, it's chock-full of deductions and exemptions and, worst of all, it slows down employment. The silent killer, as the State Secretary called the infamous wedge between what an employer has to pay in wage costs and what someone keeps in net salary, which is very little. Due to the high tax on labor, hiring employees is expensive for employers and an employee has little left over from his or her work. Of course, that is not enough motivation to take the step to work or, for example, to work an extra day. D66's starting point for this tax reform is that it should pay more to work and employ people. D66 is also in favor of greening. Despite the economic recovery, unemployment remains high. There are still 600,000 people involuntarily sidelined. The now famous 5 billion euros should have been the lubricant for a tax reform that, on balance, would reduce labor costs much more significantly. This was an opportunity to launch a forceful attack on unemployment, but I can only conclude that this revolving door criminal may now be slowed down a bit, but can still do its destructive work on the labor market. The government has missed the opportunity for an ambitious tax reform. Not only D66 says this, but also the Council of State, the Court of Audit, the Central Planning Bureau and since today also the IMF. Today the IMF has joined the large group of countries that say that the Netherlands must significantly reform those taxes.";0;0;0;0.0;0.0;0.0;PVV|||SP|||D66;party|||party|||party;PVV de SP opriep om toch vooral destructief te blijven|||PVV de SP opriep om toch vooral destructief te blijven|||Het uitgangspunt van D66 voor deze belastinghervorming is dat het meer moet gaan lonen om te werken;disagreeing|||disagreeing|||neutral;;;;;;;independent;The speech does not directly reference or respond to a specific statement made by a previous speaker.;0.85;
"{'mentions': [{'name': 'Kamerlid', 'type': 'person', 'quote': 'niet zozeer om het blij maken van een Kamerlid', 'mention_category': 'neutral'}, {'name': 'staatssecretaris', 'type': 'person', 'quote': 'de staatssecretaris hier uitspreekt', 'mention_category': 'neutral'}], 'found_fallacy': [], 'summary': {'count': 0, 'average_confidence': 0.0, 'highest_confidence': 0.0, 'lowest_confidence': 0.0}, 'speech_relation': {'type': 'independent', 'justification': ""The speech segment presents the speaker's own questions and policy concerns without directly addressing or responding to the previous speaker's statements."", 'confidence': 0.95}}";0;53;0;h-tk-20152016-53-13;De heer Van Helvert;CDA;"Het gaat mij vooral om het blij maken van de omwonenden en Schiphol en niet zozeer om het blij maken van een Kamerlid. Dank echter voor de intentie die de staatssecretaris hier uitspreekt.
Ik had ook nog een andere vraag, over het staand beleid over de staande masten. Ik begreep niet precies wat de staatssecretaris zei. Begrijp ik goed dat het al beleid is dat die masten daar niet meer langs mogen varen? Dat zou namelijk toch te belachelijk voor woorden zijn. Het is een heel cultureel verantwoorde route en er kunnen daardoor echt niet minder vliegtuigen landen. Je zou toch op zijn minst afspraken kunnen maken met dit soort culturele instellingen. Als dit zo is, heb ik de behoefte om voordat we gaan stemmen nog een amendement in te dienen om dit weer te schrappen.";2015-2016;10-2-2016;tk;handelingen;13 Normen- en handhavingstelsel Schiphol;https://zoek.officielebekendmakingen.nl/h-tk-20152016-53-13.html;https://zoek.officielebekendmakingen.nl/h-tk-20152016-53-13.xml;nr. 53, item 13;van van helvert;"For me it is mainly about making local residents and Schiphol happy and not so much about making a Member of Parliament happy. Thank you, however, for the intention expressed here by the State Secretary.
I also had another question, about the standing policy regarding the standing masts. I didn't understand exactly what the State Secretary said. Do I understand correctly that it is already policy that those masts are no longer allowed to sail past there? That would be too ridiculous for words. It is a very culturally responsible route and therefore fewer planes can land there. You could at least make agreements with these types of cultural institutions. If this is the case, I feel the need to table another amendment before we vote to delete this again.";0;0;0;0.0;0.0;0.0;Kamerlid|||staatssecretaris;person|||person;niet zozeer om het blij maken van een Kamerlid|||de staatssecretaris hier uitspreekt;neutral|||neutral;;;;;;;independent;The speech segment presents the speaker's own questions and policy concerns without directly addressing or responding to the previous speaker's statements.;0.95;
"{'mentions': [{'name': 'Tusk', 'type': 'person', 'quote': 'EU-voorzitter Tusk', 'mention_category': 'neutral'}], 'found_fallacy': [], 'summary': {'count': 0, 'average_confidence': 0.0, 'highest_confidence': 0.0, 'lowest_confidence': 0.0}, 'speech_relation': {'type': 'independent', 'justification': ""The speech segment discusses motions and policy actions without directly referencing or responding to a previous speaker's statement."", 'confidence': 0.9}}";0;54;0;h-tk-20152016-5-3;Staatssecretaris Dijkhoff;VVD;Datgene waarvoor in de motie op stuk nr. 331 wordt gepleit, wordt al gedaan door EU-voorzitter Tusk. De andere moties betreffen iets wat nog niet in de kabinetsbrief stond, maar wat de regering wel voornemens is vanavond te doen. Daarom zijn die moties ondersteuning van beleid. Dat is één van de vele verschillen tussen deze drie moties, waarbij mij in de moties op de stukken nrs. 336 en 324 vooral de overeenkomsten troffen.;2015-2016;23-9-2015;tk;handelingen;3 Gemeenschappelijk asielbeleid;https://zoek.officielebekendmakingen.nl/h-tk-20152016-5-3.html;https://zoek.officielebekendmakingen.nl/h-tk-20152016-5-3.xml;nr. 5, item 3;dijkhoff;What is advocated for in the motion on document no. 331 is already being done by EU President Tusk. The other motions concern something that was not yet included in the cabinet letter, but which the government intends to do tonight. That is why these motions support policy. That is one of the many differences between these three motions, and I was particularly struck by the similarities in the motions on documents nos. 336 and 324.;0;0;0;0.0;0.0;0.0;Tusk;person;EU-voorzitter Tusk;neutral;;;;;;;independent;The speech segment discusses motions and policy actions without directly referencing or responding to a previous speaker's statement.;0.9;
"{'mentions': [], 'found_fallacy': [], 'summary': {'count': 0, 'average_confidence': 0.0, 'highest_confidence': 0.0, 'lowest_confidence': 0.0}, 'speech_relation': {'type': 'independent', 'justification': ""The speech segment does not explicitly reference or respond to the previous speaker's statement, instead presenting an independent contribution to the debate."", 'confidence': 0.9}}";0;55;0;h-tk-20152016-85-11;Mevrouw Straus;VVD;Geen steun voor een plenair debat, maar wel steun voor het betrekken hiervan bij het algemeen overleg. Ik ontvang ook graag een brief van de staatssecretaris met een reactie hierop.;2015-2016;19-5-2016;tk;handelingen;11 Regeling van werkzaamheden;https://zoek.officielebekendmakingen.nl/h-tk-20152016-85-11.html;https://zoek.officielebekendmakingen.nl/h-tk-20152016-85-11.xml;nr. 85, item 11;straus;No support for a plenary debate, but support for including this in the general consultation. I would also like to receive a letter from the State Secretary with a response to this.;0;0;0;0.0;0.0;0.0;;;;;;;;;;;independent;The speech segment does not explicitly reference or respond to the previous speaker's statement, instead presenting an independent contribution to the debate.;0.9;
"{'mentions': [{'name': 'Van Tongeren', 'type': 'person', 'quote': 'mevrouw Van Tongeren', 'mention_category': 'neutral'}, {'name': 'Van Weyenberg', 'type': 'person', 'quote': 'de heer Van Weyenberg', 'mention_category': 'disagreeing'}], 'found_fallacy': [{'quote': 'Ik zie ook de heer Van Weyenberg niet, maar die begint altijd vies te kijken als hij dat hoort.', 'explanation': ""Attacks the target's physical reaction rather than their argument about European resource policy."", 'confidence': 0.8, 'local_topic': 'Europees bronbeleid', 'target': 'Van Weyenberg', 'explicitness': 'explicit'}], 'summary': {'count': 1, 'average_confidence': 0.8, 'highest_confidence': 0.8, 'lowest_confidence': 0.8}, 'speech_relation': {'type': 'response', 'justification': 'Directly references previous speakers (Van Tongeren and Van Weyenberg) and addresses their arguments.', 'confidence': 0.95}}";0;56;0;h-tk-20152016-71-5;Staatssecretaris Wiebes;VVD;"Ik ga de beantwoording toch doen, met spijt dat mevrouw Van Tongeren hier niet is. Zij heeft immers een goede vraag gesteld: hoe moet het dan? Voor duurzaamheid zetten wij in op Europees bronbeleid. Ik zie ook de heer Van Weyenberg niet, maar die begint altijd vies te kijken als hij dat hoort. Wij zetten in op Europees bronbeleid, omdat dat werkt. Dankzij Europees bronbeleid zal de CO
In juni komt de Europese Commissie met een concreet voorstel. Dat is efficiënt milieubeleid. Dat zorgt ervoor dat ook met deze Autobrief auto's niet viezer worden. Nee, zeg ik in de richting van de heer Van Weyenberg, het is niet waar dat ze viezer worden. Overigens denk ik niet dat de heer Van Weyenberg vies of schoon bedoelt maar dat hij doelt op CO";2015-2016;30-3-2016;tk;handelingen;5 Uitwerking Autobrief II;https://zoek.officielebekendmakingen.nl/h-tk-20152016-71-5.html;https://zoek.officielebekendmakingen.nl/h-tk-20152016-71-5.xml;nr. 71, item 5;wiebes;"I'm going to answer it anyway, with regret that Mrs. Van Tongeren is not here. After all, she asked a good question: how should it be done? For sustainability, we focus on European source policy. I don't see Mr. Van Weyenberg either, but he always starts to look dirty when he hears that. We focus on European source policy, because it works. Thanks to European source policy, the CO
The European Commission will present a concrete proposal in June. That is efficient environmental policy. This ensures that cars do not become dirtier with this Autobrief. No, I say to Mr Van Weyenberg, it is not true that they are getting dirtier. By the way, I don't think that Mr Van Weyenberg means dirty or clean, but that he is referring to CO";0;1;1;0.8;0.8;0.8;Van Tongeren|||Van Weyenberg;person|||person;mevrouw Van Tongeren|||de heer Van Weyenberg;neutral|||disagreeing;Ik zie ook de heer Van Weyenberg niet, maar die begint altijd vies te kijken als hij dat hoort.;Attacks the target's physical reaction rather than their argument about European resource policy.;Europees bronbeleid;Van Weyenberg;explicit;0.8;response;Directly references previous speakers (Van Tongeren and Van Weyenberg) and addresses their arguments.;0.95;
"{'mentions': [{'name': 'de minister', 'type': 'person', 'quote': 'De minister schrijft: ik heb het WOB-dossier van de politie rechtstreek doorgezet naar de Kamer en dat had ik niet moeten doen', 'mention_category': 'disagreeing'}], 'found_fallacy': [], 'summary': {'count': 0, 'average_confidence': 0.0, 'highest_confidence': 0.0, 'lowest_confidence': 0.0}, 'speech_relation': {'type': 'independent', 'justification': ""The speech segment presents a general analysis of the minister's actions without direct reference to a preceding statement or speaker."", 'confidence': 0.7}}";0;57;0;h-tk-20152016-44-6;De heer Recourt;PvdA;Toch denk ik dat dit wel de afweging is. De minister schrijft: ik heb het WOB-dossier van de politie rechtstreek doorgezet naar de Kamer en dat had ik niet moeten doen, want ik had een eigen afweging moeten maken. Ik ga ervan uit dat dit zo is. Ik moet dan afwegen hoe ernstig ik dat inschat.;2015-2016;20-1-2016;tk;handelingen;6 Onderzoek naar professor Maat;https://zoek.officielebekendmakingen.nl/h-tk-20152016-44-6.html;https://zoek.officielebekendmakingen.nl/h-tk-20152016-44-6.xml;nr. 44, item 6;recourt;Still, I think this is the trade-off. The minister writes: I forwarded the police WOB file directly to the House and I should not have done that, because I should have made my own decision. I assume this is so. I then have to consider how seriously I take that.;0;0;0;0.0;0.0;0.0;de minister;person;De minister schrijft: ik heb het WOB-dossier van de politie rechtstreek doorgezet naar de Kamer en dat had ik niet moeten doen;disagreeing;;;;;;;independent;The speech segment presents a general analysis of the minister's actions without direct reference to a preceding statement or speaker.;0.7;
{'mentions': [], 'found_fallacy': [], 'summary': {'count': 0, 'average_confidence': 0.0, 'highest_confidence': 0.0, 'lowest_confidence': 0.0}, 'speech_relation': {'type': 'independent', 'justification': 'No prior speech content provided to establish a direct response relationship.', 'confidence': 0.0}};0;58;0;h-tk-20152016-105-15;Staatssecretaris Van Rijn;PvdA;Ik heb al gezegd dat ik daarnaar zal kijken. Ik zal me baseren op het oordeel van de inspectie daarover.;2015-2016;6-7-2016;tk;handelingen;15 Verpleeghuiszorg;https://zoek.officielebekendmakingen.nl/h-tk-20152016-105-15.html;https://zoek.officielebekendmakingen.nl/h-tk-20152016-105-15.xml;nr. 105, item 15;van van rijn;I already said I'll look into that. I will base myself on the inspection's assessment of this.;0;0;0;0.0;0.0;0.0;;;;;;;;;;;independent;No prior speech content provided to establish a direct response relationship.;0.0;
"{'mentions': [{'name': 'SGP', 'type': 'party', 'quote': 'de SGP', 'mention_category': 'neutral'}], 'found_fallacy': [], 'summary': {'count': 0, 'average_confidence': 0.0, 'highest_confidence': 0.0, 'lowest_confidence': 0.0}, 'speech_relation': {'type': 'independent', 'justification': ""The speech segment presents a general analysis of the SGP's policy stance without direct reference to a preceding speaker's statement."", 'confidence': 0.8}}";0;59;0;h-tk-20152016-56-11;Mevrouw Yücel;PvdA;Op zich begrijp ik de opstelling van de SGP wel. Ik respecteer dat het gedachtegoed en de politiek van de SGP een bepaalde opvatting over het huwelijk met zich meebrengen: het is voor het leven, en misschien met religieuze normen daarbij. Daar wil ik niet in treden. Erkent de SGP echter wel dat het waardevol is om vechtscheidingen te voorkomen en dat dit basisstelsel waarschijnlijk in de praktijk discussies over wat van jou en wat van mij is, eerder weg kan nemen?;2015-2016;17-2-2016;tk;handelingen;11 Beperken wettelijke gemeenschap van goederen;https://zoek.officielebekendmakingen.nl/h-tk-20152016-56-11.html;https://zoek.officielebekendmakingen.nl/h-tk-20152016-56-11.xml;nr. 56, item 11;yücel;I do understand the position of the SGP. I respect that the ideas and politics of the SGP entail a certain view on marriage: it is for life, and perhaps with religious norms. I don't want to get into that. However, does the SGP recognize that it is valuable to prevent contested divorces and that this basic system can probably, in practice, eliminate discussions about what is yours and what is mine?;0;0;0;0.0;0.0;0.0;SGP;party;de SGP;neutral;;;;;;;independent;The speech segment presents a general analysis of the SGP's policy stance without direct reference to a preceding speaker's statement.;0.8;
"{'mentions': [{'name': 'Partij van de Arbeid', 'type': 'party', 'quote': 'van de Partij van de Arbeid', 'mention_category': 'neutral'}, {'name': 'SGP', 'type': 'party', 'quote': 'van de SGP', 'mention_category': 'neutral'}, {'name': 'ChristenUnie', 'type': 'party', 'quote': 'en de ChristenUnie', 'mention_category': 'neutral'}], 'found_fallacy': [], 'summary': {'count': 0, 'average_confidence': 0.0, 'highest_confidence': 0.0, 'lowest_confidence': 0.0}, 'speech_relation': {'type': 'response', 'justification': ""The speaker references prior parliamentary motions ('Kamermoties') and ongoing discussion, indicating engagement with previous debate topics."", 'confidence': 0.8}}";0;60;0;h-tk-20152016-28-26;Mevrouw Dik-Faber;CU;Over dit onderwerp zijn al verschillende Kamermoties aangenomen, volgens mij van de Partij van de Arbeid en een motie van de SGP en de ChristenUnie. Er is nu een brief gekomen, maar wij willen toch heel graag verder hierover spreken omdat er nog steeds onrust over is. Steun dus voor het verzoek.;2015-2016;24-11-2015;tk;handelingen;26 Regeling van werkzaamheden;https://zoek.officielebekendmakingen.nl/h-tk-20152016-28-26.html;https://zoek.officielebekendmakingen.nl/h-tk-20152016-28-26.xml;nr. 28, item 26;dik-faber;Several parliamentary motions have already been adopted on this subject, I believe from the Labor Party and a motion from the SGP and the Christian Union. A letter has now arrived, but we would really like to discuss this further because there is still unrest about it. So support the request.;0;0;0;0.0;0.0;0.0;Partij van de Arbeid|||SGP|||ChristenUnie;party|||party|||party;van de Partij van de Arbeid|||van de SGP|||en de ChristenUnie;neutral|||neutral|||neutral;;;;;;;response;The speaker references prior parliamentary motions ('Kamermoties') and ongoing discussion, indicating engagement with previous debate topics.;0.8;
"{'mentions': [{'name': 'Lea Bouwmeester', 'type': 'person', 'quote': 'samen met collega Lea Bouwmeester', 'mention_category': 'neutral'}, {'name': 'Dijsselbloem', 'type': 'person', 'quote': 'minister Dijsselbloem', 'mention_category': 'disagreeing'}], 'found_fallacy': [], 'summary': {'count': 0, 'average_confidence': 0.0, 'highest_confidence': 0.0, 'lowest_confidence': 0.0}, 'speech_relation': {'type': 'response', 'justification': ""The speech directly references Minister Dijsselbloem's previous interview and policy approach, indicating a reply to prior statements."", 'confidence': 0.8}}";0;61;0;h-tk-20152016-86-5;Mevrouw Oosenbrug;PvdA;"Ik heb, samen met collega Lea Bouwmeester, een mooi lobbyvoorstel voorgelegd aan de Kamer en volgens mij ontstaat daar meer animo voor.
Vorig jaar mei heeft minister Dijsselbloem een interview gegeven waarin hij dit aanpakte en waarin hij zei dat politici er zelf voor moeten zorgen dat zij de afkoelingsperiode in acht nemen, omdat die elke schijn van belangenverstrengeling uit de weg ruimt. Hoe kijkt de minister daartegen aan? Is het niet verstandiger als zij nu al zegt dat zij na deze periode niet direct aan de slag gaat bij iets waarbij zelfs ook maar een schijn van belangenverstrengeling kan ontstaan?";2015-2016;24-5-2016;tk;handelingen;5 Vragenuur: Vragen Van Tongeren;https://zoek.officielebekendmakingen.nl/h-tk-20152016-86-5.html;https://zoek.officielebekendmakingen.nl/h-tk-20152016-86-5.xml;nr. 86, item 5;oosenbrug;"Together with my colleague Lea Bouwmeester, I have submitted a nice lobbying proposal to the House and I think this will create more interest.
Last May, Minister Dijsselbloem gave an interview in which he addressed this and in which he said that politicians must ensure that they observe the cooling-off period, because it removes any appearance of a conflict of interest. How does the minister view this? Wouldn't it be wiser if she said now that after this period she will not immediately start working on anything that could create even the appearance of a conflict of interest?";0;0;0;0.0;0.0;0.0;Lea Bouwmeester|||Dijsselbloem;person|||person;samen met collega Lea Bouwmeester|||minister Dijsselbloem;neutral|||disagreeing;;;;;;;response;The speech directly references Minister Dijsselbloem's previous interview and policy approach, indicating a reply to prior statements.;0.8;
"{'mentions': [], 'found_fallacy': [], 'summary': {'count': 0, 'average_confidence': 0.0, 'highest_confidence': 0.0, 'lowest_confidence': 0.0}, 'speech_relation': {'type': 'independent', 'justification': ""The speech makes a general statement about parliamentary dynamics without directly addressing a previous speaker's remarks."", 'confidence': 0.95}}";0;62;0;h-tk-20152016-106-46;Minister Schultz van Haegen-Maas Geesteranus;VVD;Ik wil mij daar graag heel helder over uitspreken, maar wij weten allemaal dat de verhoudingen in de Kamer op dit dossier al jaren complex zijn. De regering wil graag prioriteit geven aan de totstandkoming van wetgeving waarmee de inzet van gewapende particuliere beveiligers mogelijk wordt en zij laat de motie daarmee dus ook aan het oordeel van de Kamer, wetende dat de verhoudingen in de Kamer divers liggen op dit vlak.;2015-2016;7-7-2016;tk;handelingen;46 Bescherming Nederlandse schepen tegen piraterij;https://zoek.officielebekendmakingen.nl/h-tk-20152016-106-46.html;https://zoek.officielebekendmakingen.nl/h-tk-20152016-106-46.xml;nr. 106, item 46;van schultz haegen-maas geesteranus;I would like to be very clear about this, but we all know that the relationships in the House on this dossier have been complex for years. The government would like to give priority to the creation of legislation that will enable the deployment of armed private security guards and will therefore leave the motion to the discretion of the House, knowing that the relationships in the House vary in this area.;0;0;0;0.0;0.0;0.0;;;;;;;;;;;independent;The speech makes a general statement about parliamentary dynamics without directly addressing a previous speaker's remarks.;0.95;
{'mentions': [], 'found_fallacy': [], 'summary': {'count': 0, 'average_confidence': 0.0, 'highest_confidence': 0.0, 'lowest_confidence': 0.0}, 'speech_relation': {'type': 'independent', 'justification': 'The speech focuses on procedural matters and budgetary principles without directly addressing prior statements or specific opponents.', 'confidence': 0.95}};0;63;0;h-tk-20152016-8-4;De heer Harbers;VVD;Ook mijn fractie heeft gevraagd naar die analyse. Daar is het bij de Algemene Beschouwingen over gegaan. Er zijn signalen afgegeven aan het kabinet. We moeten weten waarover wij het hebben, maar ik geef geen blanco cheque in de zin van: wij steunen ieder amendement. De dekking maakt namelijk ook nog wel wat uit. Wat dat betreft lopen de wensen enorm uiteen. We hebben gelukkig nog het hele najaar te gaan. We kunnen dan kijken of wij het eens kunnen worden in de Kamer. Ik heb echter ook liever dat alle begrotingen deugen en dat geen enkele begroting nog open vragen bevat.;2015-2016;30-9-2015;tk;handelingen;4 Algemene Financiële Beschouwingen;https://zoek.officielebekendmakingen.nl/h-tk-20152016-8-4.html;https://zoek.officielebekendmakingen.nl/h-tk-20152016-8-4.xml;nr. 8, item 4;harbers;My group has also asked about that analysis. That is what the General Considerations were about. Signals have been sent to the cabinet. We have to know what we are talking about, but I am not giving a blank check in the sense of: we support every amendment. The coverage also makes a difference. In that respect, wishes vary enormously. Fortunately, we still have the whole autumn to go. We can then see whether we can reach agreement in the House. However, I would also prefer that all budgets are sound and that no budgets contain any open questions.;0;0;0;0.0;0.0;0.0;;;;;;;;;;;independent;The speech focuses on procedural matters and budgetary principles without directly addressing prior statements or specific opponents.;0.95;
{'mentions': [], 'found_fallacy': [], 'summary': {'count': 0, 'average_confidence': 0.0, 'highest_confidence': 0.0, 'lowest_confidence': 0.0}, 'speech_relation': {'type': 'independent', 'justification': 'The speech does not directly reference or respond to a specific statement made by a previous speaker.', 'confidence': 0.0}};0;64;0;h-tk-20152016-75-30-n1;De heer Madlener;PVV;"Ik weet niet of Volkswagen zich niet aan de regels heeft gehouden. Het kan ook zo zijn dat de regels zo slecht in elkaar zitten en onhaalbaar zijn dat ze leiden tot dit gedrag. Dat is wat ik vermoed. Ik vermoed dat dit milieuregels zijn waarover politici kunnen zeggen ""kijk eens hoe streng wij zijn met onze uitstoot"", terwijl de praktijk ondertussen totaal niet klopt met de werkelijkheid. Zo bedoel ik het. Het is milieubeleid dat in de praktijk totaal verkeerd uitpakt.";2015-2016;12-4-2016;tk;handelingen;30 Uitstoot van dieselauto's;https://zoek.officielebekendmakingen.nl/h-tk-20152016-75-30-n1.html;https://zoek.officielebekendmakingen.nl/h-tk-20152016-75-30-n1.xml;nr. 75, item 30;madlener;"I don't know if Volkswagen didn't adhere to the rules. It may also be the case that the rules are so poorly constructed and unattainable that they lead to this behavior. That's what I suspect. I suspect that these are environmental regulations about which politicians can say ""look how strict we are with our emissions"", while in the meantime the practice is completely at odds with reality. That's what I mean. It is an environmental policy that turns out completely wrong in practice.";0;0;0;0.0;0.0;0.0;;;;;;;;;;;independent;The speech does not directly reference or respond to a specific statement made by a previous speaker.;0.0;
"{'mentions': [], 'found_fallacy': [], 'summary': {'count': 0, 'average_confidence': 0.0, 'highest_confidence': 0.0, 'lowest_confidence': 0.0}, 'speech_relation': {'type': 'response', 'justification': ""The speech references the speaker's own prior action ('mijn keuze om gisteren die vragen...') indicating continuation of a previous discussion."", 'confidence': 0.8}}";0;65;0;h-tk-20152016-27-8;De heer Ten Broeke;VVD;Het heeft iets te maken met mijn keuze om gisteren die vragen in eerste termijn te stellen. Ik heb er volgens mij recht op om daarop antwoord te krijgen. Als dat niet schriftelijk gebeurt, moet ik het per interruptie doen. En dat is wat er op dit moment gebeurt.;2015-2016;19-11-2015;tk;handelingen;8 Begroting Buitenlandse Zaken;https://zoek.officielebekendmakingen.nl/h-tk-20152016-27-8.html;https://zoek.officielebekendmakingen.nl/h-tk-20152016-27-8.xml;nr. 27, item 8;ten broeke;It has something to do with my choice to ask those questions in the first term yesterday. I think I have a right to get an answer to that. If this is not done in writing, I must do it by interruption. And that's what's happening right now.;0;0;0;0.0;0.0;0.0;;;;;;;;;;;response;The speech references the speaker's own prior action ('mijn keuze om gisteren die vragen...') indicating continuation of a previous discussion.;0.8;
"{'mentions': [{'name': 'Schippers', 'type': 'person', 'quote': 'minister Schippers zag overal complotten', 'mention_category': 'disagreeing'}, {'name': 'VVD', 'type': 'party', 'quote': 'gerund als een VVD-partijkantoor', 'mention_category': 'disagreeing'}, {'name': 'minister-president', 'type': 'person', 'quote': 'onder de ogen van de minister-president', 'mention_category': 'disagreeing'}, {'name': 'CDA', 'type': 'party', 'quote': 'het CDA deze motie van afkeuring', 'mention_category': 'agreeing'}], 'found_fallacy': [{'quote': 'Het ministerie van Veiligheid en Justitie ... gerund als een VVD-partijkantoor', 'explanation': ""Directly attacks VVD's integrity by equating their ministry to a party office"", 'confidence': 0.9, 'local_topic': 'Ministry of Safety and Justice', 'target': 'VVD', 'explicitness': 'explicit'}, {'quote': 'minister Schippers zag overal complotten', 'explanation': ""Implies minister's paranoia rather than addressing policy issues"", 'confidence': 0.8, 'local_topic': 'Ministry operations', 'target': 'minister Schippers', 'explicitness': 'explicit'}, {'quote': 'Hij leidde deze VVD-campagne ... terwijl hij de rechtsstaat had moeten verdedigen', 'explanation': 'Accuses the prime minister of prioritizing party campaigns over constitutional duties', 'confidence': 0.7, 'local_topic': 'Ministry conduct', 'target': 'minister-president', 'explicitness': 'explicit'}], 'summary': {'count': 3, 'average_confidence': 0.8, 'highest_confidence': 0.9, 'lowest_confidence': 0.7}, 'speech_relation': {'type': 'response', 'justification': 'Directly references previous discussion about committee report and ministerial conduct', 'confidence': 0.95}}";0;66;0;h-tk-20152016-38-12;De heer Van Haersma Buma;CDA;Mevrouw de voorzitter. Wij hebben vandaag intensief gesproken naar aanleiding van het rapport van de commissie-Oosting. Aan het eind van deze lange dag overheerst een ontluisterend beeld. Het ministerie van Veiligheid en Justitie zou de hoeder van de rechtsstaat moeten zijn. Vanuit dat oogpunt moet dat departement worden geleid, maar in werkelijkheid is het gerund als een VVD-partijkantoor. Het moest vooral chocoladeletters in de kranten opleveren. Alles wat dat beeld in de weg stond, moest wijken. Ambtenaren kregen de zwartepiet, minister Schippers zag overal complotten en persberichten werden zelfs door Tweede Kamerleden herschreven. Dat gebeurde allemaal onder de ogen van de minister-president. Hij stond erbij, keek ernaar en liet het gebeuren. Hij leidde deze VVD-campagne, terwijl hij de rechtsstaat had moeten verdedigen. Vandaag moet de Kamer een grens trekken. Zo willen wij niet dat dit land wordt geregeerd en zo gaan wij niet met de rechtsstaat om. Die grens trekt de motie van de heer Segers. Daarom steunt het CDA deze motie van afkeuring.;2015-2016;16-12-2015;tk;handelingen;12 Rapport van de commissie-Oosting;https://zoek.officielebekendmakingen.nl/h-tk-20152016-38-12.html;https://zoek.officielebekendmakingen.nl/h-tk-20152016-38-12.xml;nr. 38, item 12;van van haersma buma;Madam President. We had intensive discussions today following the report of the Oosting committee. At the end of this long day, a disturbing image prevails. The Ministry of Security and Justice should be the guardian of the rule of law. From that point of view, that department should be run, but in reality it is run like a VVD party office. It was mainly intended to produce chocolate letters in the newspapers. Everything that stood in the way of that image had to go. Civil servants were blamed, Minister Schippers saw conspiracies everywhere and press releases were even rewritten by Members of Parliament. This all happened under the eyes of the Prime Minister. He stood there, watched it and let it happen. He led this VVD campaign, while he should have defended the rule of law. Today the House must draw a line. This is not how we want this country to be governed and this is not how we deal with the rule of law. Mr Segers' motion draws that line. That is why the CDA supports this motion of censure.;1;1;3;0.8;0.9;0.7;Schippers|||VVD|||minister-president|||CDA;person|||party|||person|||party;minister Schippers zag overal complotten|||gerund als een VVD-partijkantoor|||onder de ogen van de minister-president|||het CDA deze motie van afkeuring;disagreeing|||disagreeing|||disagreeing|||agreeing;Het ministerie van Veiligheid en Justitie ... gerund als een VVD-partijkantoor|||minister Schippers zag overal complotten|||Hij leidde deze VVD-campagne ... terwijl hij de rechtsstaat had moeten verdedigen;Directly attacks VVD's integrity by equating their ministry to a party office|||Implies minister's paranoia rather than addressing policy issues|||Accuses the prime minister of prioritizing party campaigns over constitutional duties;Ministry of Safety and Justice|||Ministry operations|||Ministry conduct;VVD|||minister Schippers|||minister-president;explicit|||explicit|||explicit;0.9|||0.8|||0.7;response;Directly references previous discussion about committee report and ministerial conduct;0.95;
{'mentions': [], 'found_fallacy': [], 'summary': {'count': 0, 'average_confidence': 0.0, 'highest_confidence': 0.0, 'lowest_confidence': 0.0}, 'speech_relation': {'type': 'independent', 'justification': 'The speech segment presents a general policy suggestion without direct reference to previous statements or speakers.', 'confidence': 0.5}};0;67;0;h-tk-20152016-65-10;De heer Wassenberg;PvdD;Je zou eraan kunnen denken om de nutsbanken en de banken met wat risicovollere commerciële activiteiten uit elkaar te halen. Dat soort functies zouden niet thuishoren binnen één bank. Je zou eraan kunnen denken om dat van elkaar te onderscheiden.;2015-2016;16-3-2016;tk;handelingen;10 Burgerinitiatief Ons Geld;https://zoek.officielebekendmakingen.nl/h-tk-20152016-65-10.html;https://zoek.officielebekendmakingen.nl/h-tk-20152016-65-10.xml;nr. 65, item 10;wassenberg;You could consider splitting up the utility banks and the banks with riskier commercial activities. Those kinds of functions should not belong within one bank. You might think about distinguishing that.;0;0;0;0.0;0.0;0.0;;;;;;;;;;;independent;The speech segment presents a general policy suggestion without direct reference to previous statements or speakers.;0.5;
"{'mentions': [{'name': 'de minister', 'type': 'person', 'quote': 'Deze minister heeft al jarenlang contact met deze organisaties.', 'mention_category': 'disagreeing'}], 'found_fallacy': [{'quote': 'Deze minister heeft al jarenlang contact met deze organisaties. Hij vraagt ze om de rechtsstaat te onderschrijven, terwijl ze dat allang hebben gedaan.', 'explanation': ""Attacks the minister's credibility by implying hypocrisy in his interactions with organizations that already support the rule of law."", 'confidence': 0.9, 'local_topic': ""minister's interactions with organizations"", 'target': 'de minister', 'explicitness': 'explicit'}], 'summary': {'count': 1, 'average_confidence': 0.9, 'highest_confidence': 0.9, 'lowest_confidence': 0.9}, 'speech_relation': {'type': 'response', 'justification': ""The speech directly addresses the minister's actions and includes a question directed at him, indicating a response to prior discussion."", 'confidence': 0.95}}";0;68;0;h-tk-20152016-110-21;De heer Kuzu;Groep Kuzu/Öztürk;We hebben een Wetboek van Strafrecht: intimidatie en bedreigingen zijn niet toegestaan. Mensen moeten daarop worden aangesproken en daarna worden vervolgd. Hier gaat het echter om het volgende. Deze minister heeft al jarenlang contact met deze organisaties. Hij vraagt ze om de rechtsstaat te onderschrijven, terwijl ze dat allang hebben gedaan. Dat is nou het punt. Zou de minister het gek vinden als die organisaties dan op een gegeven moment zeggen dat zij er geen vertrouwen meer in hebben? Van de organisaties hoor ik dat zij die gesprekken gewoon niet meer serieus nemen. Zij zeggen: ze komen morgen langs, er wordt een doosje met huiswerk meegegeven en vervolgens mogen er weer huiswerkopdrachten worden gemaakt. Wat vindt de minister van dat signaal?;2015-2016;13-9-2016;tk;handelingen;21 Nasleep legercoup in Turkije;https://zoek.officielebekendmakingen.nl/h-tk-20152016-110-21.html;https://zoek.officielebekendmakingen.nl/h-tk-20152016-110-21.xml;nr. 110, item 21;kuzu;We have a Criminal Code: intimidation and threats are not allowed. People must be held accountable for this and then prosecuted. However, here's the thing. This minister has been in contact with these organizations for years. He asks them to endorse the rule of law, even though they have already done so. That's the point. Would the minister find it strange if at some point those organizations say that they no longer have confidence in them? I hear from organizations that they simply no longer take these conversations seriously. They say: they will come by tomorrow, a box with homework will be given and then homework assignments can be done again. What does the minister think of that signal?;0;1;1;0.9;0.9;0.9;de minister;person;Deze minister heeft al jarenlang contact met deze organisaties.;disagreeing;Deze minister heeft al jarenlang contact met deze organisaties. Hij vraagt ze om de rechtsstaat te onderschrijven, terwijl ze dat allang hebben gedaan.;Attacks the minister's credibility by implying hypocrisy in his interactions with organizations that already support the rule of law.;minister's interactions with organizations;de minister;explicit;0.9;response;The speech directly addresses the minister's actions and includes a question directed at him, indicating a response to prior discussion.;0.95;
"{'mentions': [], 'found_fallacy': [{'quote': 'U hebt in het debat gezegd dat die getallen er waren. Wellicht kunt u nog even zoeken om te kijken of u die wel kunt geven in het reces.', 'explanation': ""The speaker challenges the previous speaker's claim about numbers, implying they may lack evidence. This indirectly questions the speaker's credibility rather than addressing the argument itself."", 'confidence': 0.5, 'local_topic': 'availability of numbers in the debate', 'target': 'u (the previous speaker)', 'explicitness': 'implicit'}], 'summary': {'count': 1, 'average_confidence': 0.5, 'highest_confidence': 0.5, 'lowest_confidence': 0.5}, 'speech_relation': {'type': 'response', 'justification': 'The statement directly addresses a claim made by the previous speaker, challenging their assertion about numbers.', 'confidence': 0.8}}";0;69;0;h-tk-20152016-39-25;De heer Omtzigt;CDA;U hebt in het debat gezegd dat die getallen er waren. Wellicht kunt u nog even zoeken om te kijken of u die wel kunt geven in het reces.;2015-2016;17-12-2015;tk;handelingen;25 Verdwijnen van de blauwe envelop;https://zoek.officielebekendmakingen.nl/h-tk-20152016-39-25.html;https://zoek.officielebekendmakingen.nl/h-tk-20152016-39-25.xml;nr. 39, item 25;omtzigt;You said in the debate that those numbers were there. You may want to do some searching to see if you can give it during the recess.;0;1;1;0.5;0.5;0.5;;;;;U hebt in het debat gezegd dat die getallen er waren. Wellicht kunt u nog even zoeken om te kijken of u die wel kunt geven in het reces.;The speaker challenges the previous speaker's claim about numbers, implying they may lack evidence. This indirectly questions the speaker's credibility rather than addressing the argument itself.;availability of numbers in the debate;u (the previous speaker);implicit;0.5;response;The statement directly addresses a claim made by the previous speaker, challenging their assertion about numbers.;0.8;
"{'mentions': [{'name': 'Van Meenen', 'type': 'person', 'quote': 'Als de heer Van Meenen echter andere signalen krijgt', 'mention_category': 'neutral'}, {'name': 'Onderwijscoöperatie', 'type': 'party', 'quote': 'ondertekend door dezelfde Onderwijscoöperatie', 'mention_category': 'neutral'}], 'found_fallacy': [], 'summary': {'count': 0, 'average_confidence': 0.0, 'highest_confidence': 0.0, 'lowest_confidence': 0.0}, 'speech_relation': {'type': 'independent', 'justification': ""The speech segment discusses receiving a letter from an organization and does not directly address or respond to a previous speaker's statement."", 'confidence': 0.95}}";0;70;0;h-tk-20152016-62-13;Staatssecretaris Dekker;VVD;Ik ga dat gesprek graag aan, zonder op voorhand direct te zeggen dat we het anders gaan doen. Ik wil die verhalen ook weleens horen. Ik heb namelijk eergisteren een brief gekregen, ook ondertekend door dezelfde Onderwijscoöperatie, waarin staat: ga door met het proces, we staan er voor de volle 100% achter, chapeau! Normaal is de Onderwijscoöperatie er altijd als de kippen bij om overal kanttekeningen bij te zetten. Ik begrijp dus het probleem niet zo. Als de heer Van Meenen echter andere signalen krijgt, ga ik het graag na.;2015-2016;9-3-2016;tk;handelingen;13 Advies Platform Onderwijs2032;https://zoek.officielebekendmakingen.nl/h-tk-20152016-62-13.html;https://zoek.officielebekendmakingen.nl/h-tk-20152016-62-13.xml;nr. 62, item 13;dekker;I would like to have that conversation without saying in advance that we are going to do things differently. I would like to hear those stories too. I received a letter the day before yesterday, also signed by the same Education Cooperative, which states: continue with the process, we support it 100%, chapeau! Normally, the Education Cooperative is always quick to comment on everything. So I don't really understand the problem. However, if Mr Van Meenen receives other signals, I will be happy to investigate.;0;0;0;0.0;0.0;0.0;Van Meenen|||Onderwijscoöperatie;person|||party;Als de heer Van Meenen echter andere signalen krijgt|||ondertekend door dezelfde Onderwijscoöperatie;neutral|||neutral;;;;;;;independent;The speech segment discusses receiving a letter from an organization and does not directly address or respond to a previous speaker's statement.;0.95;
"{'mentions': [], 'found_fallacy': [], 'summary': {'count': 0, 'average_confidence': 0.0, 'highest_confidence': 0.0, 'lowest_confidence': 0.0}, 'speech_relation': {'type': 'response', 'justification': ""The speaker uses 'aanvullend' (additional) to indicate this is a follow-up to prior remarks."", 'confidence': 0.8}}";0;71;0;h-tk-20152016-57-7;De heer Omtzigt;CDA;"Voorzitter, aanvullend. We kunnen de minister gewoon vragen om niet onder de WOB, maar onder artikel 68 van de Grondwet een besluit te nemen. Dan moet hij ons vertellen wat hiervan openbaar gemaakt kan worden. Wat we nu hebben gezien, is helemaal wit gemaakt. Er staat wel één interessante zin in, namelijk: ""Gaat ermee akkoord dat in de wetstekst de reikwijdte van de regeling expliciet wordt beperkt tot banken. Dat geeft een groot staatssteunrisico."" Dat stukje is de minister vergeten wit te maken. Daar gaat het hele dossier over; voor de rest is het allemaal wit gemaakt.
Het gaat waarschijnlijk over een boete van 500 miljoen. Wij zouden daarom graag dat besluit voor 18.00 uur ontvangen. Daarbij zou ik graag de andere mails en stukken over het staatssteunrisico die intern beschikbaar waren, ontvangen. Verder is het heel belangrijk dat wij de communicatie krijgen van de afgelopen twee jaar tussen de Europese Commissie en de Nederlandse regering tot het moment dat de vertrouwelijke procedure begon. Die communicatie kan ook naar de Kamer worden gestuurd.";2015-2016;18-2-2016;tk;handelingen;7 Regeling van werkzaamheden;https://zoek.officielebekendmakingen.nl/h-tk-20152016-57-7.html;https://zoek.officielebekendmakingen.nl/h-tk-20152016-57-7.xml;nr. 57, item 7;omtzigt;"Chairman, additionally. We can simply ask the minister not to make a decision under the WOB, but under Article 68 of the Constitution. Then he must tell us what of this can be made public. What we have now seen has been made completely white. It does contain one interesting sentence, namely: ""Agrees that the legal text explicitly limits the scope of the scheme to banks. This poses a major state aid risk."" The minister forgot to whiten that part. That's what the whole file is about; the rest is all white.
It is probably a fine of 500 million. We would therefore like to receive that decision before 6 p.m. I would also like to receive the other emails and documents about the state aid risk that were available internally. Furthermore, it is very important that we receive communications from the past two years between the European Commission and the Dutch government until the confidential procedure began. That communication can also be sent to the House.";0;0;0;0.0;0.0;0.0;;;;;;;;;;;response;The speaker uses 'aanvullend' (additional) to indicate this is a follow-up to prior remarks.;0.8;
{'mentions': [], 'found_fallacy': [], 'summary': {'count': 0, 'average_confidence': 0.0, 'highest_confidence': 0.0, 'lowest_confidence': 0.0}, 'speech_relation': {'type': 'independent', 'justification': 'The statement is a standalone personal remark without direct reference to previous speakers or specific debate topics.', 'confidence': 0.8}};0;72;0;h-tk-20152016-76-7;Mevrouw Thieme;PvdD;Ah, ik ben ook niet gebeld.;2015-2016;13-4-2016;tk;handelingen;7 Uitslag raadgevend referendum associatieverdrag met Oekraïne;https://zoek.officielebekendmakingen.nl/h-tk-20152016-76-7.html;https://zoek.officielebekendmakingen.nl/h-tk-20152016-76-7.xml;nr. 76, item 7;thieme;Ah, I didn't get a call either.;0;0;0;0.0;0.0;0.0;;;;;;;;;;;independent;The statement is a standalone personal remark without direct reference to previous speakers or specific debate topics.;0.8;
{'mentions': [], 'found_fallacy': [], 'summary': {'count': 0, 'average_confidence': 0.0, 'highest_confidence': 0.0, 'lowest_confidence': 0.0}, 'speech_relation': {'type': 'independent', 'justification': 'The statement is a standalone expression of support without direct reference to prior speech or specific individuals.', 'confidence': 0.5}};0;73;0;h-tk-20152016-55-32;Mevrouw Voortman;GroenLinks;Steun voor de brief en steun voor het debat.;2015-2016;16-2-2016;tk;handelingen;32 Regeling van werkzaamheden;https://zoek.officielebekendmakingen.nl/h-tk-20152016-55-32.html;https://zoek.officielebekendmakingen.nl/h-tk-20152016-55-32.xml;nr. 55, item 32;voortman;Support for the letter and support for the debate.;0;0;0;0.0;0.0;0.0;;;;;;;;;;;independent;The statement is a standalone expression of support without direct reference to prior speech or specific individuals.;0.5;
"{'mentions': [{'name': 'Zijlstra', 'type': 'person', 'quote': 'de heer Zijlstra', 'mention_category': 'disagreeing'}, {'name': 'Pechtold', 'type': 'person', 'quote': 'de heer Pechtold', 'mention_category': 'neutral'}], 'found_fallacy': [], 'summary': {'count': 0, 'average_confidence': 0.0, 'highest_confidence': 0.0, 'lowest_confidence': 0.0}, 'speech_relation': {'type': 'response', 'justification': ""The speech directly addresses previous statements by 'de heer Zijlstra' and references his claims, indicating a direct response to the prior speaker."", 'confidence': 0.95}}";0;74;0;h-tk-20152016-54-12;De heer Sjoerdsma;D66;"Misschien moet de heer Zijlstra, zoals hijzelf ook al suggereerde, in de Handelingen maar eens teruglezen wat de heer Pechtold precies zei. Dat lijkt mij verstandig. Ik zie de heer Zijlstra gebaren dat hij dat niet gaat doen, maar ik raad hem aan om dat toch wél te doen. Dan kan hij precies lezen wat collega Pechtold zei over wat er bij ambtenaren van Algemene Zaken bekend was.
Toch nog even iets over die opvang in de regio. De heer Zijlstra claimt die als zijn alleenrecht, maar ik denk dat elke partij in de Kamer opvang in de regio belangrijk vindt. En dat is het niet alleen. Aan het eind van dit debat wil ik ook nog wel even hebben gezegd dat het zijn kabinet was dat een miljard heeft bezuinigd op ontwikkelingssamenwerking, iets wat juist zo cruciaal is voor opvang in de regio. Mede dankzij de oppositie is daar nu een heleboel aan gedaan. Dat is goed, maar het is de vraag of het voldoende is.";2015-2016;11-2-2016;tk;handelingen;12 Instroom van asielzoekers;https://zoek.officielebekendmakingen.nl/h-tk-20152016-54-12.html;https://zoek.officielebekendmakingen.nl/h-tk-20152016-54-12.xml;nr. 54, item 12;sjoerdsma;"Perhaps Mr Zijlstra should, as he himself suggested, read back in the Acts what exactly Mr Pechtold said. That seems sensible to me. I see Mr Zijlstra gesturing that he is not going to do that, but I advise him to do so anyway. Then he can read exactly what colleague Pechtold said about what was known to General Affairs officials.
Just something about the reception in the region. Mr Zijlstra claims this as his exclusive right, but I think that every party in the House considers shelter in the region important. And it's not just that. At the end of this debate I would also like to say that it was his cabinet that cut one billion in development cooperation, something that is so crucial for reception in the region. Partly thanks to the opposition, a lot has now been done about this. That is good, but the question is whether it is enough.";1;0;0;0.0;0.0;0.0;Zijlstra|||Pechtold;person|||person;de heer Zijlstra|||de heer Pechtold;disagreeing|||neutral;;;;;;;response;The speech directly addresses previous statements by 'de heer Zijlstra' and references his claims, indicating a direct response to the prior speaker.;0.95;
"{'mentions': [], 'found_fallacy': [], 'summary': {'count': 0, 'average_confidence': 0.0, 'highest_confidence': 0.0, 'lowest_confidence': 0.0}, 'speech_relation': {'type': 'independent', 'justification': ""The speech is a single word without context, making it unclear if it's a response to a previous speaker."", 'confidence': 0.1}}";0;75;0;h-tk-20152016-35-13;De heer Van der Staaij;SGP;Steun.;2015-2016;9-12-2015;tk;handelingen;13 Extra regeling van werkzaamheden;https://zoek.officielebekendmakingen.nl/h-tk-20152016-35-13.html;https://zoek.officielebekendmakingen.nl/h-tk-20152016-35-13.xml;nr. 35, item 13;van der van der staaij;Support.;0;0;0;0.0;0.0;0.0;;;;;;;;;;;independent;The speech is a single word without context, making it unclear if it's a response to a previous speaker.;0.1;
"{'mentions': [], 'found_fallacy': [], 'summary': {'count': 0, 'average_confidence': 0.0, 'highest_confidence': 0.0, 'lowest_confidence': 0.0}, 'speech_relation': {'type': 'response', 'justification': ""The speaker explicitly references 'de vorige motie' (the previous motion), indicating a direct continuation of the debate from the previous speaker's contribution."", 'confidence': 0.95}}";0;76;0;h-tk-20152016-48-11;Mevrouw Volp;PvdA;Misschien mag ik dan heel even terugkomen op de vorige motie. Kunnen wij de termijn iets naar voren schuiven? Wij hebben het nu over 1 oktober. Dat was deels ook op basis van de tijd die mogelijk hiervoor nodig zou zijn. Nu komt die voorhang erbij. Dat begrijpen wij, maar kan dat dan naar 1 juli? Dan kunnen wij deze motie aanhouden.;2015-2016;28-1-2016;tk;handelingen;11 Wijziging Tabakswet;https://zoek.officielebekendmakingen.nl/h-tk-20152016-48-11.html;https://zoek.officielebekendmakingen.nl/h-tk-20152016-48-11.xml;nr. 48, item 11;volp;Perhaps I can briefly return to the previous motion. Can we move the deadline forward a little? We are now talking about October 1st. This was partly based on the time that this might require. Now the veil is added. We understand that, but can that be moved to July 1? Then we can defer this motion.;0;0;0;0.0;0.0;0.0;;;;;;;;;;;response;The speaker explicitly references 'de vorige motie' (the previous motion), indicating a direct continuation of the debate from the previous speaker's contribution.;0.95;
"{'mentions': [{'name': 'Van Ark', 'type': 'person', 'quote': 'Mevrouw Van Ark staat hier de kooltjes uit het vuur te halen voor de heer Van Dijk', 'mention_category': 'neutral'}, {'name': 'Van Dijk', 'type': 'person', 'quote': 'de heer Van Dijk straks op Twitter mevrouw Van Ark nog een mes in de rug steekt', 'mention_category': 'disagreeing'}], 'found_fallacy': [{'quote': 'de heer Van Dijk straks op Twitter mevrouw Van Ark nog een mes in de rug steekt, zoals hij dat bij mij ook deed vorige week', 'explanation': ""Direct attack on Van Dijk's character by accusing him of backstabbing, unrelated to the argument's content"", 'confidence': 0.85, 'local_topic': 'political loyalty and integrity', 'target': 'Van Dijk', 'explicitness': 'explicit'}], 'summary': {'count': 1, 'average_confidence': 0.85, 'highest_confidence': 0.85, 'lowest_confidence': 0.85}, 'speech_relation': {'type': 'response', 'justification': 'References previous actions of Van Dijk and addresses specific political interactions, indicating direct engagement with prior statements', 'confidence': 0.9}}";0;77;0;h-tk-20152016-38-11;Mevrouw Agema;PVV;Sorry? Mevrouw Van Ark staat hier de kooltjes uit het vuur te halen voor de heer Van Dijk! Laten wij wel wezen. En ik vind haar heel moedig, want heel goed is het mogelijk dat de heer Van Dijk straks op Twitter mevrouw Van Ark nog een mes in de rug steekt, zoals hij dat bij mij ook deed vorige week.;2015-2016;16-12-2015;tk;handelingen;11 Extra regeling van werkzaamheden;https://zoek.officielebekendmakingen.nl/h-tk-20152016-38-11.html;https://zoek.officielebekendmakingen.nl/h-tk-20152016-38-11.xml;nr. 38, item 11;agema;Sorry? Mrs. Van Ark is here pulling the coals out of the fire for Mr. Van Dijk! Let's face it. And I think she is very brave, because it is very possible that Mr Van Dijk will soon stab Ms Van Ark in the back on Twitter, just as he did to me last week.;1;1;1;0.85;0.85;0.85;Van Ark|||Van Dijk;person|||person;Mevrouw Van Ark staat hier de kooltjes uit het vuur te halen voor de heer Van Dijk|||de heer Van Dijk straks op Twitter mevrouw Van Ark nog een mes in de rug steekt;neutral|||disagreeing;de heer Van Dijk straks op Twitter mevrouw Van Ark nog een mes in de rug steekt, zoals hij dat bij mij ook deed vorige week;Direct attack on Van Dijk's character by accusing him of backstabbing, unrelated to the argument's content;political loyalty and integrity;Van Dijk;explicit;0.85;response;References previous actions of Van Dijk and addresses specific political interactions, indicating direct engagement with prior statements;0.9;
"{'mentions': [{'name': 'Mevrouw Klever', 'type': 'person', 'quote': 'mijn voorganger op dit dossier, mevrouw Klever', 'mention_category': 'neutral'}], 'found_fallacy': [], 'summary': {'count': 0, 'average_confidence': 0.0, 'highest_confidence': 0.0, 'lowest_confidence': 0.0}, 'speech_relation': {'type': 'response', 'justification': ""The speaker explicitly references 'mijn voorganger' (my predecessor), indicating a direct reply to a previous speaker's actions or statements."", 'confidence': 1.0}}";0;78;0;h-tk-20162017-74-7;De heer Graus;PVV;Zowel mijn voorganger op dit dossier, mevrouw Klever, als ikzelf heb daar al eerder tegen geageerd. Wij steunen beide verzoeken uiteraard van harte, zowel het verzoek om een debat als het verzoek om een brief.;2016-2017;11-5-2017;tk;handelingen;7 Regeling van werkzaamheden;https://zoek.officielebekendmakingen.nl/h-tk-20162017-74-7.html;https://zoek.officielebekendmakingen.nl/h-tk-20162017-74-7.xml;nr. 74, item 7;graus;Both my predecessor on this dossier, Mrs Klever, and I have previously opposed this. We naturally fully support both requests, both the request for a debate and the request for a letter.;0;0;0;0.0;0.0;0.0;Mevrouw Klever;person;mijn voorganger op dit dossier, mevrouw Klever;neutral;;;;;;;response;The speaker explicitly references 'mijn voorganger' (my predecessor), indicating a direct reply to a previous speaker's actions or statements.;1.0;
"{'mentions': [{'name': 'PvdA', 'type': 'party', 'quote': 'De PvdA heeft de belasting alleen maar opgeschroefd in de afgelopen jaren.', 'mention_category': 'disagreeing'}, {'name': 'PVV', 'type': 'party', 'quote': 'De PVV vindt dat dat eens moet stoppen.', 'mention_category': 'neutral'}], 'found_fallacy': [], 'summary': {'count': 0, 'average_confidence': 0.0, 'highest_confidence': 0.0, 'lowest_confidence': 0.0}, 'speech_relation': {'type': 'independent', 'justification': ""The speech begins with the speaker's own statement about introducing a motion, without direct reference to the previous speaker's content."", 'confidence': 0.95}}";0;79;0;h-tk-20162017-16-28;De heer Madlener;PVV;Ik doe dat met een motie, want ik vind het een belangrijke uitspraak dat we dat willen. Ik verwijs daarvoor naar ons verkiezingsprogramma. Daarin is dat keurig gedekt. Die dekking komt vooral op buitenlanduitgaven te staan. Wij vinden dat het geld in Nederland moet worden besteed en dat wij de Nederlander belastingverlichting moeten geven. De PvdA heeft de belasting alleen maar opgeschroefd in de afgelopen jaren. Het wordt tijd voor een koopkrachtverbetering. Die zouden we kunnen realiseren door de motorrijtuigenbelasting te halveren. Het voordeel daarvan is dat het ook nog eens eerlijker wordt, want dan wordt het bezit van de auto niet belast, maar alleen het gebruik via de accijnzen. Ik zal u straks vertellen dat Nederlanders al meer dan genoeg betalen voor die auto. We zijn kampioen in het gebruiken van de auto als melkkoe. De PVV vindt dat dat eens moet stoppen.;2016-2017;1-11-2016;tk;handelingen;28 Begroting Infrastructuur en Milieu;https://zoek.officielebekendmakingen.nl/h-tk-20162017-16-28.html;https://zoek.officielebekendmakingen.nl/h-tk-20162017-16-28.xml;nr. 16, item 28;madlener;I do this with a motion, because I think it is an important statement that we want that. I refer to our election manifesto. This is neatly covered. This coverage mainly covers foreign expenditure. We believe that the money should be spent in the Netherlands and that we should give Dutch people tax relief. The PvdA has only increased taxes in recent years. It is time for an improvement in purchasing power. We could achieve this by halving the motor vehicle tax. The advantage of this is that it also becomes fairer, because then the ownership of the car is not taxed, but only the use via excise duties. I'll tell you later that Dutch people already pay more than enough for that car. We are champions in using the car as a cash cow. The PVV believes that this should stop.;0;0;0;0.0;0.0;0.0;PvdA|||PVV;party|||party;De PvdA heeft de belasting alleen maar opgeschroefd in de afgelopen jaren.|||De PVV vindt dat dat eens moet stoppen.;disagreeing|||neutral;;;;;;;independent;The speech begins with the speaker's own statement about introducing a motion, without direct reference to the previous speaker's content.;0.95;
{'mentions': [], 'found_fallacy': [], 'summary': {'count': 0, 'average_confidence': 0.0, 'highest_confidence': 0.0, 'lowest_confidence': 0.0}, 'speech_relation': {'type': 'independent', 'justification': 'The statement is a standalone acknowledgment without direct reference to previous speech or specific political actors.', 'confidence': 0.5}};0;80;0;h-tk-20162017-46-22;De heer Verhoeven;D66;Dat heb ik ook geconstateerd.;2016-2017;31-1-2017;tk;handelingen;22 Regeling van werkzaamheden;https://zoek.officielebekendmakingen.nl/h-tk-20162017-46-22.html;https://zoek.officielebekendmakingen.nl/h-tk-20162017-46-22.xml;nr. 46, item 22;verhoeven;I have noticed that too.;0;0;0;0.0;0.0;0.0;;;;;;;;;;;independent;The statement is a standalone acknowledgment without direct reference to previous speech or specific political actors.;0.5;
{'mentions': [{'name': 'Van Klaveren', 'type': 'person', 'quote': 'De heer Van Klaveren heeft het over subsidie aan de Gülenbeweging', 'mention_category': 'neutral'}], 'found_fallacy': [], 'summary': {'count': 0, 'average_confidence': 0.0, 'highest_confidence': 0.0, 'lowest_confidence': 0.0}, 'speech_relation': {'type': 'response', 'justification': 'The speech directly addresses and refutes claims made by De heer Van Klaveren regarding subsidies to the Gülenbeweging.', 'confidence': 0.95}};0;81;0;h-tk-20162017-31-27;De heer Azmani;VVD;De heer Van Klaveren heeft het over subsidie aan de Gülenbeweging, maar ik kan mij niet voorstellen dat het Rijk of deze minister subsidie verstrekt aan de Gülenbeweging. Dat is niet waar. Misschien heeft een gemeente subsidie verstrekt aan de Gülenbeweging, maar dat betekent niet dat de motie die hierover in de Kamer werd ingediend, aangenomen moet worden, want die ging hier niet over. Dat zou de schijn wekken dat deze minister daadwerkelijk subsidie verstrekt aan de Gülenbeweging. Het is makkelijk om nu even sec moties te noemen, maar dan moet je wel de context weten.;2016-2017;6-12-2016;tk;handelingen;27 Begroting Sociale Zaken en Werkgelegenheid;https://zoek.officielebekendmakingen.nl/h-tk-20162017-31-27.html;https://zoek.officielebekendmakingen.nl/h-tk-20162017-31-27.xml;nr. 31, item 27;azmani;Mr Van Klaveren talks about subsidies to the Gülen movement, but I cannot imagine that the government or this minister provides subsidies to the Gülen movement. That's not true. Perhaps a municipality has provided a subsidy to the Gülen movement, but that does not mean that the motion submitted on this matter in Parliament should be adopted, because it was not about this. That would give the impression that this minister actually provides a subsidy to the Gülen movement. It is easy to just mention simple motions, but then you have to know the context.;0;0;0;0.0;0.0;0.0;Van Klaveren;person;De heer Van Klaveren heeft het over subsidie aan de Gülenbeweging;neutral;;;;;;;response;The speech directly addresses and refutes claims made by De heer Van Klaveren regarding subsidies to the Gülenbeweging.;0.95;
"{'mentions': [], 'found_fallacy': [], 'summary': {'count': 0, 'average_confidence': 0.0, 'highest_confidence': 0.0, 'lowest_confidence': 0.0}, 'speech_relation': {'type': 'response', 'justification': ""The speaker directly addresses and corrects a previous statement by starting with 'Nee, dat was mijn vraag niet,' indicating a clear response to an earlier contribution."", 'confidence': 0.95}}";0;82;0;h-tk-20162017-52-38;Mevrouw Helder;PVV;Nee, dat was mijn vraag niet: ik vraag niet naar extra onderzoeken. Ik vraag naar een deugdelijk meetinstrument. Dat is net iets anders. In de notie staat zelfs letterlijk: het Openbaar Ministerie en de politie hechten zeer aan een nieuw, onafhankelijk meetinstrument.;2016-2017;14-2-2017;tk;handelingen;38 Criminaliteitsbestrijding;https://zoek.officielebekendmakingen.nl/h-tk-20162017-52-38.html;https://zoek.officielebekendmakingen.nl/h-tk-20162017-52-38.xml;nr. 52, item 38;helder;No, that was not my question: I am not asking about additional tests. I am asking for a proper measuring instrument. That's slightly different. The notion even literally states: the Public Prosecution Service and the police attach great importance to a new, independent measuring instrument.;0;0;0;0.0;0.0;0.0;;;;;;;;;;;response;The speaker directly addresses and corrects a previous statement by starting with 'Nee, dat was mijn vraag niet,' indicating a clear response to an earlier contribution.;0.95;
"{'mentions': [{'name': 'staatssecretaris', 'type': 'person', 'quote': 'Als de staatssecretaris dit logisch vindt — ik vind dat niet —', 'mention_category': 'disagreeing'}], 'found_fallacy': [{'quote': 'Ik vind dit tekenend voor het dossier. Als de staatssecretaris dit logisch vindt — ik vind dat niet —', 'explanation': ""Direct attack on the state secretary's judgment regarding the Social Insurance Bank's form errors"", 'confidence': 0.8, 'local_topic': 'Social Insurance Bank form errors', 'target': 'staatssecretaris', 'explicitness': 'explicit'}], 'summary': {'count': 1, 'average_confidence': 0.8, 'highest_confidence': 0.8, 'lowest_confidence': 0.8}, 'speech_relation': {'type': 'response', 'justification': ""The speech directly addresses the state secretary's actions and previous debate context"", 'confidence': 0.9}}";0;83;0;h-tk-20162017-6-5;Mevrouw Leijten;SP;Al in januari/februari 2015 voerden wij een enorm debat over mensen die niet werden uitbetaald. Het verklaart een hoop dat dit niet kon, als een adresveld niet kan worden ingevuld. Toen zijn er op wens van de Kamer allerlei controles uitgezet zodat de declaraties konden doorgaan. Pas in het zicht van het weer aanzetten van dit soort voorwaarden komt naar boven dat de Sociale Verzekeringsbank gewoon een verkeerd formulier heeft. Ik vind dit tekenend voor het dossier. Als de staatssecretaris dit logisch vindt — ik vind dat niet — hoe zal hij er dan voor zorgen dat er na 1 november — als er echt wordt gekeken naar de rechtmatigheid van de declaraties — geen enkel probleem meer is met de mogelijkheden die de Sociale Verzekeringsbank aanbiedt voor een declaratie: geen ontbrekend adresveld, geen fouten in wat dan ook? Kan hij daarvoor garant staan? Want als dit soort idiote fouten worden gemaakt, komen mensen in de problemen. Het gaat hier immers om het salaris van mensen.;2016-2017;29-9-2016;tk;handelingen;5 Inperken mogelijkheden voor het pgb;https://zoek.officielebekendmakingen.nl/h-tk-20162017-6-5.html;https://zoek.officielebekendmakingen.nl/h-tk-20162017-6-5.xml;nr. 6, item 5;leijten;Already in January/February 2015 we had a huge debate about people who were not paid. It explains a lot that this was not possible, if an address field cannot be filled in. At the request of the House, all kinds of controls were set up so that the declarations could continue. Only when these types of conditions are reinstated does it become apparent that the Social Insurance Bank simply has the wrong form. I think this is indicative of the file. If the State Secretary thinks this is logical - I don't - how will he ensure that after November 1 - when the legality of the declarations is really examined - there will no longer be any problem with the options that the Social Insurance Bank offers for a declaration: no missing address field, no errors in anything? Can he guarantee this? Because when these kinds of idiotic mistakes are made, people get into trouble. After all, this is about people's salaries.;0;1;1;0.8;0.8;0.8;staatssecretaris;person;Als de staatssecretaris dit logisch vindt — ik vind dat niet —;disagreeing;Ik vind dit tekenend voor het dossier. Als de staatssecretaris dit logisch vindt — ik vind dat niet —;Direct attack on the state secretary's judgment regarding the Social Insurance Bank's form errors;Social Insurance Bank form errors;staatssecretaris;explicit;0.8;response;The speech directly addresses the state secretary's actions and previous debate context;0.9;
{'mentions': [{'name': 'Hoogland', 'type': 'person', 'quote': 'De lijn van collega Hoogland lijkt ons zeer zorgvuldig.', 'mention_category': 'neutral'}], 'found_fallacy': [], 'summary': {'count': 0, 'average_confidence': 0.0, 'highest_confidence': 0.0, 'lowest_confidence': 0.0}, 'speech_relation': {'type': 'independent', 'justification': 'The statement is a standalone evaluation without direct reference to prior speech content.', 'confidence': 0.8}};0;84;0;h-tk-20162017-13-17;De heer Bisschop;SGP;De lijn van collega Hoogland lijkt ons zeer zorgvuldig.;2016-2017;25-10-2016;tk;handelingen;17 Regeling van werkzaamheden;https://zoek.officielebekendmakingen.nl/h-tk-20162017-13-17.html;https://zoek.officielebekendmakingen.nl/h-tk-20162017-13-17.xml;nr. 13, item 17;bisschop;Colleague Hoogland's line seems very careful to us.;0;0;0;0.0;0.0;0.0;Hoogland;person;De lijn van collega Hoogland lijkt ons zeer zorgvuldig.;neutral;;;;;;;independent;The statement is a standalone evaluation without direct reference to prior speech content.;0.8;
{'mentions': [{'name': 'De Vries', 'type': 'person', 'quote': 'De heer De Vries heeft moties ingediend', 'mention_category': 'neutral'}, {'name': 'Van Vliet', 'type': 'person', 'quote': 'Ik hoorde van de heer Van Vliet enige kritiek', 'mention_category': 'neutral'}, {'name': 'Ronnes', 'type': 'person', 'quote': 'De heer Ronnes stelde dat de stijging van de WOZ-waarde', 'mention_category': 'neutral'}, {'name': 'Bashir', 'type': 'person', 'quote': 'De heer Bashir, de heer Van Vliet en volgens mij ook de heer De Vries vroegen naar het effect', 'mention_category': 'neutral'}, {'name': 'Koolmees', 'type': 'person', 'quote': 'De heer Koolmees ging daar specifiek op in', 'mention_category': 'neutral'}], 'found_fallacy': [], 'summary': {'count': 0, 'average_confidence': 0.0, 'highest_confidence': 0.0, 'lowest_confidence': 0.0}, 'speech_relation': {'type': 'response', 'justification': 'The speech addresses themes raised by previous speakers, such as motions, questions, and discussions about the landlord tax evaluation.', 'confidence': 0.9}};0;85;0;h-tk-20162017-35-12;Minister Blok;VVD;"Voorzitter. Bij de evaluatie van de verhuurderheffing heeft de Kamer mij verzocht om snel met een wijzigingsvoorstel te komen op grond van de bevindingen over die verhuurderheffing. Dat wijzigingsvoorstel ligt nu voor. De uitkomst van de evaluatie is dat de heffing zelf goed betaalbaar is en ook een ruime investeringscapaciteit overlaat. Tegelijkertijd leefde er de wens, bij mijzelf en ook duidelijk uitgesproken in een aantal Kamermoties, om op een aantal punten wijzigingen aan te brengen.
De heer De Vries heeft moties ingediend om een investeringsimpuls gericht op goedkope huurwoningen mogelijk te maken en om de regeling voor Rotterdam-Zuid te verruimen. Er was ook wens, die breed werd gesteund, om de nieuwe krimpregio's toe te voegen aan de vermindering van de verhuurderheffing. Ook breed leefde de wens om kleine verhuurders en daarmee ook hofjes deels helemaal uit te zonderen van de verhuurderheffing of, als dat niet helemaal lukt, die per saldo een lagere heffing te gunnen. Hoewel ik van de heer Van Vliet enige kritiek hoorde, heb ik in dit voorstel wel degelijk een regeling voor het overnemen van particulier bezit in krimpregio's opgenomen. Ik zal straks op zijn amendement ingaan. Ik bestrijd echter dat ik helemaal niets gedaan heb met zijn twee moties.
Na deze inleiding zal ik ingaan op drie thema's die door bijna iedereen aan de orde zijn gesteld, namelijk de uitwerking van de WOZ als basis voor de heffing, de vragen die gesteld zijn rond de regionale uitwerking en een aantal overige vragen. Ten slotte zal ik ingaan op de amendementen die al zijn ingediend. Ik heb begrepen dat er nog meer aankomen. Daar zal ik dan schriftelijk op reageren.
Allereerst de vragen die betrekking hebben op de WOZ als grondslag. De heer Ronnes stelde dat de stijging van de WOZ-waarde er, in elk geval in een deel van het land, toe leidt dat de heffing veel meer opbrengt dan aanvankelijk is geraamd. Dat is niet het geval. De opbrengsten van de heffing zijn eigenlijk in lijn met de prognose die we hebben gemaakt, omdat ook toen is uitgegaan van een stijgende WOZ-waarde. Er is dus geen extra opbrengst. Zodra die zich toch voor zou doen, is dat, zoals de techneuten het noemen, een endogene ontwikkeling en dus geen opbrengst die vervolgens ingezet kan worden om uit te geven.
De heer Ronnes, de heer Bashir, de heer Van Vliet en volgens mij ook de heer De Vries vroegen naar het effect van de hoge WOZ-waarde in een aantal schaarstegebieden, waardoor de heffing daar zwaarder zou drukken. In de evaluatie en ook in rapport van COELO dat door de VNG en Aedes was besteld — dat had een beetje een lobbydoel, maar dat mag op zich — komt naar voren dat het niet zo is dat corporaties die in een gebied met een hoge WOZ-waarde actief zijn om die reden moeite hebben met de betaalbaarheid. Dat zou zo maar eens het geval kunnen zijn doordat we ook deze regeerperiode het woningwaarderingsstelsel zo hebben gewijzigd dat daar een WOZ-component zit, zodat huren mee kunnen bewegen met die WOZ-waarde.
Vanuit het argument van betaalbaarheid is er dus geen reden om te differentiëren. Dat betekent niet dat ik niet zie dat de nood in sommige delen van het land hoger is dan in andere. De heer Koolmees ging daar specifiek op in. Dat is ook de reden dat dit wetsvoorstel een extra korting op de heffing bevat. Die is sowieso gericht op betaalbare huurwoningen, want er is de laatste jaren te veel geïnvesteerd in dure huurwoningen. Die korting is extra groot in gebieden waar krapte is op de woningmarkt. Dat is dus ook de elegante manier. Daarmee stimuleer je namelijk investeringen in de woningen waar de woningcorporaties ook echt voor zijn, en bovendien hoef je niet aan de WOZ-grondslag te tornen. Bij mijn reactie op de motie die daarover gaat, zal ik daar nog uitgebreider op ingaan.";2016-2017;14-12-2016;tk;handelingen;12 Evaluatie van de verhuurderheffing;https://zoek.officielebekendmakingen.nl/h-tk-20162017-35-12.html;https://zoek.officielebekendmakingen.nl/h-tk-20162017-35-12.xml;nr. 35, item 12;blok;"Chair. During the evaluation of the landlord levy, the House asked me to quickly come up with an amendment proposal based on the findings about the landlord levy. That amendment proposal is now before us. The outcome of the evaluation is that the levy itself is easily affordable and also leaves ample investment capacity. At the same time, there was a wish, within myself and also clearly expressed in a number of parliamentary motions, to make changes on a number of points.
Mr De Vries has submitted motions to enable an investment impulse aimed at cheap rental properties and to expand the scheme for South Rotterdam. There was also a wish, which was widely supported, to add the new shrinking regions to the reduction of the landlord levy. There was also a widespread desire to partially exempt small landlords and thus also courtyards from the landlord levy or, if that is not entirely successful, to grant them a lower levy on balance. Although I heard some criticism from Mr Van Vliet, I have indeed included in this proposal a scheme for taking over private property in shrinking regions. I will respond to his amendment later. However, I dispute that I did nothing at all with his two motions.
After this introduction, I will discuss three themes that have been raised by almost everyone, namely the elaboration of the WOZ as a basis for the levy, the questions that have been asked regarding the regional elaboration and a number of other questions. Finally, I will address the amendments that have already been tabled. I understand there are more to come. I will respond to this in writing.
First of all, the questions relating to the WOZ as a basis. Mr Ronnes stated that the increase in the WOZ value, at least in part of the country, means that the levy yields much more than initially estimated. That is not the case. The revenues from the levy are actually in line with the forecast we made, because we also assumed an increasing WOZ value. So there is no extra revenue. If this does occur, it will be, as the technicians call it, an endogenous development and therefore no revenue that can then be used for spending.
Mr Ronnes, Mr Bashir, Mr Van Vliet and I believe also Mr De Vries asked about the effect of the high WOZ value in a number of scarcity areas, which would put a heavier burden on the levy there. The evaluation and also the COELO report that was commissioned by the VNG and Aedes - which had a bit of a lobbying purpose, but that is allowed - shows that it is not the case that corporations that are active in an area with a high WOZ value therefore have difficulty with affordability. This could well be the case because during this period of government we have also changed the housing valuation system in such a way that it includes a WOZ component, so that rents can move with that WOZ value.
From the perspective of affordability, there is therefore no reason to differentiate. That doesn't mean I don't see the need in some parts of the country being greater than others. Mr Koolmees specifically addressed this. That is also the reason that this bill contains an additional reduction on the levy. In any case, it is aimed at affordable rental properties, because too much has been invested in expensive rental properties in recent years. This discount is extra large in areas where the housing market is tight. That is also the elegant way. This encourages investments in the homes that the housing associations really support, and you do not have to alter the WOZ basis. I will discuss this in more detail in my response to the motion that concerns this.";0;0;0;0.0;0.0;0.0;De Vries|||Van Vliet|||Ronnes|||Bashir|||Koolmees;person|||person|||person|||person|||person;De heer De Vries heeft moties ingediend|||Ik hoorde van de heer Van Vliet enige kritiek|||De heer Ronnes stelde dat de stijging van de WOZ-waarde|||De heer Bashir, de heer Van Vliet en volgens mij ook de heer De Vries vroegen naar het effect|||De heer Koolmees ging daar specifiek op in;neutral|||neutral|||neutral|||neutral|||neutral;;;;;;;response;The speech addresses themes raised by previous speakers, such as motions, questions, and discussions about the landlord tax evaluation.;0.9;
"{'mentions': [{'name': 'de minister', 'type': 'person', 'quote': 'Mijn vraag aan de minister is dan ook: als dat bij de lerarenopleiding voor het voortgezet onderwijs kan, waarom dan niet bij de pabo?', 'mention_category': 'disagreeing'}], 'found_fallacy': [], 'summary': {'count': 0, 'average_confidence': 0.0, 'highest_confidence': 0.0, 'lowest_confidence': 0.0}, 'speech_relation': {'type': 'response', 'justification': ""The speaker directly addresses a previous contribution by 'mevrouw Westerveld' by thanking her and building on her topic, indicating a direct response."", 'confidence': 0.9}}";0;86;0;h-tk-20162017-94-9;De heer Van Raan;PvdD;Dank aan mevrouw Westerveld dat zij dit ter sprake brengt. Ik moest namelijk even aan mezelf denken. Dat doe ik graag en vaak. Toen ik mijn docentenopleiding startte, had ik voor het vak economie aardig wat deficiënties, maar dat kon opgelost worden tijdens de studie. Mijn vraag aan de minister is dan ook: als dat bij de lerarenopleiding voor het voortgezet onderwijs kan, waarom dan niet bij de pabo?;2016-2017;29-6-2017;tk;handelingen;9 Lerarentekort in het basisonderwijs;https://zoek.officielebekendmakingen.nl/h-tk-20162017-94-9.html;https://zoek.officielebekendmakingen.nl/h-tk-20162017-94-9.xml;nr. 94, item 9;van van raan;Thanks to Mrs Westerveld for bringing this up. I had to think about myself for a moment. I like to do that and often. When I started my teacher training, I had quite a few deficiencies in the economics subject, but that could be resolved during the study. My question to the minister is therefore: if this is possible in teacher training for secondary education, why not in teacher training colleges?;0;0;0;0.0;0.0;0.0;de minister;person;Mijn vraag aan de minister is dan ook: als dat bij de lerarenopleiding voor het voortgezet onderwijs kan, waarom dan niet bij de pabo?;disagreeing;;;;;;;response;The speaker directly addresses a previous contribution by 'mevrouw Westerveld' by thanking her and building on her topic, indicating a direct response.;0.9;
"{'mentions': [{'name': 'Verhoeven', 'type': 'person', 'quote': 'Volgens Verhoeven die zojuist aangaf', 'mention_category': 'neutral'}, {'name': 'Omtzigt', 'type': 'person', 'quote': 'Omtzigt en anderen hebben natuurlijk gelijk', 'mention_category': 'agreeing'}], 'found_fallacy': [], 'summary': {'count': 0, 'average_confidence': 0.0, 'highest_confidence': 0.0, 'lowest_confidence': 0.0}, 'speech_relation': {'type': 'response', 'justification': ""The speaker begins with 'Ook steun daarvoor' ('Also support for that'), indicating alignment with a prior statement."", 'confidence': 0.95}}";0;87;0;h-tk-20162017-7-23;De heer Servaes;PvdA;Ook steun daarvoor, maar inderdaad volgens de tijdplanning zoals Verhoeven die zojuist aangaf. Omtzigt en anderen hebben natuurlijk gelijk dat het ook bij een debat over de Europese Raad betrokken kan worden. Volgens mij is er zelfs al voor morgen een algemeen overleg Raad Algemene Zaken gepland, waar dit ook op de geannoteerde agenda staat. Geen enkel bezwaar als dit daarbij aan de orde komt.;2016-2017;4-10-2016;tk;handelingen;23 Regeling van werkzaamheden;https://zoek.officielebekendmakingen.nl/h-tk-20162017-7-23.html;https://zoek.officielebekendmakingen.nl/h-tk-20162017-7-23.xml;nr. 7, item 23;servaes;Also support for that, but indeed according to the timetable as Verhoeven just indicated. Omtzigt and others are of course right that it can also be involved in a debate about the European Council. I think there is even a general General Affairs Council meeting planned for tomorrow, where this is also on the annotated agenda. No objection whatsoever if this comes up.;0;0;0;0.0;0.0;0.0;Verhoeven|||Omtzigt;person|||person;Volgens Verhoeven die zojuist aangaf|||Omtzigt en anderen hebben natuurlijk gelijk;neutral|||agreeing;;;;;;;response;The speaker begins with 'Ook steun daarvoor' ('Also support for that'), indicating alignment with a prior statement.;0.95;
"{'mentions': [{'name': 'de minister', 'type': 'person', 'quote': 'De minister had, met een paar slagen om de arm, aangekondigd om daar nog wat meer over te zeggen, maar hij is er niet aan toegekomen.', 'mention_category': 'disagreeing'}, {'name': 'Segers', 'type': 'person', 'quote': 'Deze motie is voorgesteld door de leden Segers en Van der Staaij.', 'mention_category': 'neutral'}, {'name': 'Van der Staaij', 'type': 'person', 'quote': 'Deze motie is voorgesteld door de leden Segers en Van der Staaij.', 'mention_category': 'neutral'}], 'found_fallacy': [], 'summary': {'count': 0, 'average_confidence': 0.0, 'highest_confidence': 0.0, 'lowest_confidence': 0.0}, 'speech_relation': {'type': 'independent', 'justification': ""The speech focuses on proposing a motion and discussing procedural matters without direct reference to the previous speaker's statements."", 'confidence': 0.5}}";0;88;0;h-tk-20162017-11-6;De heer Segers;CU;"Mevrouw de voorzitter. Ik dank beide bewindslieden voor hun antwoorden. Eén vraag is nog open blijven staan, namelijk die over de bescherming van havens en andere strategische plekken. De minister had, met een paar slagen om de arm, aangekondigd om daar nog wat meer over te zeggen, maar hij is er niet aan toegekomen. Ik doe hem dus de warme uitnodiging om daar alsnog iets over te zeggen.
Dit was een wat lastig debat. Wij hadden het namelijk over een casus, en om begrijpelijke redenen gaf de minister aan dat wij daarover niet helemaal vrijuit kunnen spreken. Tegelijkertijd vertelt het ene, kleine verhaal van zo'n casus een veel groter verhaal over dreiging en over de noodzaak van bescherming. Het is dus wel degelijk zinnig om hierover iedere keer te blijven spreken. Het was echter even lastig manoeuvreren: hoe verhoudt zich het strafrechtelijk onderzoek tot parlementaire verantwoording?
Op dat punt dien ik een motie in.
De Kamer,
gehoord de beraadslaging,
overwegende dat het belang van strafrechtelijk onderzoek op gespannen voet kan staan met het informeren van de Tweede Kamer;
spreekt uit dat het wenselijk is dat zo veel als mogelijk informatie met de Tweede Kamer wordt gedeeld en tegelijkertijd het belang van strafrechtelijk onderzoek niet wordt geschaad;
verzoekt de regering, voor de behandeling van de begroting van Veiligheid en Justitie voor 2017 haar criteria op schrift te stellen met betrekking tot het delen van informatie die ook relevant kan zijn voor een strafrechtelijk onderzoek en die aan de Kamer te doen toekomen, zodat nadere gedachtewisseling daarover mogelijk wordt,
en gaat over tot de orde van de dag.
Deze motie is voorgesteld door de leden Segers en Van der Staaij. Naar mij blijkt, wordt de indiening ervan voldoende ondersteund.
Zij krijgt nr.";2016-2017;12-10-2016;tk;handelingen;6 Schiphol mogelijk doelwit;https://zoek.officielebekendmakingen.nl/h-tk-20162017-11-6.html;https://zoek.officielebekendmakingen.nl/h-tk-20162017-11-6.xml;nr. 11, item 6;segers;"Madam President. I thank both ministers for their answers. One question still remains open, namely that of the protection of ports and other strategic places. The minister had announced, with a few words of encouragement, that he would say more about this, but he never got around to it. So I warmly invite him to say something about that.
This was a somewhat difficult debate. We were talking about a case, and for understandable reasons the minister indicated that we cannot speak completely freely about it. At the same time, the one small story of such a case tells a much larger story about threats and the need for protection. So it does make sense to keep talking about this every time. However, it was difficult to maneuver: how does the criminal investigation relate to parliamentary accountability?
At that point I am submitting a motion.
The Chamber,
after hearing the deliberation,
whereas the importance of criminal investigations may be at odds with informing the House of Representatives;
expresses that it is desirable that as much information as possible is shared with the House of Representatives and at the same time the interests of criminal investigations are not harmed;
calls on the government, before considering the Security and Justice budget for 2017, to put its criteria in writing with regard to sharing information that may also be relevant to a criminal investigation and to forward them to the House, so that further exchange of views on this becomes possible,
and goes about the order of the day.
This motion was proposed by members Segers and Van der Staaij. It appears to me that its submission is sufficiently supported.
She gets no.";0;0;0;0.0;0.0;0.0;de minister|||Segers|||Van der Staaij;person|||person|||person;De minister had, met een paar slagen om de arm, aangekondigd om daar nog wat meer over te zeggen, maar hij is er niet aan toegekomen.|||Deze motie is voorgesteld door de leden Segers en Van der Staaij.|||Deze motie is voorgesteld door de leden Segers en Van der Staaij.;disagreeing|||neutral|||neutral;;;;;;;independent;The speech focuses on proposing a motion and discussing procedural matters without direct reference to the previous speaker's statements.;0.5;
"{'mentions': [], 'found_fallacy': [], 'summary': {'count': 0, 'average_confidence': 0.0, 'highest_confidence': 0.0, 'lowest_confidence': 0.0}, 'speech_relation': {'type': 'independent', 'justification': ""The speech presents the speaker's own analysis of a document and its implications without directly addressing a previous speaker's statement."", 'confidence': 0.95}}";0;89;0;h-tk-20162017-44-8;Mevrouw Fokke;PvdA;"Dat blijft heel ingewikkeld. In de brief van 13 september 2016 staat: ""Met deze brief geeft het IPO-bestuur u tevens mee dat het bestuur in lijn met het advies van de Raad voor de financiële verhoudingen, de commissie-Balkenende en het kabinet kan instemmen met de verkorting van de termijn voor de actualisatie van het verdeelmodel. Evenals bij de voorgaande actualisaties zal het IPO in dezen het initiatief daarvoor nemen en u als fondsbeheerder een plan van aanpak presenteren."" Verder staat er niets in. Ik wil de brief wel langer maken dan hij is, maar de brief is niet langer en er staat geen mits in op het punt van de compensatie. Dan wordt het wel heel erg ingewikkeld. Het IPO maakt een afspraak en Zeeland had dus een voorbehoud moeten maken. Zeeland had moeten zeggen dat die afspraak niet staat, dat hij geen afspraak kan maken. Nu is er de vervelende situatie dat Zeeland zegt dat er een mits is, maar dat ik die in de brief niet lees.";2016-2017;25-1-2017;tk;handelingen;8 Vereenvoudiging verdeelmodel Provinciefonds;https://zoek.officielebekendmakingen.nl/h-tk-20162017-44-8.html;https://zoek.officielebekendmakingen.nl/h-tk-20162017-44-8.xml;nr. 44, item 8;fokke;"That remains very complicated. The letter dated September 13, 2016 states: ""With this letter, the IPO board also informs you that, in line with the advice of the Council for Financial Relations, the Balkenende Committee and the cabinet, the board can agree to the shortening of the period for updating the distribution model. As with the previous updates, the IPO will take the initiative in this regard and present you as a fund manager with an action plan."" There is nothing else in it. I would like to make the letter longer than it is, but the letter is not longer and there is no condition in it regarding compensation. Then it becomes very complicated. The IPO makes an appointment and Zeeland should therefore have made a reservation. Zeeland should have said that there is no such appointment, that he cannot make an appointment. Now there is the annoying situation that Zeeland says that there is a condition, but I do not read it in the letter.";0;0;0;0.0;0.0;0.0;;;;;;;;;;;independent;The speech presents the speaker's own analysis of a document and its implications without directly addressing a previous speaker's statement.;0.95;
"{'mentions': [{'name': 'Van Raak', 'type': 'person', 'quote': 'Samen met collega Van Raak heb ik heel duidelijk gezegd dat een gemenebest absoluut een prima zaak is.', 'mention_category': 'agreeing'}], 'found_fallacy': [], 'summary': {'count': 0, 'average_confidence': 0.0, 'highest_confidence': 0.0, 'lowest_confidence': 0.0}, 'speech_relation': {'type': 'independent', 'justification': ""The speech presents the speaker's own arguments without direct reference to a previous speaker's statement."", 'confidence': 0.95}}";0;90;0;h-tk-20162017-12-16;De heer Bosman;VVD;"Nee, ik wil nergens van af. Dat heb ik al honderdduizend keer gezegd. Samen met collega Van Raak heb ik heel duidelijk gezegd dat een gemenebest absoluut een prima zaak is. We leunen ook niet achterover, alsof er niets hoeft te gebeuren. We moeten echter wel een duidelijke keuze maken. Dit is het probleem van een poldermodel in een Caribisch gebied. Dat werkt niet en dat moeten we nu eens accepteren. Het poldermodel werkt niet in het Caribisch gebied; we moeten dus kiezen. Die stap moet je durven zetten: je moet duidelijk kiezen. Ik denk dat het recht doet aan artikel 73 van het VN Handvest als we stappen vooruit zetten. Ik wil geen stappen terug zetten; ik hoef niet te koloniseren. Nee, ik wil vooruit. Ik wil minder zeggenschap vanuit dit huis, waar we over dit punt toch al geen zeggenschap hebben en ik wil meer eigen verantwoordelijkheid van Aruba, Curaçao en Sint-Maarten, omdat die verantwoordelijkheid daar moet liggen. Daarom zeg ik: we zijn halverwege; het is een hybride systeem; zorg ervoor dat we in gezamenlijkheid verder komen in de onafhankelijkheid. Een gemenebest is een optie. Daarbij bieden we nog steeds ondersteuning en zijn de posten, zoals Defensie, nog steeds beschikbaar. Zoals het nu is, gaan we dit niet oplossen.";2016-2017;13-10-2016;tk;handelingen;16 Begroting Koninkrijksrelaties;https://zoek.officielebekendmakingen.nl/h-tk-20162017-12-16.html;https://zoek.officielebekendmakingen.nl/h-tk-20162017-12-16.xml;nr. 12, item 16;bosman;"No, I don't want to get rid of anything. I've said that a hundred thousand times. Together with my colleague Van Raak, I have said very clearly that a commonwealth is absolutely a good thing. We also don't sit back as if nothing needs to be done. However, we must make a clear choice. This is the problem of a polder model in a Caribbean region. That doesn't work and we have to accept that now. The polder model does not work in the Caribbean; so we have to choose. You have to dare to take that step: you have to make a clear choice. I think it does justice to Article 73 of the UN Charter if we take steps forward. I don't want to take any steps back; I don't need to colonize. No, I want to move forward. I want less say from this house, where we already have no say on this point, and I want more responsibility from Aruba, Curaçao and Sint Maarten, because that responsibility should lie there. That's why I say: we're halfway there; it is a hybrid system; make sure that we move forward together towards independence. A commonwealth is an option. We still provide support and the posts, such as Defense, are still available. As it is now, we are not going to solve this.";0;0;0;0.0;0.0;0.0;Van Raak;person;Samen met collega Van Raak heb ik heel duidelijk gezegd dat een gemenebest absoluut een prima zaak is.;agreeing;;;;;;;independent;The speech presents the speaker's own arguments without direct reference to a previous speaker's statement.;0.95;
"{'mentions': [{'name': 'staatssecretaris', 'type': 'person', 'quote': ""Zegt de staatssecretaris nu toe dat we in die monitors de wachtlijsten uit de 42 regio's opgeteld krijgen?"", 'mention_category': 'neutral'}], 'found_fallacy': [], 'summary': {'count': 0, 'average_confidence': 0.0, 'highest_confidence': 0.0, 'lowest_confidence': 0.0}, 'speech_relation': {'type': 'independent', 'justification': 'The speech segment does not explicitly reference or respond to a prior statement, and no contextual cues indicate a direct reply to another speaker.', 'confidence': 0.3}}";0;91;0;h-tk-20162017-90-14;Mevrouw Agema;PVV;Ja, heel kort. Zegt de staatssecretaris nu toe dat we in die monitors de wachtlijsten uit de 42 regio's opgeteld krijgen?;2016-2017;21-6-2017;tk;handelingen;14 Zorg aan suïcidale tieners;https://zoek.officielebekendmakingen.nl/h-tk-20162017-90-14.html;https://zoek.officielebekendmakingen.nl/h-tk-20162017-90-14.xml;nr. 90, item 14;agema;Yes, very short. Is the State Secretary now promising that we will have the waiting lists from the 42 regions added up in those monitors?;0;0;0;0.0;0.0;0.0;staatssecretaris;person;Zegt de staatssecretaris nu toe dat we in die monitors de wachtlijsten uit de 42 regio's opgeteld krijgen?;neutral;;;;;;;independent;The speech segment does not explicitly reference or respond to a prior statement, and no contextual cues indicate a direct reply to another speaker.;0.3;
"{'mentions': [{'name': 'VVD', 'type': 'party', 'quote': 'De VVD wil van de staatssecretaris wat we nog meer kunnen doen om de onrust te verminderen.', 'mention_category': 'neutral'}], 'found_fallacy': [], 'summary': {'count': 0, 'average_confidence': 0.0, 'highest_confidence': 0.0, 'lowest_confidence': 0.0}, 'speech_relation': {'type': 'independent', 'justification': ""The speech introduces a topic and asks questions without directly referencing a previous speaker's statement."", 'confidence': 0.8}}";0;92;0;h-tk-20162017-76-11;De heer Remco Dijkstra;VVD;"Voorzitter. Deze debataanvraag loopt eigenlijk sinds 2012. Sindsdien zijn er veel berichten naar buiten gekomen over het gebruik van chemische stoffen in de fabriek Chemours, het voormalige DuPont. Meerdere kwesties zijn hier aan de orde. Op Sliedrecht24 kunt u behoorlijk wat nalezen in de regionale media.
Aan de orde is PFOA, perfluoroctaanzuur, dat ik voortaan C8 zal noemen en dat wordt gebruikt bij de productie van teflon. Hieraan zijn omwonenden jarenlang blootgesteld. Aan de orde zijn ook de jarenlange blootstelling van werknemers aan de stof DMAc in de lycrafabriek, de vergunningverlening door de provincie, dreigende rechtszaken door het drinkwaterbedrijf, een miljoenenclaim van omwonenden bij het bedrijf en de alternatieve stof GenX, de vervanger van PFOA of C8 en de lozing hiervan in het oppervlaktewater. Al deze berichtgeving heeft geleid tot zorgen voor omwonenden, medewerkers en oud-medewerkers. Ik begrijp dat volledig.
Stel, je woont met je gezin al jarenlang onder de rook van een fabriek net aan de overkant van de Merwede in Sliedrecht. Een goede vriendin van je heeft jarenlang in die fabriek gewerkt. Ze is net met pensioen en heeft gezondheidsklachten. Zelf heb je misschien nog nergens last van, maar een tijd geleden heb je wel bloed afgestaan, want je deed mee aan een steekproef van het RIVM. Dan krijg je het rapport van het RIVM, waarin staat, en dat lees je: er blijft wetenschappelijk discussie over wat een veilig niveau van blootstelling is; het is niet eenvoudig vast te stellen of dit in het verleden of nu heeft geleid tot nadelige gezondheidseffecten; omwonenden kunnen nadelige effecten hebben ondervonden. Wat moet je daar dan mee? Het schept niet de duidelijkheid waar jij en je vriendin behoefte aan hebben. Ook schept het niet de duidelijkheid waar je op gehoopt had. Het is een moeilijke kwestie. Ik begrijp dus ook volledig dat omwonenden zich afvragen welke risico's zij lopen. Mensen hebben recht op antwoorden. Voor de VVD is het cruciaal dat alle mensen in Sliedrecht, Papendrecht en Dordrecht duidelijkheid krijgen.
Het RIVM heeft onderzoek gedaan, maar het recente rapport en de conclusies uit het onderzoek van het RIVM geven die duidelijkheid dus niet. Daarvoor is weer aanvullend onderzoek nodig. Dat is frustrerend, maar het is wel waar. Ik hoor graag van de staatssecretaris wat de planning is. Wanneer krijgen die mensen wel duidelijkheid? En hoe staat het met het onderzoek van de Inspectie SZW als het gaat om voormalige en huidige medewerkers?
Dan de stof C8. Maar liefst 32 jaar is de norm overschreden. Hoe heeft de situatie zo lang kunnen voortbestaan? Natuurlijk ligt de bal primair bij het bedrijf zelf, maar wie had er aan de bel moeten trekken? Wie had er moeten handhaven? Om welke reden is dat niet gebeurd?
Sinds een aantal jaar is de toezichthouder professioneler geworden. We hebben inspectiediensten gevormd. Is dat daadwerkelijk de oplossing om dit soort zaken te voorkomen? C8 is inmiddels verboden, maar er rijzen vragen over de vervangende stof GenX. Daar heb je weer nieuw onderzoek voor nodig. Dat onderzoek duurt nog een jaar. In het licht daarvan vind ik het goed dat de provincie Zuid-Holland heeft besloten, de vergunning aan te passen, gewoon uit voorzorg, om te maken dat er minder GenX geloosd wordt.
Het bedrijf en de nieuwe directeur proberen betrokkenheid te tonen, maar het vertrouwen is weg. Het bedrijf heeft een levensgroot communicatieprobleem, maar nog veel erger is dat de buurt een levensgroot probleem heeft met giftige stoffen in hun omgeving. Dit is een ongewenste situatie. De ongerustheid kunnen we niet alleen maar wegnemen met informatievoorziening. Het wordt dus een lange tijd en misschien een lange strijd. De VVD wil van de staatssecretaris weten wat we nog meer kunnen doen om de onrust te verminderen. De VVD wil duidelijkheid en transparantie van informatie.
Dit soort toestanden willen we natuurlijk voorkomen. Hoe gaan we daarvoor zorgen? Hoe is het nu geregeld? Kan zo'n bizar lange overschrijding van 32 jaar als deze worden voorkomen? Het is van het grootste belang, lessen te trekken. Welke zijn dat?";2016-2017;17-5-2017;tk;handelingen;11 Blootstelling aan een giftige stof rondom chemiebedrijf in Dordrecht;https://zoek.officielebekendmakingen.nl/h-tk-20162017-76-11.html;https://zoek.officielebekendmakingen.nl/h-tk-20162017-76-11.xml;nr. 76, item 11;remco dijkstra;"Chair. This debate request has actually been running since 2012. Since then, many reports have emerged about the use of chemicals in the Chemours factory, the former DuPont. Several issues are at stake here. On Sliedrecht24 you can read quite a bit in the regional media.
At issue is PFOA, perfluorooctanoic acid, which I will henceforth call C8 and which is used in the production of Teflon. Local residents have been exposed to this for years. Also at issue are the years of exposure of employees to the substance DMAc in the Lycra factory, the licensing by the province, threatened lawsuits by the drinking water company, a multi-million claim from residents living near the company and the alternative substance GenX, the replacement for PFOA or C8, and its discharge into surface water. All this reporting has led to concerns for local residents, employees and former employees. I understand that completely.
Suppose you have been living with your family for years under the smoke of a factory just across the Merwede in Sliedrecht. A good friend of yours worked in that factory for years. She has just retired and has health problems. You may not have had any problems yet, but some time ago you donated blood because you took part in a random sample from the RIVM. Then you get the report from the RIVM, which states, and you read it: there continues to be scientific discussion about what a safe level of exposure is; it is not easy to determine whether this has led to adverse health effects in the past or now; local residents may have experienced adverse effects. What should you do with that? It does not create the clarity that you and your girlfriend need. It also does not create the clarity you had hoped for. It's a difficult issue. So I fully understand that local residents wonder what risks they run. People have a right to answers. It is crucial for the VVD that all people in Sliedrecht, Papendrecht and Dordrecht receive clarity.
The RIVM has conducted research, but the recent report and the conclusions from the RIVM research do not provide that clarity. This requires additional research. That's frustrating, but it's true. I would like to hear from the State Secretary what the plan is. When will these people get clarity? And what is the status of the SZW Inspectorate's investigation when it comes to former and current employees?
Then the fabric C8. The standard has been exceeded by no less than 32 years. How has the situation been allowed to continue for so long? Of course, the ball is primarily in the company's court, but who should have sounded the alarm? Who should have enforced it? Why didn't that happen?
In recent years, the supervisory authority has become more professional. We have formed inspection services. Is that actually the solution to prevent these kinds of things? C8 has now been banned, but questions arise about the replacement substance GenX. You need new research for that. That investigation will take another year. In light of this, I think it is good that the province of South Holland has decided to adjust the permit, simply as a precaution, to ensure that less GenX is discharged.
The company and the new director try to show commitment, but trust is gone. The company has a major communication problem, but even worse is that the neighborhood has a major problem with toxic substances in their environment. This is an undesirable situation. We cannot allay this concern simply by providing information. So it's going to be a long time and maybe a long battle. The VVD wants to know from the State Secretary what else we can do to reduce the unrest. The VVD wants clarity and transparency of information.
We naturally want to prevent these types of situations. How are we going to ensure that? How is it arranged now? Can such a bizarrely long exceedance of 32 years like this be prevented? It is of the utmost importance to learn lessons. Which ones are they?";0;0;0;0.0;0.0;0.0;VVD;party;De VVD wil van de staatssecretaris wat we nog meer kunnen doen om de onrust te verminderen.;neutral;;;;;;;independent;The speech introduces a topic and asks questions without directly referencing a previous speaker's statement.;0.8;
"{'mentions': [{'name': 'SP', 'type': 'party', 'quote': 'Wat de SP betreft moet alle aandacht internationaal gericht zijn op het bereiken van een staakt-het-vuren.', 'mention_category': 'disagreeing'}], 'found_fallacy': [], 'summary': {'count': 0, 'average_confidence': 0.0, 'highest_confidence': 0.0, 'lowest_confidence': 0.0}, 'speech_relation': {'type': 'response', 'justification': ""The speech directly addresses previous discussions about Aleppo, the SP's stance, and references specific actions (e.g., evacuations, UN resolutions) mentioned in prior debates."", 'confidence': 0.8}}";0;93;0;h-tk-20162017-38-10;De heer Van Bommel;SP;"Voorzitter. Het Assadregime heeft met bondgenoten Aleppo heroverd. De beelden die daarvan getoond zijn, hebben ons met grote afschuw vervuld. Veel burgers zijn om het leven gekomen, oorlogsmisdaden zijn begaan en de internationale gemeenschap stond erbij en keer ernaar.
Wat de SP betreft moet alle aandacht internationaal gericht zijn op het bereiken van een staakt-het-vuren. Alleen wanneer dat wordt bereikt, kunnen er stappen worden gezet naar andere, verdergaande plannen. De stand van zaken nu is een half miljoen doden, miljoenen vluchtelingen en nog steeds geen serieus perspectief op vrede in Syrië.
Het recente overleg tussen Rusland, Iran en Turkije lijkt hoopgevend. Het zou de herstart kunnen zijn van een vredesproces in de regio. Ik heb enkele vragen die daaraan zijn gekoppeld. Klopt het dat Turkije niet langer het vertrek van Assad eist? Zo ja, is dat dan onderdeel van de toenadering van Turkije tot Rusland? Past in dat beeld ook het bericht van de Britse Daily Mail dat Turkije officieren bij de NAVO zou vervangen door meer pro-Russische officieren? Dergelijke ontwikkelingen zouden buitengewoon zorgelijk zijn.
Vorige week heeft het Assadregime een deal gesloten waardoor er nu mensen worden geëvacueerd. In de brief van de minister lees ik dat er al 25.000 mensen geëvacueerd zouden zijn, maar ik hoor ook veel hogere getallen. Kan de minister hierover duidelijkheid scheppen? De VN-Veiligheidsraad heeft eergisteren besloten om waarnemers naar Aleppo te sturen die moeten toezien op de evacuatie. De vraag is of dit besluit wel op tijd is genomen. Rusland en Turkije hebben namelijk aangegeven dat de evacuaties al binnen twee dagen afgerond kunnen worden. Welk beeld heeft de minister hiervan?
Vorige week maakte de minister in het discussieprogramman van Jeroen Pauw de vergelijking met de val van Srebrenica. Daarbij kwamen zo'n 8.000 moslimmannen en -jongens om het leven. In Aleppo zou nu een vergelijkbare genocide dreigen. Ik vraag de minister dat toe te lichten. Feit is dat het gebruik van de term ""genocide"" zeer belast is, ook met internationale verplichtingen die voortvloeien uit het Genocideverdrag van de VN. Welke implicaties heeft het gebruik van deze term in dit geval?
Sommigen kunnen niet genoeg benadrukken dat de strijd in Aleppo zich richt tegen terroristen.";2016-2017;21-12-2016;tk;handelingen;10 Debat over Syrië;https://zoek.officielebekendmakingen.nl/h-tk-20162017-38-10.html;https://zoek.officielebekendmakingen.nl/h-tk-20162017-38-10.xml;nr. 38, item 10;van van bommel;"Chair. The Assad regime and its allies have retaken Aleppo. The images that have been shown have filled us with great horror. Many civilians were killed, war crimes were committed and the international community stood by and condemned it.
As far as the SP is concerned, all international attention should be focused on achieving a ceasefire. Only when this is achieved can steps be taken towards other, more far-reaching plans. The current state of affairs is half a million dead, millions of refugees and still no serious prospect of peace in Syria.
The recent talks between Russia, Iran and Turkey seem hopeful. It could be the restart of a peace process in the region. I have some questions related to that. Is it true that Turkey no longer demands Assad's departure? If so, is that part of Turkey's rapprochement with Russia? Does the British Daily Mail's report that Turkey would replace NATO officers with more pro-Russian officers fit into that picture? Such developments would be extremely worrying.
Last week, the Assad regime struck a deal that means people are now being evacuated. In the minister's letter I read that 25,000 people have already been evacuated, but I also hear much higher numbers. Can the minister provide clarity on this? The UN Security Council decided the day before yesterday to send observers to Aleppo to monitor the evacuation. The question is whether this decision was taken in time. Russia and Turkey have indicated that the evacuations can be completed within two days. What image does the minister have of this?
Last week, in Jeroen Pauw's discussion programme, the minister made a comparison with the fall of Srebrenica. About 8,000 Muslim men and boys were killed. A similar genocide would now threaten Aleppo. I ask the minister to explain that. The fact is that the use of the term ""genocide"" is very burdensome, also with international obligations arising from the UN Genocide Convention. What implications does the use of this term have in this case?
Some cannot emphasize enough that the fight in Aleppo is against terrorists.";0;0;0;0.0;0.0;0.0;SP;party;Wat de SP betreft moet alle aandacht internationaal gericht zijn op het bereiken van een staakt-het-vuren.;disagreeing;;;;;;;response;The speech directly addresses previous discussions about Aleppo, the SP's stance, and references specific actions (e.g., evacuations, UN resolutions) mentioned in prior debates.;0.8;
"{'mentions': [{'name': 'de minister', 'type': 'person', 'quote': 'de minister', 'mention_category': 'disagreeing'}], 'found_fallacy': [{'quote': 'Ik ben geneigd te kiezen voor de lezing van de Groningers en de minister niet zomaar op zijn woord te geloven dat de schade goed wordt afgehandeld.', 'explanation': ""Attacks the minister's credibility by questioning their reliability, focusing on character rather than argument."", 'confidence': 0.9, 'local_topic': 'schadeafhandeling', 'target': 'de minister', 'explicitness': 'explicit'}], 'summary': {'count': 1, 'average_confidence': 0.9, 'highest_confidence': 0.9, 'lowest_confidence': 0.9}, 'speech_relation': {'type': 'response', 'justification': ""The speech directly addresses the minister's actions and arguments, responding to their prior statements."", 'confidence': 0.95}}";0;94;0;h-tk-20162017-53-6;Mevrouw Ouwehand;PvdD;Een deel van mijn vragen was bij andere woordvoerders beantwoord. Ik sla erop aan dat de minister steeds blijft zeggen dat het veilig is en dat alle schades worden afgehandeld. De ervaring van de betrokkenen is anders. Ik ben geneigd te kiezen voor de lezing van de Groningers en de minister niet zomaar op zijn woord te geloven dat de schade goed wordt afgehandeld. Dat is echt anders. Niet alles wordt vergoed. Daarom snap ik niet waarom hij het voorstel voor een generaal pardon afwijst. Natuurlijk zijn er problemen in de uitvoering. De redenering van de minister was: mensen die hebben ingestemd met een plan voordat het generaal pardon van kracht was, doen we dan onrecht. Nee, wij doen de Groningers nú onrecht. Waarom wijst hij dat zo makkelijk af? Waarom is hij niet creatiever in het zoeken naar een manier om de bestaande gevallen actief te ontzorgen?;2016-2017;15-2-2017;tk;handelingen;6 Mijnbouw;https://zoek.officielebekendmakingen.nl/h-tk-20162017-53-6.html;https://zoek.officielebekendmakingen.nl/h-tk-20162017-53-6.xml;nr. 53, item 6;ouwehand;Some of my questions were answered by other spokespersons. I point out that the minister keeps saying that it is safe and that all damage is being dealt with. The experience of those involved is different. I am inclined to opt for the Groningen people's interpretation and not to simply take the minister at his word that the damage is being handled properly. That's really different. Not everything is reimbursed. That's why I don't understand why he rejects the proposal for a general pardon. Of course there are problems in implementation. The minister's reasoning was: we are doing an injustice to people who agreed to a plan before the general pardon came into effect. No, we are now doing the people of Groningen an injustice. Why does he dismiss that so easily? Why isn't he more creative in looking for a way to actively relieve existing cases?;0;1;1;0.9;0.9;0.9;de minister;person;de minister;disagreeing;Ik ben geneigd te kiezen voor de lezing van de Groningers en de minister niet zomaar op zijn woord te geloven dat de schade goed wordt afgehandeld.;Attacks the minister's credibility by questioning their reliability, focusing on character rather than argument.;schadeafhandeling;de minister;explicit;0.9;response;The speech directly addresses the minister's actions and arguments, responding to their prior statements.;0.95;
{'mentions': [{'name': 'mevrouw Helder', 'type': 'person', 'quote': 'Ik ben het met mevrouw Helder eens', 'mention_category': 'agreeing'}], 'found_fallacy': [], 'summary': {'count': 0, 'average_confidence': 0.0, 'highest_confidence': 0.0, 'lowest_confidence': 0.0}, 'speech_relation': {'type': 'response', 'justification': 'The speaker explicitly references starting their contribution, indicating a direct follow-up to prior discussion.', 'confidence': 0.95}};0;95;0;h-tk-20162017-68-4;De heer Van Oosten;VVD;Ik ben mijn bijdrage zojuist niet voor niets gestart met het refereren aan illegaal vuurwapenbezit. Ik ben het met mevrouw Helder eens dat daar natuurlijk het grote probleem zit. Dan heb je het niet over die gepassioneerde schietsporter. Waar we het nu over hebben, is de beperking van de groep gepassioneerde schietsporters aan wie wellicht toch niet zo'n wapen kan worden toevertrouwd. Daar ben ik dan misschien wat strenger in dan mevrouw Helder. Maar als het gaat om de aanpak van de illegale wapenhandelaar, de bron, als het gaat om de aanpak van de illegale wapenbezitter, kunnen wij elkaar vinden en vind ik gewoon dat dit kabinet moet optreden waar de ruimte en mogelijkheid bestaan.;2016-2017;13-4-2017;tk;handelingen;4 Versterking stelsel legaal wapenbezit;https://zoek.officielebekendmakingen.nl/h-tk-20162017-68-4.html;https://zoek.officielebekendmakingen.nl/h-tk-20162017-68-4.xml;nr. 68, item 4;van van oosten;It is not without reason that I just started my contribution by referring to illegal firearms possession. I agree with Mrs Helder that that is of course the big problem. Then you are not talking about that passionate shooting athlete. What we are talking about now is the limitation of the group of passionate shooting athletes who may not be entrusted with such a weapon after all. I may be a bit stricter about that than Mrs Helder. But when it comes to tackling the illegal arms dealer, the source, when it comes to tackling the illegal arms owner, we can find each other and I simply believe that this cabinet should act where there is space and opportunity.;0;0;0;0.0;0.0;0.0;mevrouw Helder;person;Ik ben het met mevrouw Helder eens;agreeing;;;;;;;response;The speaker explicitly references starting their contribution, indicating a direct follow-up to prior discussion.;0.95;
"{'mentions': [{'name': 'Agema', 'type': 'person', 'quote': 'de voorbeelden van mevrouw Agema', 'mention_category': 'neutral'}], 'found_fallacy': [], 'summary': {'count': 0, 'average_confidence': 0.0, 'highest_confidence': 0.0, 'lowest_confidence': 0.0}, 'speech_relation': {'type': 'response', 'justification': ""The speech begins with 'Om te beginnen met dat laatste punt' (Starting with the last point), directly referencing a prior discussion topic."", 'confidence': 0.95}}";0;96;0;h-tk-20162017-102-3;Mevrouw Pia Dijkstra;D66;Om te beginnen met dat laatste punt: dat vind ik helemaal niet raar. Dan even over de voorbeelden van mevrouw Agema, zoals iemand die met een gebroken heup wordt teruggestuurd, naar huis of naar de huisarts. Ik vind dat we daar geen karikatuur van moeten maken. We moeten ons zorgen maken over de juiste dingen. We moeten ons zorgen maken over kwetsbare ouderen die in ziekenhuizen terechtkomen of op de spoedeisende hulp, terwijl ze heel goed bij de huisartsenpost of door de huisarts kunnen worden verzorgd en behandeld. Zoals wij allemaal weten, is een dementerende bejaarde op de eerste hulp van een ziekenhuis een drama. Die raakt totaal van slag. Die is totaal ontregeld. Die heeft daar nog heel erg lang last van. Daar moeten wij heel goed naar kijken. De karikatuur van de doodzieke baby die urenlang niet wordt behandeld op de spoedeisende hulp: sorry, laten wij onszelf ook serieus nemen. Laten wij kijken naar wat er echt aan de hand is. Laten wij dat oplossen.;2016-2017;13-9-2017;tk;handelingen;3 Spoedzorg in gevaar door overvolle eerstehulpposten;https://zoek.officielebekendmakingen.nl/h-tk-20162017-102-3.html;https://zoek.officielebekendmakingen.nl/h-tk-20162017-102-3.xml;nr. 102, item 3;pia dijkstra;To start with that last point: I don't find that strange at all. Now let's talk about Mrs. Agema's examples, such as someone who is sent back home or to the doctor with a broken hip. I don't think we should make a caricature of that. We need to worry about the right things. We should be concerned about vulnerable elderly people who end up in hospitals or emergency departments, while they could very well be cared for and treated at the GP post or by a general practitioner. As we all know, an elderly person with dementia in a hospital emergency room is a tragedy. He gets completely upset. It is completely disordered. She will suffer from this for a very long time. We have to look at that very carefully. The caricature of the critically ill baby who is not treated for hours in the emergency room: sorry, let us also take ourselves seriously. Let's look at what's really going on. Let's solve that.;0;0;0;0.0;0.0;0.0;Agema;person;de voorbeelden van mevrouw Agema;neutral;;;;;;;response;The speech begins with 'Om te beginnen met dat laatste punt' (Starting with the last point), directly referencing a prior discussion topic.;0.95;
"{'mentions': [{'name': 'Van Vliet', 'type': 'person', 'quote': 'Deze motie is voorgesteld door het lid Van Vliet.', 'mention_category': 'neutral'}], 'found_fallacy': [], 'summary': {'count': 0, 'average_confidence': 0.0, 'highest_confidence': 0.0, 'lowest_confidence': 0.0}, 'speech_relation': {'type': 'independent', 'justification': ""The speech segment introduces a motion and its proposer without direct reference to a preceding speaker's statement."", 'confidence': 0.8}}";0;97;0;h-tk-20162017-12-17;De heer Van Vliet;Van Vliet;"De tweede motie gaat over de Autoriteit woningcorporaties.
De Kamer,
gehoord de beraadslaging,
overwegende dat het stelsel van de sociale volkshuisvesting gebaat is bij een onafhankelijke integrale toezichthouder, zoals ook is aanbevolen door de parlementaire enquêtecommissie Woningcorporaties en daarna is bevestigd door parlement en regering bij de behandeling van de nieuwe Woningwet;
overwegende dat daarna de Autoriteit woningcorporaties is opgetuigd binnen de Inspectie Leefomgeving en Transport;
overwegende dat bij vragen over de onafhankelijkheid van de Autoriteit woningcorporaties de minister bij meerdere gelegenheden letterlijk heeft toegezegd dat de directeur van de Autoriteit woningcorporaties rechtstreeks toegang heeft tot de minister en daarbij niet langs de directeur ILT hoeft te gaan;
constaterende dat brieven van de Autoriteit woningcorporaties ondertekend worden door de inspecteur-generaal van de ILT en dat dit in tegenspraak is met de eerdere letterlijke toezegging van de minister en afbreuk doet aan de onafhankelijke en krachtige uitstraling van de Autoriteit woningcorporaties als toezichthouder;
verzoekt de regering, ervoor te zorgen dat de Autoriteit woningcorporaties volledig zelfstandig haar gang kan gaan in haar toezichthoudende taak, en die onafhankelijkheid te laten terugkeren in de ondertekening van alle uitgaande stukken van de Autoriteit woningcorporaties,
en gaat over tot de orde van de dag.
Deze motie is voorgesteld door het lid Van Vliet. Naar mij blijkt, wordt de indiening ervan voldoende ondersteund.
Zij krijgt nr.";2016-2017;13-10-2016;tk;handelingen;17 Begroting Wonen en Rijksdienst;https://zoek.officielebekendmakingen.nl/h-tk-20162017-12-17.html;https://zoek.officielebekendmakingen.nl/h-tk-20162017-12-17.xml;nr. 12, item 17;van van vliet;"The second motion concerns the Housing Corporation Authority.
The Chamber,
after hearing the deliberation,
whereas the social housing system benefits from an independent integral supervisor, as was also recommended by the parliamentary inquiry committee on Housing Corporations and subsequently confirmed by parliament and government during the discussion of the new Housing Act;
whereas the Housing Corporation Authority was subsequently set up within the Human Environment and Transport Inspectorate;
whereas on questions about the independence of the Housing Corporation Authority, the minister has literally promised on several occasions that the director of the Housing Corporation Authority has direct access to the minister and does not have to go through the ILT director;
noting that letters from the Housing Corporation Authority are signed by the Inspector General of the ILT and that this contradicts the minister's previous literal commitment and detracts from the independent and powerful image of the Housing Corporation Authority as a supervisor;
calls on the government to ensure that the Housing Corporation Authority can carry out its supervisory task completely independently, and to reflect that independence in the signing of all outgoing documents from the Housing Corporation Authority,
and goes about the order of the day.
This motion was proposed by member Van Vliet. It appears to me that its submission is sufficiently supported.
She gets no.";0;0;0;0.0;0.0;0.0;Van Vliet;person;Deze motie is voorgesteld door het lid Van Vliet.;neutral;;;;;;;independent;The speech segment introduces a motion and its proposer without direct reference to a preceding speaker's statement.;0.8;
"{'mentions': [], 'found_fallacy': [], 'summary': {'count': 0, 'average_confidence': 0.0, 'highest_confidence': 0.0, 'lowest_confidence': 0.0}, 'speech_relation': {'type': 'independent', 'justification': ""The speech presents a general argument about rights management without direct reference to a previous speaker's statement."", 'confidence': 0.9}}";0;98;0;h-tk-20162017-97-3;Staatssecretaris Dekker;VVD;Als er iets wordt gemaakt, worden de rechten niet altijd onbeperkt afgekocht. Als je vanavond iets op de televisie ziet bij de publieke omroep, dan is daar weliswaar voor betaald, maar niet in die zin dat je het oneindig kunt herhalen of dat je het oneindig vrij toegankelijk op internet kunt zetten. Dat zou je wel kunnen doen, maar dan zegt de rechthebbende organisatie: dan willen wij daar ook extra voor betaald krijgen. De vraag is hoe je dat doet. De NPO zegt: wij willen die extra service bieden aan onze kijkers, maar dan moeten ze daar wel een klein beetje voor betalen. Ik ben in die redeneerlijn meegegaan. Als je nu zegt dat de NPO dat standaard moet afkopen voor zijn programma's omdat alles wat op de publieke omroep te zien is geweest, voor altijd, tot in lengte van dagen, voor iedereen beschikbaar moet zijn, dan gaat dat om heel veel extra middelen. Dat betekent dat er minder geld overblijft om goede programma's te maken.;2016-2017;6-7-2017;tk;handelingen;3 Media;https://zoek.officielebekendmakingen.nl/h-tk-20162017-97-3.html;https://zoek.officielebekendmakingen.nl/h-tk-20162017-97-3.xml;nr. 97, item 3;dekker;When something is created, the rights are not always purchased indefinitely. If you see something on the television tonight on the public broadcaster, it may have been paid for, but not in the sense that you can repeat it indefinitely or that you can put it freely accessible on the internet indefinitely. You could do that, but then the rights-holder organization says: we also want to get paid extra for that. The question is how you do that. The NPO says: we want to offer that extra service to our viewers, but then they have to pay a little bit for it. I went along with that line of reasoning. If you now say that the NPO must buy off this standard for its programs because everything that has been shown on the public broadcaster must be available to everyone forever, forever, then that involves a lot of extra resources. This means that there is less money left over to create good programs.;0;0;0;0.0;0.0;0.0;;;;;;;;;;;independent;The speech presents a general argument about rights management without direct reference to a previous speaker's statement.;0.9;
"{'mentions': [{'name': 'Volk', 'type': 'person', 'quote': 'Neemt mevrouw Volp de interpretatie van de staatssecretaris over?', 'mention_category': 'neutral'}], 'found_fallacy': [], 'summary': {'count': 0, 'average_confidence': 0.0, 'highest_confidence': 0.0, 'lowest_confidence': 0.0}, 'speech_relation': {'type': 'response', 'justification': ""The speaker directly addresses a specific individual (mevrouw Volp) and references a prior discussion about the state secretary's interpretation, indicating a connection to previous statements."", 'confidence': 0.5}}";0;99;0;h-tk-20162017-16-23;Mevrouw Bergkamp;D66;Ik heb toch een vraag waar ik graag antwoord op wil om te kunnen beslissen of we voor of tegen de motie zullen stemmen. Neemt mevrouw Volp de interpretatie van de staatssecretaris over?;2016-2017;1-11-2016;tk;handelingen;23 Verslavingszorg;https://zoek.officielebekendmakingen.nl/h-tk-20162017-16-23.html;https://zoek.officielebekendmakingen.nl/h-tk-20162017-16-23.xml;nr. 16, item 23;bergkamp;I do have a question that I would like an answer to in order to decide whether we will vote for or against the motion. Does Ms Volp accept the State Secretary's interpretation?;0;0;0;0.0;0.0;0.0;Volk;person;Neemt mevrouw Volp de interpretatie van de staatssecretaris over?;neutral;;;;;;;response;The speaker directly addresses a specific individual (mevrouw Volp) and references a prior discussion about the state secretary's interpretation, indicating a connection to previous statements.;0.5;
"{'mentions': [{'name': 'Omtzigt', 'type': 'person', 'quote': 'de vraag van de heer Omtzigt over archivering', 'mention_category': 'neutral'}], 'found_fallacy': [], 'summary': {'count': 0, 'average_confidence': 0.0, 'highest_confidence': 0.0, 'lowest_confidence': 0.0}, 'speech_relation': {'type': 'response', 'justification': ""The speech directly addresses a question raised by 'de heer Omtzigt' in the previous exchange."", 'confidence': 0.95}}";0;100;0;h-tk-20162017-14-8;Minister Van der Steur;VVD;"Ik heb dat net geverifieerd: er is geen redengeving voor geweest. Maar wij weten ook nog niet of er nu wel radarbeelden zijn. Ook die vraag kan dus niet in die zin worden beantwoord, omdat wij niet weten wat de inhoud van die informatie is.
Dan kom ik op de vraag van de heer Omtzigt over archivering. Voor uitvoering van de motie-Omtzigt (33997, nr. 73) is een projectleider aangesteld bij de Nationaal Coördinator Terrorismebestrijding en Veiligheid, waarbij de rijksarchivaris ondersteunt met kennis en kunde. De Erfgoedinspectie is, zoals de heer Omtzigt vroeg, nauw bij dit project betrokken. Het project richt zich op het identificeren en indexeren van de informatie, het waarborgen van duurzame toegankelijkheid en het maken van vervolgafspraken over de overbrenging van die informatie. Er is voorzien dat het project zelf in oktober 2017 is afgerond. Ik zal de Kamer op verzoek van de heer Omtzigt voor het kerstreces informeren over de stand van zaken en heel specifiek over de manier waarop de Erfgoedinspectie hierbij betrokken is.";2016-2017;26-10-2016;tk;handelingen;8 Stand van zaken MH17;https://zoek.officielebekendmakingen.nl/h-tk-20162017-14-8.html;https://zoek.officielebekendmakingen.nl/h-tk-20162017-14-8.xml;nr. 14, item 8;van der van der steur;"I just verified that: no reason was given for it. But we don't know yet whether there are radar images yet. That question cannot be answered in that sense either, because we do not know what the content of that information is.
Then I come to Mr Omtzigt's question about archiving. To implement the Omtzigt motion (33997, no. 73), a project leader has been appointed by the National Coordinator for Counterterrorism and Security, with the State Archivist providing support with knowledge and expertise. The Heritage Inspectorate is, as Mr Omtzigt asked, closely involved in this project. The project focuses on identifying and indexing the information, ensuring sustainable accessibility and making follow-up agreements about the transfer of that information. The project itself is expected to be completed in October 2017. At the request of Mr Omtzigt, I will inform the House before the Christmas recess about the state of affairs and very specifically about the way in which the Heritage Inspectorate is involved.";0;0;0;0.0;0.0;0.0;Omtzigt;person;de vraag van de heer Omtzigt over archivering;neutral;;;;;;;response;The speech directly addresses a question raised by 'de heer Omtzigt' in the previous exchange.;0.95;
{'mentions': [], 'found_fallacy': [], 'summary': {'count': 0, 'average_confidence': 0.0, 'highest_confidence': 0.0, 'lowest_confidence': 0.0}, 'speech_relation': {'type': 'independent', 'justification': 'The speech contains a procedural statement about placing a debate on the agenda without direct reference to previous remarks or specific political actors.', 'confidence': 0.95}};0;101;0;h-tk-20162017-95-26;De heer Fritsma;PVV;Nee, wel steun voor de brief. Een dertigledendebat zit er wel in, als ik goed heb geteld. Dat wil ik graag op de rol laten plaatsen.;2016-2017;4-7-2017;tk;handelingen;26 Regeling van werkzaamheden;https://zoek.officielebekendmakingen.nl/h-tk-20162017-95-26.html;https://zoek.officielebekendmakingen.nl/h-tk-20162017-95-26.xml;nr. 95, item 26;fritsma;No, but support for the letter. There will be a thirty-member debate, if I counted correctly. I would like to have that placed on the docket.;0;0;0;0.0;0.0;0.0;;;;;;;;;;;independent;The speech contains a procedural statement about placing a debate on the agenda without direct reference to previous remarks or specific political actors.;0.95;
"{'mentions': [{'name': ""Van 't Wout"", 'type': 'person', 'quote': ""De heer Van 't Wout zei net dat een vast contract voor werkgevers te duur is"", 'mention_category': 'agreeing'}], 'found_fallacy': [], 'summary': {'count': 0, 'average_confidence': 0.0, 'highest_confidence': 0.0, 'lowest_confidence': 0.0}, 'speech_relation': {'type': 'response', 'justification': ""The speech directly addresses and responds to De heer Van 't Wout's statement about contract costs."", 'confidence': 0.95}}";0;102;0;h-tk-20162017-31-27;Mevrouw Voortman;GroenLinks;De heer Van 't Wout zei net dat een vast contract voor werkgevers te duur is. Dat is denk ik ook zo, in vergelijking met alle flexvormen van contracten. Die zijn inderdaad veel goedkoper. Vandaar ook dat werkgevers daar veel makkelijker voor kiezen. Zou het dan niet veel logischer zijn dat we kijken naar hoe we wat kunnen doen aan de prijzen van vast en flex, aan de lasten die werkgevers moeten betalen, en dat we ervoor zorgen dat de flexkant juist duurder wordt?;2016-2017;6-12-2016;tk;handelingen;27 Begroting Sociale Zaken en Werkgelegenheid;https://zoek.officielebekendmakingen.nl/h-tk-20162017-31-27.html;https://zoek.officielebekendmakingen.nl/h-tk-20162017-31-27.xml;nr. 31, item 27;voortman;Mr Van 't Wout just said that a permanent contract is too expensive for employers. I think that is also the case, compared to all flexible forms of contracts. They are indeed much cheaper. That is why employers choose this much more easily. Wouldn't it then be much more logical that we look at how we can do something about the prices of permanent and flexible, the costs that employers have to pay, and that we ensure that the flexible side actually becomes more expensive?;0;0;0;0.0;0.0;0.0;Van 't Wout;person;De heer Van 't Wout zei net dat een vast contract voor werkgevers te duur is;agreeing;;;;;;;response;The speech directly addresses and responds to De heer Van 't Wout's statement about contract costs.;0.95;
"{'mentions': [], 'found_fallacy': [], 'summary': {'count': 0, 'average_confidence': 0.0, 'highest_confidence': 0.0, 'lowest_confidence': 0.0}, 'speech_relation': {'type': 'independent', 'justification': ""The speech segment does not explicitly reference or respond to the previous speaker's statement, instead presenting a general observation about frameworks."", 'confidence': 0.3}}";0;103;0;h-tk-20162017-98-10;De heer Van Raan;PvdD;Grappig genoeg sluiten we in dit verband best goed aan bij elkaar als het gaat om de kaders. Ik ben benieuwd of de spreker de kaders ziet als vrijblijvend, voorlichtend of dwingend. Kan hij kwalificeren wat die kaders zijn?;2016-2017;5-9-2017;tk;handelingen;10 Opwarming in de steden;https://zoek.officielebekendmakingen.nl/h-tk-20162017-98-10.html;https://zoek.officielebekendmakingen.nl/h-tk-20162017-98-10.xml;nr. 98, item 10;van van raan;Funnily enough, we fit together quite well in this context when it comes to the frameworks. I am curious whether the speaker sees the frameworks as non-binding, informative or compelling. Can he qualify what those frameworks are?;0;0;0;0.0;0.0;0.0;;;;;;;;;;;independent;The speech segment does not explicitly reference or respond to the previous speaker's statement, instead presenting a general observation about frameworks.;0.3;
"{'mentions': [{'name': 'Madlener', 'type': 'person', 'quote': 'de heer Madlener hier zegt', 'mention_category': 'neutral'}], 'found_fallacy': [], 'summary': {'count': 0, 'average_confidence': 0.0, 'highest_confidence': 0.0, 'lowest_confidence': 0.0}, 'speech_relation': {'type': 'response', 'justification': ""The speech directly references 'de heer Madlener' and his statement, indicating a direct engagement with his prior contribution."", 'confidence': 0.5}}";0;104;0;h-tk-20162017-54-12;Minister Plasterk;PvdA;De aard van een meerjarenonderhoudsplan kan, kort samengevat, ongeveer zijn wat de heer Madlener hier zegt: we gaan een keer in de vijf jaar schilderen, we stoppen nog wat geld in de pot voor kleine reparaties en dit is het budget dat daarvoor per jaar wordt gereserveerd. Moeilijker dan dat hoeft het ook niet te worden.;2016-2017;16-2-2017;tk;handelingen;12 Functioneren verenigingen van eigenaars;https://zoek.officielebekendmakingen.nl/h-tk-20162017-54-12.html;https://zoek.officielebekendmakingen.nl/h-tk-20162017-54-12.xml;nr. 54, item 12;plasterk;The nature of a multi-year maintenance plan can, in short, be something like what Mr Madlener says here: we will paint once every five years, we will put some money in the pot for minor repairs and this is the budget that is reserved for this each year. It doesn't have to be more difficult than that.;0;0;0;0.0;0.0;0.0;Madlener;person;de heer Madlener hier zegt;neutral;;;;;;;response;The speech directly references 'de heer Madlener' and his statement, indicating a direct engagement with his prior contribution.;0.5;
"{'mentions': [], 'found_fallacy': [], 'summary': {'count': 0, 'average_confidence': 0.0, 'highest_confidence': 0.0, 'lowest_confidence': 0.0}, 'speech_relation': {'type': 'independent', 'justification': ""The statement is a closing remark without direct reference to previous speaker's content."", 'confidence': 0.5}}";0;105;0;h-tk-20162017-96-8;Staatssecretaris Wiebes;VVD;Nou, dat is een gezellig einde van het debat.;2016-2017;5-7-2017;tk;handelingen;8 Fiscaal gunstige tegemoetkoming aan chemieconcern ICL;https://zoek.officielebekendmakingen.nl/h-tk-20162017-96-8.html;https://zoek.officielebekendmakingen.nl/h-tk-20162017-96-8.xml;nr. 96, item 8;wiebes;Well, that's a nice end to the debate.;0;0;0;0.0;0.0;0.0;;;;;;;;;;;independent;The statement is a closing remark without direct reference to previous speaker's content.;0.5;
"{'mentions': [{'name': 'De heer Smaling', 'type': 'person', 'quote': 'De heer Smaling zei dat een grootschalig zonnepark in de plaats zou kunnen komen voor het windpark in Drenthe.', 'mention_category': 'neutral'}, {'name': 'mevrouw Mulder', 'type': 'person', 'quote': 'zoals mevrouw Mulder zegt', 'mention_category': 'disagreeing'}], 'found_fallacy': [], 'summary': {'count': 0, 'average_confidence': 0.0, 'highest_confidence': 0.0, 'lowest_confidence': 0.0}, 'speech_relation': {'type': 'response', 'justification': ""The speech directly addresses previous statements made by 'De heer Smaling' and 'mevrouw Mulder', responding to their claims about energy agreements."", 'confidence': 0.95}}";0;106;0;h-tk-20162017-49-21;Minister Kamp;VVD;De heer Smaling zei dat een grootschalig zonnepark in de plaats zou kunnen komen voor het windpark in Drenthe. Laat ik in de eerste plaats zeggen dat het windpark in Drenthe de vertaling is in Drenthe van de afspraak die ik met Drenthe heb gemaakt. Met dat hele proces ben ik dus al klaar wat mij betreft, want mijn werk zit erop vanaf september van het vorige jaar. De afspraak die ik met Drenthe heb gemaakt, is net zo belangrijk als de afspraak die ik met Groningen, met Friesland en met alle andere provincies heb gemaakt. Het is niet zo dat we nu kunnen zeggen: die afspraak is wel gemaakt, maar we zien ervan af en gaan bekijken of die niet met wind, maar misschien wel met zon op een andere manier ingevuld kan worden. We hebben in het energieakkoord heel gedetailleerde afspraken gemaakt. Die waren nodig om de ambitieuze doelstelling te kunnen realiseren. Daar is dit ook een onderdeel van. Als ik in Drenthe zeg dat we van de afspraak kunnen afwijken, het hele plan kunnen intrekken en opnieuw beginnen, zoals mevrouw Mulder zegt, welk verhaal heb ik dan vervolgens in Groningen of Friesland? Hoe zit het dan met een behoorlijk functionerende en opererende overheid? Als ik van het bedrijfsleven verwacht dat het initiatief neemt en investeert en als we zes of zeven jaar lang met iets bezig zijn en er op een gegeven moment een besluit komt, maar ik dat besluit weer intrek en met iets nieuws begin, hoe pakt dat dan uit voor het investeringsklimaat en voor de betrouwbaarheid van de overheid? Als wij zo'n proces ingaan, moeten wij de regels die wij daarvoor met elkaar hebben vastgesteld, zorgvuldig doorlopen. Uiteindelijk moeten wij de toets van de Raad van State aangaan en afwachten. Daarna kunnen wij de eindconclusie trekken. Het intrekken van zo'n plan lijkt mij een weinig realistische benadering. Het lijkt mij ook een benadering die ertoe leidt dat we niet in staat zullen zijn om de doelstellingen die we met betrekking tot duurzame energie hebben afgesproken, te realiseren.;2016-2017;7-2-2017;tk;handelingen;21 Toekomstig energiebeleid;https://zoek.officielebekendmakingen.nl/h-tk-20162017-49-21.html;https://zoek.officielebekendmakingen.nl/h-tk-20162017-49-21.xml;nr. 49, item 21;kamp;Mr Smaling said that a large-scale solar park could replace the wind farm in Drenthe. First of all, let me say that the wind farm in Drenthe is the translation in Drenthe of the agreement I made with Drenthe. So I'm already done with that whole process as far as I'm concerned, because my work has been done since September of last year. The agreement I made with Drenthe is just as important as the agreement I made with Groningen, Friesland and all other provinces. It is not the case that we can now say: that agreement has been made, but we will abandon it and see whether it can be fulfilled in a different way, not with wind, but perhaps with sun. We have made very detailed agreements in the energy agreement. These were necessary to achieve the ambitious objective. This is also part of that. If I say in Drenthe that we can deviate from the agreement, withdraw the entire plan and start over, as Mrs Mulder says, what recourse do I have in Groningen or Friesland? What about a properly functioning and operating government? If I expect the business community to take the initiative and invest, and if we have been working on something for six or seven years and at some point a decision is made, but I withdraw that decision and start something new, how will that affect the investment climate and the reliability of the government? If we enter into such a process, we must carefully go through the rules that we have established together. Ultimately, we must accept and wait for the assessment of the Council of State. Then we can draw the final conclusion. Withdrawing such a plan seems to me to be an unrealistic approach. It also seems to me an approach that will mean that we will not be able to achieve the objectives that we have agreed on with regard to sustainable energy.;0;0;0;0.0;0.0;0.0;De heer Smaling|||mevrouw Mulder;person|||person;De heer Smaling zei dat een grootschalig zonnepark in de plaats zou kunnen komen voor het windpark in Drenthe.|||zoals mevrouw Mulder zegt;neutral|||disagreeing;;;;;;;response;The speech directly addresses previous statements made by 'De heer Smaling' and 'mevrouw Mulder', responding to their claims about energy agreements.;0.95;
{'mentions': [{'name': 'VVD', 'type': 'party', 'quote': 'de VVD', 'mention_category': 'neutral'}, {'name': 'D66', 'type': 'party', 'quote': 'D66', 'mention_category': 'neutral'}], 'found_fallacy': [], 'summary': {'count': 0, 'average_confidence': 0.0, 'highest_confidence': 0.0, 'lowest_confidence': 0.0}, 'speech_relation': {'type': 'response', 'justification': 'The speaker references a prior lack of agreement and directly addresses the positions of VVD and D66, indicating a direct reply to previous statements.', 'confidence': 0.9}};0;107;0;h-tk-20162017-53-6;Mevrouw Van Veldhoven;D66;Mooi. Dit hadden wij nog niet met elkaar afgesproken. Maar nu zegt de VVD dus net als D66: als het niet nodig is en wij de vraag verminderen, gaat ook het winningsplafond omlaag.;2016-2017;15-2-2017;tk;handelingen;6 Mijnbouw;https://zoek.officielebekendmakingen.nl/h-tk-20162017-53-6.html;https://zoek.officielebekendmakingen.nl/h-tk-20162017-53-6.xml;nr. 53, item 6;van van veldhoven;Nice. We had not yet agreed on this. But now the VVD says, just like D66: if it is not necessary and we reduce demand, the extraction ceiling will also be lowered.;0;0;0;0.0;0.0;0.0;VVD|||D66;party|||party;de VVD|||D66;neutral|||neutral;;;;;;;response;The speaker references a prior lack of agreement and directly addresses the positions of VVD and D66, indicating a direct reply to previous statements.;0.9;
"{'mentions': [{'name': 'Ronnes', 'type': 'person', 'quote': 'het amendement van de heer Ronnes op stuk nr. 13', 'mention_category': 'disagreeing'}, {'name': 'Vermue', 'type': 'person', 'quote': 'het amendement van de leden Vermue en Koolmees op stuk nr. 15', 'mention_category': 'neutral'}, {'name': 'Koolmees', 'type': 'person', 'quote': 'het amendement van de leden Vermue en Koolmees op stuk nr. 15', 'mention_category': 'neutral'}, {'name': 'De Vries', 'type': 'person', 'quote': 'naar aanleiding van een verzoek van mevrouw De Vries', 'mention_category': 'neutral'}], 'found_fallacy': [], 'summary': {'count': 0, 'average_confidence': 0.0, 'highest_confidence': 0.0, 'lowest_confidence': 0.0}, 'speech_relation': {'type': 'response', 'justification': ""The speaker begins with 'Ik ook.' (Me too.), indicating a direct reply to the previous speaker's contribution."", 'confidence': 0.95}}";0;108;0;h-tk-20162017-5-10;Minister Dijsselbloem;PvdA;"Ik ook.
Dan kom ik op de beleidsmatige mutaties na de najaarsnota. Dat is het amendement van de heer Ronnes op stuk nr. 13. Ik zou in het wetgevingsoverleg gezegd hebben dat dit slechts een detail is. Zo heb ik het zeker niet bedoeld, zo zeg ik ook voor de Handelingen. Ik wil dat wordt vastgelegd dat ik het zeker niet zo bedoeld heb. Ik heb gezegd dat wij in deze wet regelen dat collega's dit, wanneer het zich zou voordoen — dat is in principe al niet gewenst, maar het kan zich soms voordoen — altijd moeten melden bij de minister van Financiën, zodat deze erop kan toezien dat het keurig gemeld wordt aan de Kamer door de betrokken ministers. Nu regelt dit amendement ook dat het gemeld moet worden bij de Kamer, maar op een manier die de minister van Financiën hoofdverantwoordelijk maakt. Dat was niet helemaal wat ik hoopte dat in dit amendement opgenomen zou worden. Nu zegt het amendement dat de minister van Financiën uiterlijk drie dagen voor het reces aan de Kamer moet melden welke majeure wijzigingen in de uitgaven, verplichtingen en ontvangsten nog zijn gevolgd na de najaarsnota. Dat vind ik een minder gelukkige oplossing, omdat ik graag wil dat de verantwoordelijke ministers dat zelf — ik ben bereid om daarop toe te zien en we hebben nu geregeld dat ik er ook op toe kan zien — melden aan de Kamer als het zich voordoet, uiterlijk drie dagen voor het reces en zo mogelijk eerder. Dat vind ik een juistere benadering. Mijn voorstel is om te bekijken of het amendement in die richting kan worden bijgesteld. In dat geval zou ik het oordeel aan de Kamer overlaten. Dat ontslaat mij overigens niet van de plicht om er, zoals al eerder gezegd, echt op toe te zien dat het gebeurt. Dat hebben we nu wel zeker gesteld.
Dan het amendement van de leden Vermue en Koolmees op stuk nr. 15. Dat gaat over de vraag wanneer de Rekenkamer bij staatsdeelnemingen naar binnen mag. De Raad van State is consequent in zijn advies dat dat pas zou mogen bij een aandeelhouderschap van boven de 95% van de aandelen, vanwege de in het Burgerlijk Wetboek vastgelegde gelijke positie van aandeelhouders. Het kan niet zo zijn dat de Staat zichzelf een bijzondere positie verwerft. Je kunt daar echter over twisten. Als het bij wet geregeld is, heeft de Staat wel vaker een bijzondere positie. Er blijft echter natuurlijk een spanning tussen aandeelhouders. Naar aanleiding van een verzoek van mevrouw De Vries hebben wij in beeld gebracht hoe dat eruit ziet, waar dat tot conflicten zou leiden. Op basis daarvan moet je eerlijk zeggen dat die mogelijk conflictueuze situaties zeer, zeer beperkt zullen zijn. Een voorbeeld is Schiphol, waar een deel van de aandelen in handen is van Paris Aéroport. Als je dan weer kijkt wie daarvan de achterliggende aandeelhouders zijn, zie je echter dat dat in meerderheid de Franse Staat is. Ik denk niet dat de Franse Staat, die ook een rekenkamer kent, zich zal verzetten of ons voor de rechter zal slepen als de Nederlandse Rekenkamer daar een onderzoek zou doen. Dus ik denk, op basis van de analyse die wij aan de Kamer hebben gestuurd, dat het aantal voorbeelden van potentiële conflicten beperkt zal zijn. Dat betekent dat ik, alles afwegende, het oordeel aan de Kamer wil laten. We schakelen daarmee op een punt gelijk met de Gemeente- en de Provinciewet. Overigens staat in het amendement 51%. In de Gemeente- en de Provinciewet staat 50%. Misschien moeten we daar nog naar kijken. Als we het dan toch gelijktrekken, laten we het dan precies doen.";2016-2017;28-9-2016;tk;handelingen;10 Comptabiliteitswet 2016;https://zoek.officielebekendmakingen.nl/h-tk-20162017-5-10.html;https://zoek.officielebekendmakingen.nl/h-tk-20162017-5-10.xml;nr. 5, item 10;dijsselbloem;"Me, too.
Then I come to the policy changes after the autumn memorandum. That is Mr Ronnes' amendment to document No. 13. I would have said in the legislative consultation that this is only a detail. I certainly did not mean it that way, I also say that for the Acts. I want it to be recorded that I certainly did not mean it that way. I said that in this law we stipulate that, if this should occur - which is not desirable in principle, but it can sometimes occur - colleagues must always report this to the Minister of Finance, so that he can ensure that it is properly reported to Parliament by the ministers involved. This amendment now also stipulates that it must be reported to Parliament, but in a way that makes the Minister of Finance primarily responsible. That was not quite what I hoped would be included in this amendment. The amendment now states that the Minister of Finance must report to Parliament no later than three days before the recess which major changes in expenditure, obligations and receipts have been made after the autumn memorandum. I think that is a less fortunate solution, because I would like the responsible ministers themselves - I am prepared to monitor this and we have now arranged that I can also monitor it - to report this to the House if it occurs, no later than three days before the recess and if possible earlier. I think that is a more correct approach. My proposal is to see whether the amendment can be adjusted in that direction. In that case I would leave the decision to the House. That does not absolve me of the obligation, as mentioned before, to really ensure that it happens. We have now made sure of that.
Then the amendment by Members Vermue and Koolmees to document no. 15. This concerns the question of when the Court of Auditors may enter state-owned companies. The Council of State is consistent in its advice that this should only be allowed with a shareholding of more than 95% of the shares, due to the equal position of shareholders as laid down in the Civil Code. It cannot be the case that the State acquires a special position for itself. You can argue about that, though. If it is regulated by law, the State often has a special position. However, there naturally remains tension between shareholders. In response to a request from Mrs De Vries, we have mapped out what this looks like and where it would lead to conflicts. Based on that, you have to be honest and say that those potentially conflictual situations will be very, very limited. An example is Schiphol, where part of the shares is owned by Paris Aéroport. However, if you look again at who the underlying shareholders are, you will see that the majority is the French State. I do not think that the French State, which also has an audit office, will resist or take us to court if the Dutch Court of Audit were to conduct an investigation there. So I think, based on the analysis that we have sent to the House, that the number of examples of potential conflicts will be limited. This means that, all things considered, I want to leave the judgment to the House. This brings us into line with the Municipal and Provincial Act on one point. By the way, the amendment states 51%. The Municipal and Provincial Act states 50%. Maybe we should look into that. If we're going to even it out, let's do it exactly.";0;0;0;0.0;0.0;0.0;Ronnes|||Vermue|||Koolmees|||De Vries;person|||person|||person|||person;het amendement van de heer Ronnes op stuk nr. 13|||het amendement van de leden Vermue en Koolmees op stuk nr. 15|||het amendement van de leden Vermue en Koolmees op stuk nr. 15|||naar aanleiding van een verzoek van mevrouw De Vries;disagreeing|||neutral|||neutral|||neutral;;;;;;;response;The speaker begins with 'Ik ook.' (Me too.), indicating a direct reply to the previous speaker's contribution.;0.95;
"{'mentions': [{'name': 'ChristenUnie', 'type': 'party', 'quote': 'De ChristenUnie hecht enorm aan keuzevrijheid en eigen regie van mensen die zorg nodig hebben.', 'mention_category': 'neutral'}, {'name': 'staatssecretaris', 'type': 'person', 'quote': 'De staatssecretaris schrijft in zijn brief naar aanleiding van het onderzoek dat ""bepaalde bevindingen"" voor hem aanleiding zijn om bij drie van de tien gemeenten het beleid nog eens onder de loep te houden.', 'mention_category': 'neutral'}], 'found_fallacy': [], 'summary': {'count': 0, 'average_confidence': 0.0, 'highest_confidence': 0.0, 'lowest_confidence': 0.0}, 'speech_relation': {'type': 'response', 'justification': ""The speech directly references the staatssecretaris's written response to an investigation, indicating a direct reply to prior statements."", 'confidence': 0.95}}";0;109;0;h-tk-20162017-6-5;Mevrouw Dik-Faber;CU;"De ChristenUnie hecht enorm aan keuzevrijheid en eigen regie van mensen die zorg nodig hebben. Daarom vinden we het pgb zo belangrijk. De staatssecretaris schrijft in zijn brief naar aanleiding van het onderzoek dat ""bepaalde bevindingen"" voor hem aanleiding zijn om bij drie van de tien gemeenten het beleid nog eens onder de loep te houden. Drie van de tien gemeenten. Als ik dat extrapoleer — ik weet niet of dat helemaal kan, maar goed — kom ik op een aanzienlijk aantal gemeenten. Kan de staatssecretaris toelichten wat er aan de hand is? Dit roept bij mij echt vragen op. Dan denk ik dus inderdaad aan die 30.000 mensen die nu geen pgb meer krijgen. Misschien zie ik iets wat er niet is en wil ik graag gerustgesteld worden, maar ik vermoed dat er meer aan de hand is dan de staatssecretaris in zijn brief heeft opgeschreven. Wat gaat hij daar verder aan doen?";2016-2017;29-9-2016;tk;handelingen;5 Inperken mogelijkheden voor het pgb;https://zoek.officielebekendmakingen.nl/h-tk-20162017-6-5.html;https://zoek.officielebekendmakingen.nl/h-tk-20162017-6-5.xml;nr. 6, item 5;dik-faber;"The Christian Union attaches great importance to the freedom of choice and self-management of people who need care. That is why we think the personal budget is so important. In his letter following the investigation, the State Secretary writes that ""certain findings"" have prompted him to re-examine the policy of three of the ten municipalities. Three out of ten municipalities. If I extrapolate that - I don't know if that is entirely possible, but whatever - I arrive at a considerable number of municipalities. Can the State Secretary explain what is going on? This really raises questions for me. Then I am indeed thinking about those 30,000 people who no longer receive a personal budget. Maybe I see something that is not there and I would like to be reassured, but I suspect that there is more going on than the State Secretary has written in his letter. What else is he going to do about that?";0;0;0;0.0;0.0;0.0;ChristenUnie|||staatssecretaris;party|||person;"De ChristenUnie hecht enorm aan keuzevrijheid en eigen regie van mensen die zorg nodig hebben.|||De staatssecretaris schrijft in zijn brief naar aanleiding van het onderzoek dat ""bepaalde bevindingen"" voor hem aanleiding zijn om bij drie van de tien gemeenten het beleid nog eens onder de loep te houden.";neutral|||neutral;;;;;;;response;The speech directly references the staatssecretaris's written response to an investigation, indicating a direct reply to prior statements.;0.95;
{'mentions': [{'name': 'Ronnes', 'type': 'person', 'quote': 'Deze motie is voorgesteld door het lid Ronnes.', 'mention_category': 'neutral'}], 'found_fallacy': [], 'summary': {'count': 0, 'average_confidence': 0.0, 'highest_confidence': 0.0, 'lowest_confidence': 0.0}, 'speech_relation': {'type': 'independent', 'justification': 'The speech introduces a motion and states its support without directly addressing prior statements or speakers.', 'confidence': 0.95}};0;110;0;h-tk-20162017-12-17;De heer Ronnes;CDA;"Nu mijn motie over de Nibud-normen.
De Kamer,
gehoord de beraadslaging,
overwegende dat strikte toepassing van normen die door het Nationaal Instituut voor Budgetvoorlichting (Nibud) zijn opgesteld voor de hypotheekverstrekking kan leiden tot onredelijke situaties;
overwegende dat uit onderzoek van ABF Research blijkt dat de Nibud-normen onnodig strikt worden toegepast en daardoor een belemmering vormen voor hypotheekverstrekking aan een grote groep potentiele huizenkopers;
verzoekt de regering, in overleg met Nibud en de Autoriteit Financiële Markten (AFM) te streven naar een actualisering van de Nibud-normen en de toepassing hiervan door hypotheekverstrekkers, waarbij in ieder geval inkomensperspectief en energiekosten opnieuw worden meegenomen zonder dat de betalingsrisico's onverantwoord toenemen,
en gaat over tot de orde van de dag.
Deze motie is voorgesteld door het lid Ronnes. Naar mij blijkt, wordt de indiening ervan voldoende ondersteund.
Zij krijgt nr.";2016-2017;13-10-2016;tk;handelingen;17 Begroting Wonen en Rijksdienst;https://zoek.officielebekendmakingen.nl/h-tk-20162017-12-17.html;https://zoek.officielebekendmakingen.nl/h-tk-20162017-12-17.xml;nr. 12, item 17;ronnes;"Now my motion about the Nibud standards.
The Chamber,
after hearing the deliberation,
whereas strict application of standards drawn up by the National Institute for Budget Information (Nibud) for mortgage lending can lead to unreasonable situations;
whereas research by ABF Research shows that the Nibud standards are applied unnecessarily strictly and therefore constitute an obstacle to mortgage provision to a large group of potential home buyers;
calls on the government, in consultation with Nibud and the Netherlands Authority for the Financial Markets (AFM), to strive for an update of the Nibud standards and their application by mortgage providers, whereby income perspectives and energy costs are in any case taken into account again without an irresponsible increase in payment risks,
and goes about the order of the day.
This motion was proposed by member Ronnes. It appears to me that its submission is sufficiently supported.
She gets no.";0;0;0;0.0;0.0;0.0;Ronnes;person;Deze motie is voorgesteld door het lid Ronnes.;neutral;;;;;;;independent;The speech introduces a motion and states its support without directly addressing prior statements or speakers.;0.95;
"{'mentions': [{'name': 'mevrouw Westerveld', 'type': 'person', 'quote': 'ik het zeer met mevrouw Westerveld eens ben', 'mention_category': 'agreeing'}], 'found_fallacy': [], 'summary': {'count': 0, 'average_confidence': 0.0, 'highest_confidence': 0.0, 'lowest_confidence': 0.0}, 'speech_relation': {'type': 'independent', 'justification': ""The speech presents general arguments about workload and administrative burdens without directly addressing a previous speaker's statement."", 'confidence': 0.95}}";0;111;0;h-tk-20162017-78-2;Minister Bussemaker;PvdA;"Laat ik vooropstellen dat ik het zeer met mevrouw Westerveld eens ben dat juist de werkdruk zoals leraren die meemaken, centraal moet staan. Wij zijn juist daarom gaan spreken over de beleefde werkdruk, want soms komt werkdruk misschien voort uit regels die helemaal niet als zodanig herkend worden, waarbij het eigenlijk gaat om dor hout. U mag gerust weten dat het een van mijn grootste frustraties is dat we in de afgelopen vierenhalf jaar zo ontzettend veel initiatieven rond werkdruk en administratieve lasten hebben genomen — we hebben dat samen met de leraren gedaan; denk aan opruimacties en stofkamoperaties over regelgeving — maar dat dit als zodanig niet doorkomt bij individuele leraren. Men denkt nog steeds dat men aan voorschriften van de inspectie moet voldoen, terwijl die allang niet meer bestaan. Dat heeft niet met administratieve, juridische regels te maken, maar met de manier waarop je die ervaart. Ik wil graag kijken naar de vraag welke term je daar dan voor gebruikt, maar volgens mij zijn we het er inhoudelijk over eens dat we vooral iets moeten doen aan de werkdruk in de klas.";2016-2017;23-5-2017;tk;handelingen;2 Vragenuur: Vragen Kwint;https://zoek.officielebekendmakingen.nl/h-tk-20162017-78-2.html;https://zoek.officielebekendmakingen.nl/h-tk-20162017-78-2.xml;nr. 78, item 2;bussemaker;"Let me first say that I very much agree with Mrs Westerveld that the workload that teachers experience should be the focus. That is precisely why we started talking about the perceived workload, because sometimes workload may arise from rules that are not recognized as such at all, which are actually dry wood. You may know that one of my biggest frustrations is that we have taken so many initiatives around workload and administrative burdens in the past four and a half years — we have done this together with the teachers; think of clean-up operations and dust-combing operations about regulations — but that this as such does not get through to individual teachers. People still think that they have to comply with inspection regulations, even though they no longer exist. This does not have to do with administrative or legal rules, but with the way you experience them. I would like to look at what term you use for this, but I think we agree in substance that we need to do something about the workload in the classroom.";0;0;0;0.0;0.0;0.0;mevrouw Westerveld;person;ik het zeer met mevrouw Westerveld eens ben;agreeing;;;;;;;independent;The speech presents general arguments about workload and administrative burdens without directly addressing a previous speaker's statement.;0.95;
"{'mentions': [], 'found_fallacy': [], 'summary': {'count': 0, 'average_confidence': 0.0, 'highest_confidence': 0.0, 'lowest_confidence': 0.0}, 'speech_relation': {'type': 'independent', 'justification': ""The speech presents a general argument about organizational independence without directly referencing or responding to a previous speaker's statement."", 'confidence': 0.95}}";0;112;0;h-tk-20162017-96-7;Minister Kamp;VVD;"Je kunt preferred research partner zijn van Shell en nog steeds onafhankelijk zijn. TNO wordt voor de helft uit overheidsmiddelen gefinancierd. Voor de helft wordt TNO ook vanuit de markt gefinancierd voor allerlei projecten. TNO is heel goed in staat om onafhankelijkheid overeind te houden. Dat geldt ook voor het ECN, het Planbureau voor de Leefomgeving, Deltares en het SodM zelf; het geldt voor al die organisaties. Het zou heel dom zijn als wij zouden aannemen dat al die partijen niet onafhankelijk zouden zijn. Zij zijn wel degelijk onafhankelijk.";2016-2017;5-7-2017;tk;handelingen;7 Toekomst van de Waddenzee;https://zoek.officielebekendmakingen.nl/h-tk-20162017-96-7.html;https://zoek.officielebekendmakingen.nl/h-tk-20162017-96-7.xml;nr. 96, item 7;kamp;"You can be a preferred research partner of Shell and still be independent. TNO is half financed from government resources. Half of TNO is also financed from the market for all kinds of projects. TNO is very capable of maintaining independence. This also applies to the ECN, the Netherlands Environmental Assessment Agency, Deltares and the SodM itself; it applies to all those organizations. It would be very stupid if we were to assume that all those parties were not independent. They are indeed independent.";0;0;0;0.0;0.0;0.0;;;;;;;;;;;independent;The speech presents a general argument about organizational independence without directly referencing or responding to a previous speaker's statement.;0.95;
"{'mentions': [{'name': 'Mevrouw Van Tongeren', 'type': 'person', 'quote': 'Mevrouw Van Tongeren zegt: dan moeten we de regering vragen om te gaan praten met Shell.', 'mention_category': 'disagreeing'}], 'found_fallacy': [], 'summary': {'count': 0, 'average_confidence': 0.0, 'highest_confidence': 0.0, 'lowest_confidence': 0.0}, 'speech_relation': {'type': 'response', 'justification': ""The speech directly references and responds to Mevrouw Van Tongeren's previous statement about engaging with Shell."", 'confidence': 0.95}}";0;113;0;h-tk-20162017-62-4;De heer Van Raak;SP;Hoe kunnen we dat oplossen? Mevrouw Van Tongeren zegt: dan moeten we de regering vragen om te gaan praten met Shell. Maar dat doen we al vijftien jaar.;2016-2017;30-3-2017;tk;handelingen;4 Consequenties uitspraak Europees Hof;https://zoek.officielebekendmakingen.nl/h-tk-20162017-62-4.html;https://zoek.officielebekendmakingen.nl/h-tk-20162017-62-4.xml;nr. 62, item 4;van van raak;How can we solve that? Ms Van Tongeren says: then we should ask the government to talk to Shell. But we've been doing that for fifteen years.;0;0;0;0.0;0.0;0.0;Mevrouw Van Tongeren;person;Mevrouw Van Tongeren zegt: dan moeten we de regering vragen om te gaan praten met Shell.;disagreeing;;;;;;;response;The speech directly references and responds to Mevrouw Van Tongeren's previous statement about engaging with Shell.;0.95;
"{'mentions': [{'name': 'Geert Wilders', 'type': 'person', 'quote': 'de heer Wilders', 'mention_category': 'disagreeing'}], 'found_fallacy': [{'quote': 'Het droomland dat de heer Wilders schetst, is een land waar de Koran is verboden — dat staat zelfs in uw verkiezingsprogramma — en waar alle moskeeën zijn gesloten.', 'explanation': ""The speaker attacks Geert Wilders' credibility by labeling his policies as a 'droomland' (dreamland) and directly associating them with extreme measures, undermining his argumentative validity rather than addressing policy details."", 'confidence': 0.8, 'local_topic': 'banning the Quran and closing mosques', 'target': 'Geert Wilders', 'explicitness': 'explicit'}], 'summary': {'count': 1, 'average_confidence': 0.8, 'highest_confidence': 0.8, 'lowest_confidence': 0.8}, 'speech_relation': {'type': 'response', 'justification': ""The speech directly addresses Geert Wilders' policies, responding to his stated positions by critiquing their feasibility and implications."", 'confidence': 0.9}}";0;114;0;h-tk-20162017-2-6;De heer Van Haersma Buma;CDA;Het droomland dat de heer Wilders schetst, is een land waar de Koran is verboden — dat staat zelfs in uw verkiezingsprogramma — en waar alle moskeeën zijn gesloten. Ik probeer mij voor de geest te halen, en ik vraag u dat ook te doen, wat dat betekent. U zegt: het is een ideologie. Ik vermoed zomaar dat die honderdduizenden moslims het niet met u eens zullen zijn. Hoe ziet dat land eruit waarin de koran van die honderdduizenden mensen moet worden afgenomen en waar hun kerk, in dit geval hun moskee, tegen hun wens in wordt gesloten? Hoe gaat dat gebeuren?;2016-2017;21-9-2016;tk;handelingen;6 Algemene Politieke Beschouwingen;https://zoek.officielebekendmakingen.nl/h-tk-20162017-2-6.html;https://zoek.officielebekendmakingen.nl/h-tk-20162017-2-6.xml;nr. 2, item 6;van van haersma buma;The dream country that Mr Wilders describes is a country where the Koran is banned - it is even in your election manifesto - and where all mosques are closed. I'm trying to imagine, and I ask you to do the same, what that means. You say: it is an ideology. I just suspect that those hundreds of thousands of Muslims will not agree with you. What does that country look like in which the Koran has to be taken away from those hundreds of thousands of people and where their church, in this case their mosque, is closed against their wishes? How is that going to happen?;0;1;1;0.8;0.8;0.8;Geert Wilders;person;de heer Wilders;disagreeing;Het droomland dat de heer Wilders schetst, is een land waar de Koran is verboden — dat staat zelfs in uw verkiezingsprogramma — en waar alle moskeeën zijn gesloten.;The speaker attacks Geert Wilders' credibility by labeling his policies as a 'droomland' (dreamland) and directly associating them with extreme measures, undermining his argumentative validity rather than addressing policy details.;banning the Quran and closing mosques;Geert Wilders;explicit;0.8;response;The speech directly addresses Geert Wilders' policies, responding to his stated positions by critiquing their feasibility and implications.;0.9;
"{'mentions': [{'name': 'ChristenUnie', 'type': 'party', 'quote': 'De ChristenUnie wil in één generatie naar nul emissie.', 'mention_category': 'neutral'}], 'found_fallacy': [], 'summary': {'count': 0, 'average_confidence': 0.0, 'highest_confidence': 0.0, 'lowest_confidence': 0.0}, 'speech_relation': {'type': 'response', 'justification': ""The speaker begins with 'Ik vervolg mijn betoog' ('I continue my argument'), indicating a direct follow-up to prior discussion."", 'confidence': 0.8}}";0;115;0;h-tk-20162017-44-9;Mevrouw Dik-Faber;CU;"De ChristenUnie wil in één generatie naar nul emissie. In 25 jaar zijn we in 2040. Dan moeten we al een heel eind kunnen zijn, absoluut.
Ik vervolg mijn betoog. De toekomst is duurzaam en decentraal, laten we daarom stoppen met het aanboren van nieuwe locaties voor olie en gas en volop inzetten op de energie- en warmtetransitie. Ik zie dat gemeenten voortvarend aan de slag gaan. Ik zie dat burgers het heft in handen nemen en energiecorporaties starten. Laten we daarom in alle plannen ook decentrale overheden betrekken. Wil de staatssecretaris dat toezeggen?
Er ligt nu een immense taak voor ons, maar we kunnen het. We zijn het verplicht aan onze kinderen en kleinkinderen. Iedereen zal moeten meedoen: overheid, industrie, bedrijfsleven, burgers. De ChristenUnie zal zich daarom ook inzetten voor een volgend energieakkoord. Het zal duidelijk zijn dat er een flinke schep bovenop moet. Wat ons betreft komt er een energiecommissaris die hieraan duidelijke leiding geeft.
Het klimaatakkoord in Parijs is een afspraak tussen 195 landen, groot en klein, rijk en arm. De ChristenUnie wil niet enkel aandacht hebben voor wat er in ons eigen kikkerlandje moet gebeuren op het vlak van CO";2016-2017;25-1-2017;tk;handelingen;9 Goedkeuring Overeenkomst van Parijs;https://zoek.officielebekendmakingen.nl/h-tk-20162017-44-9.html;https://zoek.officielebekendmakingen.nl/h-tk-20162017-44-9.xml;nr. 44, item 9;dik-faber;"The Christian Union wants to achieve zero emissions in one generation. In 25 years we will be in 2040. By then we should have come a long way, absolutely.
I continue my argument. The future is sustainable and decentralized, so let us stop tapping into new locations for oil and gas and fully focus on the energy and heat transition. I see that municipalities are working energetically. I see citizens taking matters into their own hands and starting energy corporations. Therefore, let us also involve local authorities in all plans. Will the State Secretary promise that?
We now have an immense task ahead of us, but we can do it. We owe it to our children and grandchildren. Everyone will have to participate: government, industry, business, citizens. The Christian Union will therefore also work for a next energy agreement. It will be clear that a lot of work needs to be done. As far as we are concerned, there will be an energy commissioner who will provide clear guidance on this.
The Paris climate agreement is an agreement between 195 countries, large and small, rich and poor. The Christian Union does not only want to pay attention to what needs to be done in our own little country in the field of CO";0;0;0;0.0;0.0;0.0;ChristenUnie;party;De ChristenUnie wil in één generatie naar nul emissie.;neutral;;;;;;;response;The speaker begins with 'Ik vervolg mijn betoog' ('I continue my argument'), indicating a direct follow-up to prior discussion.;0.8;
"{'mentions': [{'name': 'Van Gerven', 'type': 'person', 'quote': 'de heer Van Gerven', 'mention_category': 'neutral'}], 'found_fallacy': [], 'summary': {'count': 0, 'average_confidence': 0.0, 'highest_confidence': 0.0, 'lowest_confidence': 0.0}, 'speech_relation': {'type': 'response', 'justification': ""The speech directly addresses the arguments and proposals of 'de heer Van Gerven' mentioned earlier, indicating a direct reply to his position."", 'confidence': 0.95}}";0;116;0;h-tk-20162017-21-6;Minister Rutte;VVD;Vreemd genoeg delen de heer Van Gerven en ik op dit onderwerp heel veel met elkaar. Wij maken ons allebei grote zorgen over dure geneesmiddelen en over de te grote macht van farmaceutische bedrijven. Wij zouden daar graag wat aan willen doen. Dat ben ik helemaal met hem eens. Maar als de door de heer Van Gerven geëiste transparantie ertoe leidt dat het middel voor patiënten in Nederland niet beschikbaar komt — dat lijkt nu de consequentie te zijn — is hij dan bereid die consequentie te dragen?;2016-2017;10-11-2016;tk;handelingen;6 Begroting Volksgezondheid, Welzijn en Sport;https://zoek.officielebekendmakingen.nl/h-tk-20162017-21-6.html;https://zoek.officielebekendmakingen.nl/h-tk-20162017-21-6.xml;nr. 21, item 6;rutte;Strangely enough, Mr Van Gerven and I share a lot in common on this subject. We are both very concerned about expensive medicines and about the excessive power of pharmaceutical companies. We would like to do something about that. I completely agree with him. But if the transparency demanded by Mr Van Gerven leads to the drug not becoming available to patients in the Netherlands - that now seems to be the consequence - is he prepared to bear that consequence?;0;0;0;0.0;0.0;0.0;Van Gerven;person;de heer Van Gerven;neutral;;;;;;;response;The speech directly addresses the arguments and proposals of 'de heer Van Gerven' mentioned earlier, indicating a direct reply to his position.;0.95;
{'mentions': [], 'found_fallacy': [], 'summary': {'count': 0, 'average_confidence': 0.0, 'highest_confidence': 0.0, 'lowest_confidence': 0.0}, 'speech_relation': {'type': 'independent', 'justification': 'The statement is a standalone remark without direct reference to previous speech content or specific interlocutors.', 'confidence': 0.3}};0;117;0;h-tk-20172018-74-24;Mevrouw Tielen;VVD;Leuk onderwerp, maar geen steun voor een debat.;2017-2018;17-4-2018;tk;handelingen;24 Regeling van werkzaamheden;https://zoek.officielebekendmakingen.nl/h-tk-20172018-74-24.html;https://zoek.officielebekendmakingen.nl/h-tk-20172018-74-24.xml;nr. 74, item 24;tielen;Nice topic, but no support for a debate.;0;0;0;0.0;0.0;0.0;;;;;;;;;;;independent;The statement is a standalone remark without direct reference to previous speech content or specific interlocutors.;0.3;
"{'mentions': [{'name': 'minister-president', 'type': 'person', 'quote': 'de minister-president', 'mention_category': 'neutral'}], 'found_fallacy': [], 'summary': {'count': 0, 'average_confidence': 0.0, 'highest_confidence': 0.0, 'lowest_confidence': 0.0}, 'speech_relation': {'type': 'independent', 'justification': ""The speech does not directly reference or respond to a previous speaker's statement, instead presenting an independent argument about scheduling a debate."", 'confidence': 0.95}}";0;118;0;h-tk-20172018-40-7;Mevrouw Beckerman;SP;Volgens mij is er brede steun voor een debat op korte termijn na de resultaten van het SodM, dus ik zou dat graag snel willen inplannen. Volgens mij heeft de minister-president kunnen horen hoe graag veel van de leden van de Tweede Kamer hem erbij willen. Ik hoop dat hij daarnaar luistert. Volgens mij is het erg belangrijk om ook met hem hierover van gedachten te wisselen.;2017-2018;17-1-2018;tk;handelingen;7 Regeling van werkzaamheden;https://zoek.officielebekendmakingen.nl/h-tk-20172018-40-7.html;https://zoek.officielebekendmakingen.nl/h-tk-20172018-40-7.xml;nr. 40, item 7;beckerman;I think there is broad support for a debate in the short term after the SodM results, so I would like to schedule that quickly. I think the Prime Minister was able to hear how much many of the members of the House of Representatives want him there. I hope he listens to that. I think it is very important to also exchange ideas with him about this.;0;0;0;0.0;0.0;0.0;minister-president;person;de minister-president;neutral;;;;;;;independent;The speech does not directly reference or respond to a previous speaker's statement, instead presenting an independent argument about scheduling a debate.;0.95;
"{'mentions': [], 'found_fallacy': [], 'summary': {'count': 0, 'average_confidence': 0.0, 'highest_confidence': 0.0, 'lowest_confidence': 0.0}, 'speech_relation': {'type': 'independent', 'justification': ""The speech segment consists of a single word ('Voorzitter') which appears to be an introductory designation rather than a direct response to prior statements."", 'confidence': 0.8}}";0;119;0;h-tk-20172018-22-6;De heer Van Rooijen;50PLUS;Voorzitter.;2017-2018;15-11-2017;tk;handelingen;6 Besluit de dividendbelasting af te schaffen;https://zoek.officielebekendmakingen.nl/h-tk-20172018-22-6.html;https://zoek.officielebekendmakingen.nl/h-tk-20172018-22-6.xml;nr. 22, item 6;van van rooijen;Chair.;0;0;0;0.0;0.0;0.0;;;;;;;;;;;independent;The speech segment consists of a single word ('Voorzitter') which appears to be an introductory designation rather than a direct response to prior statements.;0.8;
{'mentions': [], 'found_fallacy': [], 'summary': {'count': 0, 'average_confidence': 0.0, 'highest_confidence': 0.0, 'lowest_confidence': 0.0}, 'speech_relation': {'type': 'independent', 'justification': 'The speech presents a procedural suggestion without direct reference to prior statements or speakers.', 'confidence': 0.8}};0;120;0;h-tk-20172018-104-8;De heer Alkaya;SP;Het verzoek is dus om dat reeds aangevraagde dertigledendebat op te waarderen tot een meerderheidsdebat en dit onderwerp daarbij te bespreken. Dat lijkt mij nuttiger dan een apart debat over dit onderwerp te gaan voeren.;2017-2018;4-9-2018;tk;handelingen;8 Regeling van werkzaamheden;https://zoek.officielebekendmakingen.nl/h-tk-20172018-104-8.html;https://zoek.officielebekendmakingen.nl/h-tk-20172018-104-8.xml;nr. 104, item 8;alkaya;The request is therefore to upgrade the already requested thirty-member debate to a majority debate and to discuss this subject. That seems to me to be more useful than having a separate debate on this subject.;0;0;0;0.0;0.0;0.0;;;;;;;;;;;independent;The speech presents a procedural suggestion without direct reference to prior statements or speakers.;0.8;
{'mentions': [{'name': 'Bisschop', 'type': 'person', 'quote': 'En de heer Bisschop! Sorry, meneer Bisschop, hoe kon ik u over het hoofd zien?', 'mention_category': 'neutral'}, {'name': 'Hennis', 'type': 'person', 'quote': 'De VVD-fractie is blij dat voormalig minister Hennis dit initiatief heeft genomen.', 'mention_category': 'agreeing'}, {'name': 'VVD-fractie', 'type': 'party', 'quote': 'De VVD-fractie gaat ervan uit dat Defensie alles op alles zet...', 'mention_category': 'agreeing'}], 'found_fallacy': [], 'summary': {'count': 0, 'average_confidence': 0.0, 'highest_confidence': 0.0, 'lowest_confidence': 0.0}, 'speech_relation': {'type': 'independent', 'justification': 'The speech introduces new topics (military equality, legislative procedures) without directly responding to prior statements.', 'confidence': 0.95}};0;121;0;h-tk-20172018-45-23;Mevrouw Becker;VVD;"En de heer Bisschop! Sorry, meneer Bisschop, hoe kon ik u over het hoofd zien?
Deze wetswijziging regelt dat mannen en vrouwen binnen de krijgsmacht dezelfde rechten hebben. Laten we eerlijk zijn: eigenlijk had deze wijziging 30 jaar geleden moeten worden doorgevoerd. Maar goed, blijkbaar waren de geesten toen nog niet rijp voor een dergelijke wetswijzing. Nu is die wijziging wel aan de orde. De VVD-fractie is blij dat voormalig minister Hennis dit initiatief heeft genomen. Mannen en vrouwen zijn straks gelijkwaardig als het om militaire dienst gaat en dat is wat ons betreft zeer terecht.
Toegegeven, het is een administratieve handeling. De opkomstplicht is opgeschort en niemand wordt geacht om bij het bereiken van de volwassenheid in militaire dienst te treden. Maar nu we hier toch staan, is het misschien goed om een paar vragen aan de minister te stellen. Hoe staat het met de positie van vrouwen binnen de krijgsmacht? Is de organisatie ook daadwerkelijk ingericht op en klaar voor een gelijke behandeling van mannen en vrouwen, zonder andere kwaliteitseisen te stellen? Staan alle functies open voor vrouwen en zijn de eisen dan ook gelijk? We weten bijvoorbeeld dat het Korps Mariniers sinds 1 januari 2017 voor vrouwen is opengesteld. Heeft dat ook tot vrouwelijke mariniers geleid?
Verder heb ik nog een technische vraag over de lichte voorhangprocedure die nu in de wet staat. Ik heb kennisgenomen van het amendement van collega Diks, waarmee die zou worden omgezet in een zware voorhangprocedure. Dat kwam zojuist ook al even aan de orde in het debat. Regels over ontheffing, uitstel en vrijstelling worden dan, als het aan de Kamer ligt, bij wet geregeld. Dat geeft de wetgever — ons dus — meer invloed op de invulling. Voor de VVD daar een standpunt over kan innemen, zou ik graag van de minister willen weten waarom het kabinet ervoor gekozen heeft om dit überhaupt niet in de wet te regelen. Zijn daar misschien praktische redenen voor? Graag een reactie.
Voorzitter. Administratieve gelijkstelling van mannen en vrouwen is één ding, maar de uitwerking is soms lastiger. De VVD-fractie gaat ervan uit dat Defensie alles op alles zet om iedereen binnen deze mooie organisatie op een gelijkwaardige manier te behandelen, ongeacht geslacht, afkomst of geloofsovertuiging. Alleen dan is Defensie een echte afspiegeling van de samenleving.
Dank u wel, voorzitter.";2017-2018;30-1-2018;tk;handelingen;23 Dienstplicht vrouwen;https://zoek.officielebekendmakingen.nl/h-tk-20172018-45-23.html;https://zoek.officielebekendmakingen.nl/h-tk-20172018-45-23.xml;nr. 45, item 23;becker;"And Mr Bishop! Sorry, Mr. Bishop, how could I miss you?
This change in law ensures that men and women within the armed forces have the same rights. Let's be honest: this change should have been made 30 years ago. Anyway, apparently minds were not yet ripe for such a change in the law. That change is now in order. The VVD faction is pleased that former minister Hennis has taken this initiative. Men and women will soon be equal when it comes to military service and, in our opinion, that is very justified.
Admittedly, it is an administrative action. Compulsory attendance has been suspended and no one is expected to enter military service upon reaching adulthood. But now that we are here, it might be a good idea to ask the minister a few questions. What is the position of women within the armed forces? Is the organization actually set up and ready for equal treatment of men and women, without imposing other quality requirements? Are all positions open to women and are the requirements the same? For example, we know that the Marine Corps has been open to women since January 1, 2017. Has that also led to female Marines?
I also have a technical question about the light preliminary procedure that is now included in the law. I have taken note of Mr Diks's amendment, which would convert this into a heavy preliminary procedure. This was also briefly discussed in the debate just now. Rules on exemption, postponement and relief will then, if it is up to the House, be regulated by law. This gives the legislator - that is, us - more influence on the interpretation. Before the VVD can take a position on this, I would like to know from the minister why the cabinet has chosen not to regulate this in law at all. Are there any practical reasons for this? Please leave a comment.
Chair. Administrative equality between men and women is one thing, but the implementation is sometimes more difficult. The VVD faction assumes that Defense will do everything it can to treat everyone within this beautiful organization in an equal manner, regardless of gender, origin or religion. Only then will Defense be a true reflection of society.
Thank you, Chairman.";0;0;0;0.0;0.0;0.0;Bisschop|||Hennis|||VVD-fractie;person|||person|||party;En de heer Bisschop! Sorry, meneer Bisschop, hoe kon ik u over het hoofd zien?|||De VVD-fractie is blij dat voormalig minister Hennis dit initiatief heeft genomen.|||De VVD-fractie gaat ervan uit dat Defensie alles op alles zet...;neutral|||agreeing|||agreeing;;;;;;;independent;The speech introduces new topics (military equality, legislative procedures) without directly responding to prior statements.;0.95;
"{'mentions': [{'name': 'minister van Financiën', 'type': 'person', 'quote': 'de minister van Financiën', 'mention_category': 'disagreeing'}], 'found_fallacy': [{'quote': ""nu koerst de minister die ook verantwoordelijk is voor al die ICT-drama's en voor het rijksvastgoedlek aan op een cao-conflict"", 'explanation': ""Attacks the minister's credibility by linking them to past failures (ICT-drama's, rijksvastgoedlek) rather than addressing the current cao-conflict topic"", 'confidence': 0.9, 'local_topic': 'cao-conflict', 'target': 'minister van Financiën', 'explicitness': 'explicit'}], 'summary': {'count': 1, 'average_confidence': 0.9, 'highest_confidence': 0.9, 'lowest_confidence': 0.9}, 'speech_relation': {'type': 'response', 'justification': ""Directly addresses the minister's actions mentioned in the previous context about ICT-drama's and rijksvastgoedlek"", 'confidence': 0.8}}";0;122;0;h-tk-20172018-84-6;Mevrouw Leijten;SP;Bij de Algemene Financiële Beschouwingen hebben we het er uitgebreid over gehad dat de lonen omhoog moeten. Nu kan het Rijk zelf iets doen en nou koerst de minister die ook verantwoordelijk is voor al die ICT-drama's en voor het rijksvastgoedlek aan op een cao-conflict. Vandaag zegt de Europese Commissie nog tegen Nederland: u heeft een probleem met de achterblijvende lonen. De minister van Financiën wil hier niet eens iets over die lonen zeggen. Laat hem dan antwoord geven op de vraag die ik heb gesteld: wat kost het als we 3,5% aan de rijksambtenaren geven en bijvoorbeeld ook aan het zorg- en onderwijspersoneel?;2017-2018;23-5-2018;tk;handelingen;6 Verantwoordingsdebat 2017;https://zoek.officielebekendmakingen.nl/h-tk-20172018-84-6.html;https://zoek.officielebekendmakingen.nl/h-tk-20172018-84-6.xml;nr. 84, item 6;leijten;In the General Financial Considerations we discussed at length the need to increase wages. Now the government can do something itself and now the minister who is also responsible for all those ICT dramas and for the government real estate leak is heading for a collective labor agreement conflict. Today the European Commission says to the Netherlands: you have a problem with lagging wages. The Minister of Finance does not even want to say anything about those wages here. Then let him answer the question I asked: what will it cost if we give 3.5% to government civil servants and, for example, to healthcare and education staff?;0;1;1;0.9;0.9;0.9;minister van Financiën;person;de minister van Financiën;disagreeing;nu koerst de minister die ook verantwoordelijk is voor al die ICT-drama's en voor het rijksvastgoedlek aan op een cao-conflict;Attacks the minister's credibility by linking them to past failures (ICT-drama's, rijksvastgoedlek) rather than addressing the current cao-conflict topic;cao-conflict;minister van Financiën;explicit;0.9;response;Directly addresses the minister's actions mentioned in the previous context about ICT-drama's and rijksvastgoedlek;0.8;
"{'mentions': [], 'found_fallacy': [], 'summary': {'count': 0, 'average_confidence': 0.0, 'highest_confidence': 0.0, 'lowest_confidence': 0.0}, 'speech_relation': {'type': 'independent', 'justification': ""The statement is a self-referential remark about the speaker's own progress, without direct reference to previous statements or speakers."", 'confidence': 0.9}}";0;123;0;h-tk-20172018-102-6;Mevrouw Aukje de Vries;VVD;Ik ben nog niet aan het eind van mijn tekst.;2017-2018;4-7-2018;tk;handelingen;6 Voorjaarsnota 2018;https://zoek.officielebekendmakingen.nl/h-tk-20172018-102-6.html;https://zoek.officielebekendmakingen.nl/h-tk-20172018-102-6.xml;nr. 102, item 6;de aukje vries;I haven't finished my text yet.;0;0;0;0.0;0.0;0.0;;;;;;;;;;;independent;The statement is a self-referential remark about the speaker's own progress, without direct reference to previous statements or speakers.;0.9;
{'mentions': [], 'found_fallacy': [], 'summary': {'count': 0, 'average_confidence': 0.0, 'highest_confidence': 0.0, 'lowest_confidence': 0.0}, 'speech_relation': {'type': 'independent', 'justification': 'The speech segment is a standalone statement without explicit reference to prior remarks or specific contextual cues indicating a direct response.', 'confidence': 0.3}};0;124;0;h-tk-20172018-95-38;Mevrouw Van Kooten-Arissen;PvdD;Steun, voorzitter.;2017-2018;19-6-2018;tk;handelingen;38 Regeling van werkzaamheden;https://zoek.officielebekendmakingen.nl/h-tk-20172018-95-38.html;https://zoek.officielebekendmakingen.nl/h-tk-20172018-95-38.xml;nr. 95, item 38;van van kooten-arissen;Support, Chairman.;0;0;0;0.0;0.0;0.0;;;;;;;;;;;independent;The speech segment is a standalone statement without explicit reference to prior remarks or specific contextual cues indicating a direct response.;0.3;
"{'mentions': [], 'found_fallacy': [], 'summary': {'count': 0, 'average_confidence': 0.0, 'highest_confidence': 0.0, 'lowest_confidence': 0.0}, 'speech_relation': {'type': 'independent', 'justification': ""The speech segment does not explicitly reference or respond to the previous speaker's arguments, instead focusing on a general statement about supporting a letter over a debate."", 'confidence': 0.5}}";0;125;0;h-tk-20172018-47-8;De heer Azarkan;DENK;Voorzitter, van harte steun voor de brief, niet voor het debat.;2017-2018;1-2-2018;tk;handelingen;8 Regeling van werkzaamheden;https://zoek.officielebekendmakingen.nl/h-tk-20172018-47-8.html;https://zoek.officielebekendmakingen.nl/h-tk-20172018-47-8.xml;nr. 47, item 8;azarkan;Mr President, I wholeheartedly support the letter, not the debate.;0;0;0;0.0;0.0;0.0;;;;;;;;;;;independent;The speech segment does not explicitly reference or respond to the previous speaker's arguments, instead focusing on a general statement about supporting a letter over a debate.;0.5;
{'mentions': [], 'found_fallacy': [], 'summary': {'count': 0, 'average_confidence': 0.0, 'highest_confidence': 0.0, 'lowest_confidence': 0.0}, 'speech_relation': {'type': 'independent', 'justification': 'The statement presents a policy topic without direct reference to prior speech content or specific opponents.', 'confidence': 0.8}};0;126;0;h-tk-20172018-28-7;De heer Azarkan;DENK;Het gaat om de afschaffing van de geschillencommissie.;2017-2018;29-11-2017;tk;handelingen;7 Begroting Justitie en Veiligheid 2018;https://zoek.officielebekendmakingen.nl/h-tk-20172018-28-7.html;https://zoek.officielebekendmakingen.nl/h-tk-20172018-28-7.xml;nr. 28, item 7;azarkan;It concerns the abolition of the dispute committee.;0;0;0;0.0;0.0;0.0;;;;;;;;;;;independent;The statement presents a policy topic without direct reference to prior speech content or specific opponents.;0.8;
"{'mentions': [], 'found_fallacy': [], 'summary': {'count': 0, 'average_confidence': 0.0, 'highest_confidence': 0.0, 'lowest_confidence': 0.0}, 'speech_relation': {'type': 'independent', 'justification': ""The speech segment does not directly reference or respond to the previous speaker's statement, instead stating an intention to continue discussion in the future."", 'confidence': 0.95}}";0;127;0;h-tk-20172018-97-7;Staatssecretaris Snel;D66;Misschien kan ik u helpen door te zeggen dat ik in het najaar graag met uw Kamer verder discussieer over deze keuzes in de handhavingsstrategie.;2017-2018;21-6-2018;tk;handelingen;7 Problemen bij innen belastingen;https://zoek.officielebekendmakingen.nl/h-tk-20172018-97-7.html;https://zoek.officielebekendmakingen.nl/h-tk-20172018-97-7.xml;nr. 97, item 7;snel;Perhaps I can help you by saying that I would like to discuss these choices in the enforcement strategy further with your House in the autumn.;0;0;0;0.0;0.0;0.0;;;;;;;;;;;independent;The speech segment does not directly reference or respond to the previous speaker's statement, instead stating an intention to continue discussion in the future.;0.95;
"{'mentions': [{'name': 'Wiebes', 'type': 'person', 'quote': 'uw collega Wiebes', 'mention_category': 'disagreeing'}], 'found_fallacy': [], 'summary': {'count': 0, 'average_confidence': 0.0, 'highest_confidence': 0.0, 'lowest_confidence': 0.0}, 'speech_relation': {'type': 'response', 'justification': ""The speaker directly references 'u' and 'uw collega Wiebes', indicating a reply to previous statements in the debate."", 'confidence': 0.9}}";0;128;0;h-tk-20172018-20-16;De heer Van Rooijen;50PLUS;Ik kom hier in de tweede termijn uiteraard uitvoerig op terug. De enige vraag is: als nu inderdaad bij de arbeidskorting de 3% naar de 6% gaat, waarom is dan niet overwogen om die 6% ook voor de ouderenkorting te kiezen? Daarmee is die fiscale leeftijdsdiscriminatie weg. Het valluik waarover u net sprak, zoals uw collega Wiebes dat indertijd noemde, is nu weg. Het is een soort skibaan, maar dan heel steil. Het wordt nu iets minder steil. In de grafieken in het blauwe boekje van de minister en de staatssecretaris van Financiën zie je dat de ouderenkorting nog steeds heel snel wegvalt. Bij €48.000 is deze op, terwijl dat bij de arbeidskorting op een veel en veel hoger inkomen gebeurt. Dat noemen wij dus fiscale leeftijdsdiscriminatie.;2017-2018;9-11-2017;tk;handelingen;16 Algemene Financiële Beschouwingen 2018;https://zoek.officielebekendmakingen.nl/h-tk-20172018-20-16.html;https://zoek.officielebekendmakingen.nl/h-tk-20172018-20-16.xml;nr. 20, item 16;van van rooijen;I will of course come back to this in detail in the second term. The only question is: if the 3% for the employed person's tax credit does indeed go to 6%, why was it not considered to also choose that 6% for the elderly person's tax credit? This means that tax age discrimination is gone. The trapdoor you just talked about, as your colleague Wiebes called it at the time, is now gone. It is a kind of ski slope, but very steep. It is now becoming a little less steep. In the graphs in the blue book of the Minister and the State Secretary of Finance you can see that the discount for the elderly is still disappearing very quickly. This runs out at €48,000, while with the employment tax credit this happens at a much, much higher income. We call that tax age discrimination.;0;0;0;0.0;0.0;0.0;Wiebes;person;uw collega Wiebes;disagreeing;;;;;;;response;The speaker directly references 'u' and 'uw collega Wiebes', indicating a reply to previous statements in the debate.;0.9;
"{'mentions': [{'name': 'minister', 'type': 'person', 'quote': 'de minister zich gewoon aan zijn eigen wetten houden', 'mention_category': 'disagreeing'}], 'found_fallacy': [], 'summary': {'count': 0, 'average_confidence': 0.0, 'highest_confidence': 0.0, 'lowest_confidence': 0.0}, 'speech_relation': {'type': 'response', 'justification': ""The speech directly addresses the previous speaker's claims about the minister's compliance with the Comptabiliteitswet, providing a counterargument."", 'confidence': 0.95}}";0;129;0;h-tk-20172018-102-9;De heer Snels;GroenLinks;Nee, ik heb de Comptabiliteitswet erop nageslagen, voorzitter. Volgens mij moet de minister zich gewoon aan zijn eigen wetten houden. Hij zegt net dat er door Financiën 1 en Financiën 2 een toets op de Comptabiliteitswet plaatsvindt en dat er vervolgens een memorie van toelichting en een debat komt. Maar artikel 3.1 vraagt na de aanpassing van de Comptabiliteitswet nou juist om in de memorie van toelichting doelstellingen, doelmatigheid en doeltreffendheid te verantwoorden. Dat staat in de wet. Het lijkt mij dat de motie die ik heb ingediend, vraagt dat de minister zich aan de wet houdt, zeker als het gaat om de afschaffing van de dividendbelasting.;2017-2018;4-7-2018;tk;handelingen;9 Voorjaarsnota 2018;https://zoek.officielebekendmakingen.nl/h-tk-20172018-102-9.html;https://zoek.officielebekendmakingen.nl/h-tk-20172018-102-9.xml;nr. 102, item 9;snels;No, I have looked up the Accounts Act, Chairman. I think the minister should just stick to his own laws. He just said that Finance 1 and Finance 2 will carry out an assessment of the Accounts Act and that there will subsequently be an explanatory memorandum and a debate. But after the amendment of the Government Accounts Act, Article 3.1 specifically requires that objectives, efficiency and effectiveness be justified in the explanatory memorandum. That is stated in the law. It seems to me that the motion I submitted requires the minister to comply with the law, especially when it comes to the abolition of dividend tax.;0;0;0;0.0;0.0;0.0;minister;person;de minister zich gewoon aan zijn eigen wetten houden;disagreeing;;;;;;;response;The speech directly addresses the previous speaker's claims about the minister's compliance with the Comptabiliteitswet, providing a counterargument.;0.95;
"{'mentions': [{'name': 'mevrouw Van Toorenburg', 'type': 'person', 'quote': 'Ik wil daarbij zeggen, hoewel ik op zichzelf wel interesse heb voor de gedachte die mevrouw Van Toorenburg heeft geuit, dat er ook wel degelijk in het strafrecht een aantal normen zijn op dat gebied.', 'mention_category': 'agreeing'}, {'name': 'de heer Sjoerdsma', 'type': 'person', 'quote': 'De heer Sjoerdsma vroeg wanneer er een actieplan komt om de meldingsbereidheid te vergroten.', 'mention_category': 'neutral'}, {'name': 'mevrouw Yeşilgöz', 'type': 'person', 'quote': 'Mevrouw Yeşilgöz stelde de vraag of die campagnes tot een grotere aangiftebereidheid leiden ...', 'mention_category': 'neutral'}], 'found_fallacy': [], 'summary': {'count': 0, 'average_confidence': 0.0, 'highest_confidence': 0.0, 'lowest_confidence': 0.0}, 'speech_relation': {'type': 'independent', 'justification': ""The speech does not directly reference or respond to the previous speaker's statements, instead presenting a general overview of policy positions and legislative actions."", 'confidence': 0.95}}";0;130;0;h-tk-20172018-56-23-n1;Minister Grapperhaus;CDA;"Dank u wel, voorzitter. Op 24 november jongstleden schreef ik uw Kamer op initiatief van het kabinet een brief waarin ik nog eens op een rij heb gezet wat de regels in ons land zijn op het gebied van seksuele intimidatie en geweld. Daarin heb ik ook uiteengezet hoe we dat kunnen voorkomen en tegengaan in de samenleving, op de werkplek, in het onderwijs, in de sport, maar ook hoe we slachtoffers van seksuele intimidatie en geweld kunnen helpen, in de justitieketen maar ook gewoon in het leven. Die brief kwam voort uit de eerder die maand flink opgelaaide — ik kan niet zeggen ""ontstane"" — #MeToo-discussie.
Ik ga niet herhalen wat ik in die brief heb geschreven, maar ik wil vanavond toch kort nog even het misverstand wegnemen dat er sprake zou zijn van onduidelijke normen voor seksuele intimidatie. Over verkrachting en aanranding, heel kort gezegd seksueel geweld, zijn we het, denk ik, wel eens in de samenleving, zeker over verkrachting. Dat is duidelijk geformuleerd in het strafrecht in artikel 242. Aanranding staat in artikel 246. Ik wil voor alle duidelijkheid tot nog maar eens zeggen: aanranding, dat is elke afgedwongen, ontuchtige handeling.
In de afgelopen maanden werd hier en daar in het debat, althans soms in de media, door mensen gesuggereerd dat er geen duidelijke norm voor seksuele intimidatie zou zijn. Dat is niet juist, want die norm is er. In de Algemene Wet Gelijke Behandeling staat in ongeveer deze bewoordingen de volgende definitie van seksuele intimidatie: seksuele intimidatie is elke vorm van ongewenst verbaal, non-verbaal of fysiek seksueel getint gedrag met het doel of gevolg de waardigheid van een ander persoon te schenden. En dat dan, kun je zeggen, in het bijzonder door het creëren van een intimiderende, vijandige, onterende of vernederende omgeving. Het punt dat hier in het midden staat, is het schenden van de waardigheid van een ander door bepaald seksueel getint gedrag. Dat is seksuele intimidatie. Dat geeft, denk ik, voldoende houvast om te weten hoever je kunt gaan of — nog beter - welke grenzen je echt niet moet overschrijden.
Ik wil daarbij zeggen, hoewel ik op zichzelf wel interesse heb voor de gedachte die mevrouw Van Toorenburg heeft geuit, dat er ook wel degelijk in het strafrecht een aantal normen zijn op dat gebied. Ik noem schennis van de eerbaarheid in artikel 239 Strafrecht — dat is een licht zedenmisdrijf — of seksueel intimiderend gedrag in de vorm van dwang, bedreiging of belediging. Dat staat ook allemaal in Strafrecht geregeld. Ik ga u niet lastigvallen met het opnoemen van de nummers.
Voorzitter. Ik zie mezelf nou niet echt als een moraalridder. Ik vind gewoon dat het van belang is dat we juist wanneer er vanuit de maatschappij heel duidelijk een discussie speelt — de #MeToo-discussie — we nog eens met elkaar op een rij zetten wat het probleem is. Dat hebben de Kamerleden vanavond gedaan. Ik ga niet alle rapporten nog eens een keer doornemen, die toch in detail aangeven dat er gewoon in deze maatschappij echt nog steeds een probleem is met betrekking tot seksueel geweld en seksuele intimidatie. Het rapport van het Fundamental Rights Agency uit 2014 heb ik aangehaald in mijn brief, maar ik kan ook verwijzen naar rapporten van de toch zeer boven twijfel verheven Rutgers Stichting. De monitor Seksuele gezondheid bijvoorbeeld geeft gewoon duidelijk aan dat er nog voldoende te verbeteren valt.
Wat ik vanavond in ieder geval nog eens helder wilde maken — dat heb ik denk ik gedaan — is dat we heldere regels hebben, ook op het gebied van seksuele intimidatie. Dat betekent dat in de samenleving mensen elkaar daarop kunnen aanspreken en moeten blijven aanspreken, ook als die hashtag, #MeToo, langzamerhand wat vervaagd is. Ik wil het daar niet bij laten.
Dank voor de zakdoek. Het is niet de emotie, maar het is het weer.
Ik wil bij u onder de aandacht brengen dat ik morgen een werkbezoek heb bij Pretty Woman, een organisatie in Utrecht waar nog een aantal andere organisaties bij zullen zijn. Dan gaat het over het kijken naar de aanpak van nieuwe online-achtige vormen van seksuele intimidatie, want die zijn er inmiddels ook. Sexting, exposing en dergelijke; het zijn gewoon nieuwe fenomenen, nieuwe verschijningsvormen. Daar moeten we als samenleving mee aan de slag. Daar moeten we wat tegen doen. Daar mag u mij als minister van Justitie toch zeker als een van de eersten op aanspreken. Kortom, we hebben met elkaar inderdaad nog genoeg te doen om seksueel geweld en seksuele intimidatie in de maatschappij terug te dringen.
Een paar vragen zijn op mijn bord terechtgekomen en die wil ik kort beantwoorden. De heer Sjoerdsma vroeg wanneer er een actieplan komt om de meldingsbereidheid te vergroten. Op korte termijn vindt een eerste gesprek plaats met de landelijke trekker van de Centra Seksueel Geweld. Op basis van het WODC-rapport over de beleving van slachtoffers van seksueel geweld, dat in september door mijn ambtsvoorganger aan u is toegestuurd, zal in dat gesprek worden verkend op welke wijze slachtoffers van seksueel geweld gemotiveerd kunnen worden om zich te melden bij de overheid voor recht en zorg. Eén bevinding uit het rapport biedt daarbij bijzondere aanknopingspunten. Dat is de bevinding dat de omgeving van slachtoffers van grote invloed is op de beslissing om zich al dan niet bij de politie te melden. Een groot aantal situaties waarin sprake is van seksueel geweld en seksuele intimidatie vindt helaas plaats in de kleine kring van bekenden en familie. In het vervolgtraject zullen er ook gesprekken plaatsvinden met andere partners. Dat zal gebeuren onder regie van mijn collega voor Rechtsbescherming, Sander Dekker.
Mevrouw Yeşilgöz stelde de vraag of die campagnes tot een grotere aangiftebereidheid leiden ...";2017-2018;22-2-2018;tk;handelingen;23 Seksuele intimidatie op de werkvloer;https://zoek.officielebekendmakingen.nl/h-tk-20172018-56-23-n1.html;https://zoek.officielebekendmakingen.nl/h-tk-20172018-56-23-n1.xml;nr. 56, item 23;grapperhaus;"Thank you, Chairman. On November 24, I wrote a letter to your House at the initiative of the cabinet in which I once again listed the rules in our country in the field of sexual harassment and violence. In it I also explained how we can prevent and counter this in society, in the workplace, in education, in sports, but also how we can help victims of sexual harassment and violence, in the justice chain but also in life. That letter arose from the heated up — I can't say ""emerging"" — #MeToo discussion earlier that month.
I am not going to repeat what I wrote in that letter, but tonight I would like to briefly clear up the misunderstanding that there are unclear standards for sexual harassment. I think we agree in society about rape and sexual assault, in short, sexual violence, especially about rape. This is clearly formulated in criminal law in Article 242. Sexual assault is in Article 246. For the sake of clarity, I would like to say once again: sexual assault is any coerced, indecent act.
In recent months, here and there in the debate, at least sometimes in the media, people have suggested that there is no clear standard for sexual harassment. That is not correct, because that standard exists. The General Equal Treatment Act contains the following definition of sexual harassment in approximately these terms: sexual harassment is any form of unwanted verbal, non-verbal or physical sexually oriented behavior with the purpose or effect of violating the dignity of another person. And that, you could say, in particular by creating an intimidating, hostile, degrading or humiliating environment. The central point here is violating the dignity of another through certain sexually explicit behavior. That's sexual harassment. I think that provides sufficient guidance to know how far you can go or - even better - which boundaries you really should not cross.
I would like to say, although I am interested in the idea expressed by Mrs Van Toorenburg, that there are also a number of standards in criminal law in that area. I mention indecency in Article 239 of Criminal Law — which is a minor sexual offense — or sexually intimidating behavior in the form of coercion, threat or insult. This is all also regulated in Criminal Law. I'm not going to bother you with naming the numbers.
Chair. I don't really see myself as a moral knight. I just think it is important that, especially when there is a very clear discussion going on within society - the #MeToo discussion - we once again identify together what the problem is. The MPs did that tonight. I am not going to go through all the reports again, which nevertheless indicate in detail that there is still a problem with sexual violence and sexual harassment in this society. I cited the 2014 Fundamental Rights Agency report in my letter, but I can also refer to reports from the Rutgers Foundation, which is certainly beyond doubt. The Sexual Health Monitor, for example, clearly indicates that there is still plenty of room for improvement.
In any case, what I wanted to make clear tonight - I think I did - is that we have clear rules, including in the area of ​​sexual harassment. This means that in society people can address each other about this and must continue to address it, even if the hashtag, #MeToo, has gradually faded away. I don't want to leave it at that.
Thanks for the handkerchief. It's not the emotion, it's the weather.
I would like to bring to your attention that tomorrow I have a working visit to Pretty Woman, an organization in Utrecht that will include a number of other organizations. Then it is about looking at tackling new online forms of sexual harassment, because they are now also available. Sexting, exposing and the like; they are simply new phenomena, new manifestations. We as a society have to work on this. We have to do something about that. As Minister of Justice, you can certainly be one of the first to address me about this. In short, we still have plenty of work to do together to reduce sexual violence and sexual harassment in society.
A few questions have come to my attention and I would like to answer them briefly. Mr Sjoerdsma asked when there will be an action plan to increase willingness to report. An initial conversation will take place shortly with the national leader of the Sexual Violence Centers. Based on the WODC report on the experience of victims of sexual violence, which was sent to you by my predecessor in office in September, that conversation will explore how victims of sexual violence can be motivated to report to the government for justice and care. One finding from the report offers special starting points. This is the finding that the environment of victims has a major influence on the decision whether or not to report to the police. Unfortunately, a large number of situations involving sexual violence and sexual harassment take place within a small circle of acquaintances and family. Discussions will also take place with other partners in the follow-up process. This will happen under the direction of my colleague for Legal Protection, Sander Dekker.
Ms Yeşilgöz asked whether those campaigns lead to a greater willingness to report...";0;0;0;0.0;0.0;0.0;mevrouw Van Toorenburg|||de heer Sjoerdsma|||mevrouw Yeşilgöz;person|||person|||person;Ik wil daarbij zeggen, hoewel ik op zichzelf wel interesse heb voor de gedachte die mevrouw Van Toorenburg heeft geuit, dat er ook wel degelijk in het strafrecht een aantal normen zijn op dat gebied.|||De heer Sjoerdsma vroeg wanneer er een actieplan komt om de meldingsbereidheid te vergroten.|||Mevrouw Yeşilgöz stelde de vraag of die campagnes tot een grotere aangiftebereidheid leiden ...;agreeing|||neutral|||neutral;;;;;;;independent;The speech does not directly reference or respond to the previous speaker's statements, instead presenting a general overview of policy positions and legislative actions.;0.95;
{'status': 'error', 'raw_result': {'parsing_error': 'Unable to parse JSON from text.', 'is_error': True}};0;131;0;h-tk-20172018-35-7;Minister Wiebes;VVD;"Ik denk dat het belangrijkste deel van mijn verhaal juist ging over de transitie. Een transitie doe je om een recept niet intact te laten maar om het op een andere manier te gaan doen. Mijn verhaal is dat wij weer opnieuw zouden moeten streven naar voldoende energie, maar dit keer duurzaam. Dat andere recept is zo anders dat dat een nogal forse transitie vraagt. Mijn waarschuwing is dat wij moeten zorgen dat dat zo beheerst mogelijk gaat en dat we dat betaalbaar kunnen houden, omdat anders grote delen van deze samenleving afhaken. En dat is waar ik bang voor ben. Bovendien, zoals ik aan het begin zei, zitten hier twee bewindslieden die allebei vinden dat belastinggeld goed besteed moet worden en niet verspild moet worden. Dus de kosten zijn gewoon belangrijk. Ik denk dat de heer Van Raan dat wel met mij eens is, want hij weet ook wel dat misschien zijn achterban niet afhaakt maar te veel achterbannen wel als we dat niet op een goede manier doen. Hier ligt een taak.
Voorzitter, ik kan aan een volgend blokje beginnen: klimaat en energie. Ik begin met het klimaatakkoord. Waarom eigenlijk een klimaatakkoord? Waarom doen we niet gewoon wat we vinden dat gedaan moet worden? Dat is natuurlijk omdat een transitie niet een ding van de overheid is. De overheid produceert niet, ook geen elektriciteit. De overheid innoveert niet. De overheid is ook maar een beperkte gebruiker. Er zijn overheidsrollen, zeker: regie, wetgeving, financiële instrumenten. Maar waar het de overheid is, is het niet alleen het Rijk. Waar het het Rijk is, is het niet alleen EZK. Ik heb verschillende collega's die hieraan mee moeten doen. Dat vraagt dus om een akkoord, want ik ben het niet alleen en u bent het ook niet alleen.
Dat regeerakkoord is wat mij betreft de basis, maar het is ook een heel Hollands product. Ik heb eerder gezegd: zo Hollands als een vlaflip. Want het is een positieve uitruil. Het heeft even geduurd, maar het is een positieve uitruil. De ambitie is torenhoog. Daar heeft iedereen zijn eigen verhaal bij. De een noemt het zijn uitleg van het liberalisme, de ander noemt het rentmeesterschap of de Schepper. We hebben allemaal een andere manier om op hetzelfde doel uit te komen. Daar hebben we kosteneffectiviteit bovenop gezet, om op een niet-ideologische manier dat doel te halen. Daar hebben we dan ook nog een zeker vleugje polder overheen gegooid. In Frankrijk met Macron zouden we het op een andere manier doen, maar wij doen het met zo'n klimaatakkoord.
Ik heb het over een klimaatakkoord, want het vorige akkoord ging over energie en heette energieakkoord. Dit gaat over klimaat, dus noem ik het klimaatakkoord. Maar die akkoorden zijn wel degelijk verschillend. In het energieakkoord kwam het doel eigenlijk van de SER, niet van de regering of uit een regeerakkoord. Dat is hier wel het geval. Aangezien het daar niet uit de regering kwam, zijn er achteraf bezien ook weinig prijzen uitgedeeld voor de democratische legitimering van het energieakkoord in zijn eerdere vorm. Hier komt het echt uit het regeerakkoord. Er is één doel: het klimaatdoel uit het klimaatakkoord; die 49%. Dat betekent dat we hard moeten sturen op publiek belang. Het gaat niet om de deelbelangen van de deelnemers. Daar ging het bij het energieakkoord in essentie in zo'n SER-setting wel een beetje om. Ik heb er zelf aan meegedaan en terugkijkend zeg ik weleens tegen mezelf: Eric Wiebes, dat had je in jouw rol ook best anders kunnen doen. Maar dat heb ik niet gedaan. Daardoor is het op sommige punten toch een beetje een feest geweest van belangenbehartigingsorganisaties.
Ik denk dat hier — u zou dat van mij moeten verwachten, maar ik wil u niks in de mond leggen — het publiek belang bewaakt moet worden. Dat betekent dat de overheid niet alleen de regie moet nemen, maar ook doelen moet stellen en kaders moet meegeven. Het is niet de bedoeling dat er een overeenkomst komt tussen partijen aan tafel om het twee maal zo duur te doen als nodig. Ik ben hier nogal ferm op het publiek belang. Het publiek belang staat voorop. Het is van de samenleving. Daarbij zijn er wel een paar vrijheidsgraden. Bij een klimaatakkoord — daarover moet je het kunnen hebben — moeten ook vrijheidsgraden bestaan. Maar het doel staat. Laat ik zo zeggen, ik ga niet overhandelen over het percentage. Het kan zijn dat er met de ambities in Europa uiteindelijk een ander percentage uitkomt, maar ik ga niet onderhandelen over het percentage. Ik ga ook niet onderhandelen over het passage in het regeerakkoord over kolencentrales. De kolencentrales gaan weg. Ik heb daarover een brief gestuurd met nogal ferme maatregelen, om maar duidelijk te maken: dit is niet onderhandelbaar. Maar over allerlei andere dingen natuurlijk wel. Ik vind, in dit stadium zeker, elke zin in het regeerakkoord briljant, maar als er iemand komt met een beter idee dan een briljant idee, dan ben ik daar nooit tegen. Dat zou u ook niet moeten zijn. Dus we moeten die vrijheidsgraden bieden. Als sommige inzichten anders uitvallen, vallen ze anders uit en dan gaan we iets anders doen, want we willen de goedkoopste en verstandigste route naar 2050.
Ik denk met vijf tafels — ik noem het sectoren, maar dat zijn het net niet — te gaan werken: opwekking, zware industrie, alles met de gebouwde omgeving en warmte op lage temperatuur; de agrarische sector moet duidelijk aan bod komen en de vervoerssector komt ook niet van de haak. Maar dat is niet genoeg, want die tafels zijn verticaal en toevallig gingen alle verstandige vragen in deze zaal over juist de horizontale verbanden, bijvoorbeeld het ruimtelijke verband, waarover de heer Moorlag zich zorgen maakt. Hij zegt: joh, dat zijn nogal ruimtevreters, moeten we dat niet op de een of andere manier coördineren; moet daar niet iets verstandigs gebeuren? Ja, dat is waar, want je kunt één deel van Nederland niet op drie manieren gebruiken. Ruimte is er één. Daar ben ik de heer Moorlag erkentelijk voor. Innovatie is er één. Volgens mij was het de heer Veldman die heeft gezegd: zorg nou dat er geen belemmeringen zijn. Nee, want die zijn er wel vaak. We verzinnen iets nieuws en omdat de wet gebaseerd was op iets ouds, mag iets nieuws niet. Dat moeten we natuurlijk zo snel mogelijk uit de weg helpen. Ik ben de heer Veldman dus dankbaar voor die suggestie.
Financiering is er één. Ik geloof dat de vraag naar financieringsinstrumenten door verschillende leden is gesteld. De heer Van der Lee heeft daarnaar gevraagd. De heer Moorlag kwam er even op. Mevrouw Dik-Faber heeft er volgens mij vragen over gesteld. Een heleboel dingen hangen af van financiering en hebben ook een bottleneck in financiering. De heer Van Raan heeft daarnaar gevraagd. Het Platform voor Duurzame Financiering bestaat, maar het moet echt een ferme rol gaan spelen. Niet alleen banken, maar ook pensioenfondsen moeten op allerlei manieren ook creatieve vormen van financiering ontwikkelen om dat mogelijk te maken.
Op het gebied van personeel zien we ook een bottleneck, alleen al aan de kant van de technici. Als het gaat om het mkb wil de staatssecretaris een ferme rol op zich nemen om de bottlenecks daar te helpen oplossen. Dat zijn allemaal dwarsverbanden en die moeten ook levendig en actief zijn.
Verder hebben we natuurlijk nog iets van borging nodig, maar wat hierbij heel centraal zal staan, is de uitrol. We kunnen allemaal dingen bedenken, maar als we daarna niet aan een uitvoeringsorganisatie de opdracht geven om er de hele tijd achteraan te zitten en iedereen toch op zijn hoofd te hameren, dan komt er niks van terecht. Ik denk dat hiervoor dus een uitvoeringsorganisatie gebouwd gaat worden die ten minste tot 2030 actief is. Gewoon om elke keer die kalender af te werken, iedereen aan zijn toezeggingen te herinneren en de bottlenecks uit de weg te ruimen.
Dat betekent natuurlijk ook iets voor bewindslieden onderling. Verschillende sprekers hebben daarnaar gevraagd. Kijk, wij houden onszelf wel bij de les. Er ligt formeel wel een regierol bij BZK, maar ik heb alleen al met drie collega's te maken die op zich staan te steigeren om dit te doen. Er wordt hard aan getrokken. Aan ons zal het niet liggen, maar om de rest van de samenleving mee te krijgen, hebben we die uitvoeringsorganisatie nodig. Ik meen dat dit een zorg was van de heer Van der Lee en de heer Jetten. Zij hebben allebei gevraagd hoe wij ervoor gaan zorgen dat alle departementen dan wel collega's meedoen.
Dan moet er dus een overheidsinzet komen. Het moet duidelijk zijn wat de grenzen, de kaders en de doelen van elk van die tafels zijn. Ik denk dat dit ergens begin volgend jaar helder moet kunnen worden gemaakt. Het zou mooi zijn als we op hoofdlijnen in de zomer al zo'n beetje weten waar het naartoe gaat. Dan is er vast nog een hoop uit te werken, daar niet van, maar we zouden in de zomer een soort beeld moeten kunnen hebben van waar dit heen gaat.
Dat betekent dat we daarmee ook de democratische legitimering beter moeten organiseren dan in het verleden. We hebben dat toen eigenlijk een beetje over het hoofd gezien. Het was een ander gebouw. Even verderop was het. Ik kan me dus zo voorstellen dat ik eerst de inzet hier bespreek. Dan kunnen we het er allemaal over hebben. Daarna komt er iets uit en dan is het, denk ik, aan u toe te vertrouwen dat u mij vervolgens afrekent op het resultaat. En dan kunnen we het er weer over hebben. Maar laten we met elkaar afspreken dat wel proberen om dat democratisch deficit van de vorige keer te voorkomen.
Dan zijn er verder nog allemaal andere inhoudelijke ambities die ik zou hebben met dat akkoord, maar om de heer Graus niet te lang tot zwijgen te brengen, denk ik dat ik dat misschien even moet overslaan. De avond moet immers ook nog een beetje behapbaar blijven. Ik zal mijn inhoudelijke begeisterung dus een beetje proberen te beheersen.
Voorzitter. Dat was het akkoord. Hierna komt een subkopje en vervolgens iets over kosteneffectiviteit enzovoort. Maar ik zie dat de heer Moorlag ...";2017-2018;14-12-2017;tk;handelingen;7 Begroting EZK/LNV 2018 (deel Economie en Klimaat);https://zoek.officielebekendmakingen.nl/h-tk-20172018-35-7.html;https://zoek.officielebekendmakingen.nl/h-tk-20172018-35-7.xml;nr. 35, item 7;wiebes;"I think the most important part of my story was about the transition. A transition is done not to leave a recipe intact, but to do it in a different way. My story is that we should again strive for sufficient energy, but this time sustainably. That other recipe is so different that it requires quite a major transition. My warning is that we must ensure that this is as controlled as possible and that we can keep it affordable, otherwise large parts of this society will drop out. And that's what I'm afraid of. Moreover, as I said at the beginning, there are two ministers here who both believe that taxpayers' money should be well spent and not wasted. So cost is just important. I think Mr Van Raan agrees with me on that, because he also knows that his supporters may not drop out, but too many supporters will if we do not do this in the right way. There is a task here.
Mr President, I can start on the next block: climate and energy. I'll start with the climate agreement. Why a climate agreement? Why don't we just do what we think should be done? That is of course because a transition is not a matter for the government. The government does not produce electricity, not even electricity. The government does not innovate. The government is also only a limited user. There are government roles, certainly: direction, legislation, financial instruments. But where it is the government, it is not just the central government. Where it is the government, it is not just EZK. I have several colleagues who have to participate in this. So that requires an agreement, because it's not just me and it's not just you either.
As far as I am concerned, that coalition agreement is the basis, but it is also a very Dutch product. I've said before: as Dutch as a vlaflip. Because it is a positive trade-off. It took a while, but it's a positive trade-off. The ambition is sky-high. Everyone has their own story. Some call it his explanation of liberalism, others call it stewardship or the Creator. We all have a different way of arriving at the same goal. We have added cost-effectiveness on top of that, to achieve that goal in a non-ideological way. We also added a certain touch of polder to it. In France with Macron we would do it in a different way, but we do it with such a climate agreement.
I am talking about a climate agreement, because the previous agreement was about energy and was called the energy agreement. This is about climate, so I call it the climate agreement. But those chords are definitely different. In the energy agreement, the goal actually came from the SER, not from the government or from a coalition agreement. That is the case here. Since it did not come from the government, in retrospect few prizes were awarded for the democratic legitimization of the energy agreement in its earlier form. This is where it really comes from the coalition agreement. There is one goal: the climate goal from the climate agreement; that 49%. This means that we must focus strongly on public interest. It is not about the partial interests of the participants. That is essentially what the energy agreement was all about in such a SER setting. I took part in it myself and looking back I sometimes say to myself: Eric Wiebes, you could have done that differently in your role. But I didn't do that. As a result, it has been a bit of a party for advocacy organizations on some points.
I think that here - you should expect that from me, but I don't want to put anything into your mouth - the public interest must be safeguarded. This means that the government must not only take control, but also set goals and provide frameworks. It is not the intention that there will be an agreement between the parties at the table to make it twice as expensive as necessary. I'm quite firm on the public interest here. The public interest comes first. It belongs to society. There are a few degrees of freedom. In a climate agreement - you should be able to talk about that - there must also be degrees of freedom. But the goal stands. Let me put it this way, I'm not going to discuss the percentage. It may be that the ambitions in Europe ultimately result in a different percentage, but I am not going to negotiate on the percentage. I am also not going to negotiate the passage in the coalition agreement on coal-fired power stations. The coal-fired power stations are going away. I have sent a letter about this with rather firm measures, just to make it clear: this is not negotiable. But of course about all kinds of other things. I certainly think every sentence in the coalition agreement is brilliant at this stage, but if someone comes up with a better idea than a brilliant idea, then I am never against that. You shouldn't be either. So we have to provide those degrees of freedom. If some insights turn out differently, they turn out differently and then we will do something different, because we want the cheapest and wisest route to 2050.
I think I will work with five tables - I call them sectors, but they are not exactly -: generation, heavy industry, everything with the built environment and low-temperature heat; the agricultural sector must be clearly addressed and the transport sector is also not off the hook. But that is not enough, because those tables are vertical and coincidentally, all the sensible questions in this room were about precisely the horizontal relationships, for example the spatial relationship, about which Mr Moorlag is concerned. He says: dude, those are quite space wasters, shouldn't we coordinate that somehow; Shouldn't something sensible be done there? Yes, that's true, because you can't use one part of the Netherlands in three ways. Space is one. I am grateful to Mr Moorlag for that. Innovation is one. I think it was Mr Veldman who said: make sure there are no obstacles. No, because they are often there. We come up with something new and because the law was based on something old, something new is not allowed. Of course, we need to get this out of the way as quickly as possible. So I am grateful to Mr Veldman for that suggestion.
Financing is one. I believe that the question of financial instruments has been raised by several Members. Mr Van der Lee asked about this. It occurred to Mr Moorlag briefly. I think Mrs Dik-Faber asked questions about it. A lot of things depend on financing and also have a bottleneck in financing. Mr Van Raan asked about this. The Platform for Sustainable Finance exists, but it really needs to play a strong role. Not only banks, but also pension funds must develop creative forms of financing in all kinds of ways to make this possible.
We also see a bottleneck in terms of personnel, just on the technicians' side. When it comes to SMEs, the State Secretary wants to take a firm role in helping to solve the bottlenecks there. These are all cross-connections and they must also be lively and active.
We also need some safeguards, of course, but what will be very central here is the rollout. We can all come up with things, but if we don't then instruct an implementing organization to chase it all the time and hammer everyone on the head, then nothing will come of it. I think that an implementation organization will be built for this purpose that will be active at least until 2030. Just to complete that calendar every time, remind everyone of their commitments and remove the bottlenecks.
Of course, that also means something for ministers themselves. Several speakers have asked about this. Look, we keep ourselves on our toes. There is formally a directing role at the Ministry of the Interior and Kingdom Relations, but I only have to deal with three colleagues who are eager to do this. It's being pulled hard. It won't be up to us, but to get the rest of society on board, we need that implementation organization. I believe this was a concern of Mr Van der Lee and Mr Jetten. They both asked how we will ensure that all departments or colleagues participate.
Then there must be government intervention. It must be clear what the boundaries, frameworks and goals of each of those tables are. I think this should be made clear sometime early next year. It would be nice if we already knew in general terms in the summer where things are going. There's probably still a lot to work out, but we should be able to have some idea of ​​where this is going in the summer.
This means that we must also organize democratic legitimation better than in the past. We actually overlooked that a bit at the time. It was a different building. It was a little further away. So I can imagine that I would first discuss the stakes here. Then we can all talk about it. Then something will come out and then, I think, it is up to you to hold me accountable for the result. And then we can talk about it again. But let us agree with each other that we will try to prevent that democratic deficit from last time.
Then there are all kinds of other substantive ambitions that I would have with that agreement, but in order not to silence Mr Graus for too long, I think I should perhaps skip that for the moment. After all, the evening must remain somewhat manageable. So I will try to control my substantive enthusiasm a bit.
Chair. That was the deal. After this comes a subheading and then something about cost-effectiveness and so on. But I see that Mr Moorlag ...";0;0;0;0.0;0.0;0.0;;;;;;;;;;;;;0.0;
"{'mentions': [], 'found_fallacy': [], 'summary': {'count': 0, 'average_confidence': 0.0, 'highest_confidence': 0.0, 'lowest_confidence': 0.0}, 'speech_relation': {'type': 'independent', 'justification': ""The speech does not explicitly reference or respond to the previous speaker's statement, instead focusing on the speaker's own procedural intent."", 'confidence': 0.3}}";0;132;0;h-tk-20172018-52-9;De heer De Graaf;PVV;Ik weet niet of u dat meteen wilt toestaan. Ik wil ook best verdergaan met mijn tekst.;2017-2018;14-2-2018;tk;handelingen;9 Strafrechtelijke aanpak terrorisme;https://zoek.officielebekendmakingen.nl/h-tk-20172018-52-9.html;https://zoek.officielebekendmakingen.nl/h-tk-20172018-52-9.xml;nr. 52, item 9;de de graaf;I don't know if you want to allow that right away. I would also like to continue with my text.;0;0;0;0.0;0.0;0.0;;;;;;;;;;;independent;The speech does not explicitly reference or respond to the previous speaker's statement, instead focusing on the speaker's own procedural intent.;0.3;
"{'mentions': [{'name': 'Nijboer', 'type': 'person', 'quote': ""een van de hobby's van de heer Nijboer"", 'mention_category': 'neutral'}], 'found_fallacy': [], 'summary': {'count': 0, 'average_confidence': 0.0, 'highest_confidence': 0.0, 'lowest_confidence': 0.0}, 'speech_relation': {'type': 'response', 'justification': ""The speaker references 'dividendbelasting' and implies prior discussion, suggesting engagement with the previous speaker's topic."", 'confidence': 0.7}}";0;133;0;h-tk-20172018-20-8;Minister Hoekstra;CDA;Over de dividendbelasting, een van de hobby's van de heer Nijboer, komen we volgens mij zo meteen nog te spreken. Laat ik dus niet proberen ...;2017-2018;9-11-2017;tk;handelingen;8 Algemene Financiële Beschouwingen;https://zoek.officielebekendmakingen.nl/h-tk-20172018-20-8.html;https://zoek.officielebekendmakingen.nl/h-tk-20172018-20-8.xml;nr. 20, item 8;hoekstra;I think we will soon discuss dividend tax, one of Mr Nijboer's hobbies. So let me not try...;1;0;0;0.0;0.0;0.0;Nijboer;person;een van de hobby's van de heer Nijboer;neutral;;;;;;;response;The speaker references 'dividendbelasting' and implies prior discussion, suggesting engagement with the previous speaker's topic.;0.7;
"{'mentions': [{'name': 'Wassenberg', 'type': 'person', 'quote': 'de schriftelijke vragen van de heer Wassenberg', 'mention_category': 'neutral'}], 'found_fallacy': [], 'summary': {'count': 0, 'average_confidence': 0.0, 'highest_confidence': 0.0, 'lowest_confidence': 0.0}, 'speech_relation': {'type': 'independent', 'justification': ""The speech does not directly reference or respond to a previous speaker's statement, instead presenting a general request and position."", 'confidence': 0.9}}";0;134;0;h-tk-20172018-107-19;De heer Jetten;D66;Voorzitter. Ik zou graag een brief willen voor het AO Mijnbouw, dat later deze maand plaatsvindt. Ik hoop dat ook de schriftelijke vragen van de heer Wassenberg vóór dat AO zijn beantwoord. Dan kunnen we dit onderwerp nog deze maand met de minister bespreken. Dus geen steun voor het debat.;2017-2018;11-9-2018;tk;handelingen;19 Regeling van werkzaamheden;https://zoek.officielebekendmakingen.nl/h-tk-20172018-107-19.html;https://zoek.officielebekendmakingen.nl/h-tk-20172018-107-19.xml;nr. 107, item 19;jetten;Chair. I would like a letter for the Mining AO, which is taking place later this month. I hope that Mr Wassenberg's written questions have also been answered before that AO. Then we can discuss this subject with the minister this month. So no support for the debate.;0;0;0;0.0;0.0;0.0;Wassenberg;person;de schriftelijke vragen van de heer Wassenberg;neutral;;;;;;;independent;The speech does not directly reference or respond to a previous speaker's statement, instead presenting a general request and position.;0.9;
"{'mentions': [], 'found_fallacy': [], 'summary': {'count': 0, 'average_confidence': 0.0, 'highest_confidence': 0.0, 'lowest_confidence': 0.0}, 'speech_relation': {'type': 'independent', 'justification': ""The speech does not directly reference or respond to a previous speaker's statement, but instead presents an independent argument about government policy and its implications."", 'confidence': 0.95}}";0;135;0;h-tk-20172018-85-8;Staatssecretaris Keijzer;CDA;Toen vorig jaar in mei door de Nederlandse regering het standpunt in de Europese Raad is ingenomen, is daaraan voorafgaand uiteraard ook een BNC-fiche naar de Kamer gestuurd. Daarin stond wat ik u zojuist vertelde. De verwachting is niet dat dit heel veel anders zal zijn. Gezien de grote verwachte positieve effecten op het vrije verkeer van diensten, die juist ook voor Nederlandse ondernemers van groot belang zijn, zie ik geen reden om een ander standpunt in te nemen.;2017-2018;24-5-2018;tk;handelingen;8 Raad voor Concurrentievermogen;https://zoek.officielebekendmakingen.nl/h-tk-20172018-85-8.html;https://zoek.officielebekendmakingen.nl/h-tk-20172018-85-8.xml;nr. 85, item 8;keijzer;When the Dutch government adopted its position in the European Council in May last year, a BNC sheet was of course also sent to Parliament beforehand. It contained what I just told you. This is not expected to be much different. Given the expected major positive effects on the free movement of services, which are also of great importance for Dutch entrepreneurs, I see no reason to take a different position.;0;0;0;0.0;0.0;0.0;;;;;;;;;;;independent;The speech does not directly reference or respond to a previous speaker's statement, but instead presents an independent argument about government policy and its implications.;0.95;
{'mentions': [], 'found_fallacy': [], 'summary': {'count': 0, 'average_confidence': 0.0, 'highest_confidence': 0.0, 'lowest_confidence': 0.0}, 'speech_relation': {'type': 'independent', 'justification': 'The statement is a standalone affirmation without direct reference to previous speakers or specific contextual triggers.', 'confidence': 0.5}};0;136;0;h-tk-20172018-12-3;De heer Asscher;PvdA;Zeker. Dat kunt u.;2017-2018;12-10-2017;tk;handelingen;3 Eindverslag van de informateur;https://zoek.officielebekendmakingen.nl/h-tk-20172018-12-3.html;https://zoek.officielebekendmakingen.nl/h-tk-20172018-12-3.xml;nr. 12, item 3;asscher;Certainly. You can.;0;0;0;0.0;0.0;0.0;;;;;;;;;;;independent;The statement is a standalone affirmation without direct reference to previous speakers or specific contextual triggers.;0.5;
"{'mentions': [{'name': 'de heer Segers', 'type': 'person', 'quote': 'Ik ben het wel met de heer Segers eens dat de informatiepositie echt beter moet.', 'mention_category': 'agreeing'}, {'name': 'mevrouw Krikke', 'type': 'person', 'quote': 'de burgemeester van Den Haag, mevrouw Krikke, toe oproept', 'mention_category': 'neutral'}], 'found_fallacy': [], 'summary': {'count': 0, 'average_confidence': 0.0, 'highest_confidence': 0.0, 'lowest_confidence': 0.0}, 'speech_relation': {'type': 'independent', 'justification': ""The speech segment begins with the speaker expressing uncertainty and directly states agreement with 'de heer Segers' without explicitly referencing the previous speaker's arguments."", 'confidence': 0.95}}";0;137;0;h-tk-20172018-87-3;Minister Koolmees;D66;Ik weet niet of ik die laatste conclusie kan trekken. Ik ben het wel met de heer Segers eens dat de informatiepositie echt beter moet. De informatie die beschikbaar is, bij verschillende diensten, bij verschillende rijksoverheidsinstanties, moet ook terechtkomen bij die gemeenten om te kunnen acteren. Dat ben ik zeer met de heer Segers eens. Dat is een van de grote uitdagingen waar ook bijvoorbeeld de burgemeester van Den Haag, mevrouw Krikke, toe oproept. Daar moeten wij als kabinet mee aan de slag gaan om dat te verbeteren.;2017-2018;30-5-2018;tk;handelingen;3 Buitenlandse financiering van moskeeën;https://zoek.officielebekendmakingen.nl/h-tk-20172018-87-3.html;https://zoek.officielebekendmakingen.nl/h-tk-20172018-87-3.xml;nr. 87, item 3;koolmees;I don't know if I can draw that last conclusion. I do agree with Mr Segers that the information position really needs to improve. The information that is available at various services, at various government agencies, must also reach those municipalities in order to be able to act. I very much agree with Mr Segers. That is one of the major challenges that, for example, the mayor of The Hague, Mrs. Krikke, calls for. We as a government must work to improve this.;0;0;0;0.0;0.0;0.0;de heer Segers|||mevrouw Krikke;person|||person;Ik ben het wel met de heer Segers eens dat de informatiepositie echt beter moet.|||de burgemeester van Den Haag, mevrouw Krikke, toe oproept;agreeing|||neutral;;;;;;;independent;The speech segment begins with the speaker expressing uncertainty and directly states agreement with 'de heer Segers' without explicitly referencing the previous speaker's arguments.;0.95;
"{'mentions': [], 'found_fallacy': [], 'summary': {'count': 0, 'average_confidence': 0.0, 'highest_confidence': 0.0, 'lowest_confidence': 0.0}, 'speech_relation': {'type': 'independent', 'justification': ""The speech segment presents a general argument about human nature and role reversal without directly referencing or responding to a previous speaker's statement."", 'confidence': 0.8}}";0;138;0;h-tk-20172018-31-7;De heer Bisschop;SGP;U kent mijn wereld dan voldoende om te weten dat wij belijden dat de mens geneigd is tot alle kwaad. In die zin zouden de rollen eigenlijk omgedraaid moeten zijn en zou ik juist voor een verklaring omtrent het gedrag moeten pleiten!;2017-2018;6-12-2017;tk;handelingen;7 Begroting Onderwijs, Cultuur en Wetenschap 2018 inclusief het onderdeel Groen onderwijs;https://zoek.officielebekendmakingen.nl/h-tk-20172018-31-7.html;https://zoek.officielebekendmakingen.nl/h-tk-20172018-31-7.xml;nr. 31, item 7;bisschop;You know my world enough to know that we confess that man is inclined to all evil. In that sense, the roles should actually be reversed and I should argue for an explanation regarding the behavior!;0;0;0;0.0;0.0;0.0;;;;;;;;;;;independent;The speech segment presents a general argument about human nature and role reversal without directly referencing or responding to a previous speaker's statement.;0.8;
{'mentions': [{'name': 'Kwint', 'type': 'person', 'quote': 'de leden Kwint en Westerveld', 'mention_category': 'neutral'}, {'name': 'Westerveld', 'type': 'person', 'quote': 'de leden Kwint en Westerveld', 'mention_category': 'neutral'}], 'found_fallacy': [], 'summary': {'count': 0, 'average_confidence': 0.0, 'highest_confidence': 0.0, 'lowest_confidence': 0.0}, 'speech_relation': {'type': 'independent', 'justification': 'The speech introduces a motion without direct reference to a preceding statement, focusing on proposing policy changes.', 'confidence': 0.6}};0;139;0;h-tk-20172018-79-8;De heer Kwint;SP;"Dank. Dit kabinet heeft alleen, helaas, een wat starre kijk op kinderopvang. Het is niks meer of minder dan een arbeidsmarktinstrument, oftewel een manier om vrouwen aan het werk te krijgen, terwijl toch het kind centraal zou moeten staan. En de financiering gaat ook nog lang niet altijd goed. Mensen komen in de problemen omdat ze grote bedragen moeten terugbetalen, er moeten voorlichtingscampagnes gestart worden om het uit te leggen en het is verschrikkelijk ingewikkeld. De wet die dit zou moeten verbeteren, wordt ineens niet meer ingediend, lazen wij gisteren, terwijl er toch al 20 miljoen aan voorbereidingskosten geïnvesteerd zijn. Waarom doet het kabinet dit? Dat is mij uit de brief niet helemaal duidelijk geworden. Maak het nou makkelijk voor ouders. Als je dan toch op zoek gaat naar andere financiering, kijk dan ook nog eens naar bijvoorbeeld het oorspronkelijke plan, namelijk het direct betalen van kinderopvang door de overheid of het openstellen van twee dagen gratis kinderopvang voor iedereen. Niet omdat je daarmee werken voor ouders makkelijker maakt, maar omdat je daarmee ook al vroeg segregatie en tweedeling kan bestrijden.
Daarom twee moties. De eerste.
De Kamer,
gehoord de beraadslaging,
constaterende dat het kabinet kinderopvang voornamelijk ziet als arbeidsmarktinstrument;
van mening dat kinderopvang niet in de eerste plaats een arbeidsmarktprobleem, maar zeker zozeer ook een instrument moet zijn dat de ontwikkeling van kinderen kan stimuleren;
verzoekt de regering, indachtig deze mening, het beleid over kinderopvang breder vorm te geven dan vanuit het arbeidsmarktperspectief en hierin bijvoorbeeld ook de ontwikkeling van het kind, het tegengaan van achterstanden en het bestrijden van segregatie mee te nemen,
en gaat over tot de orde van de dag.
Deze motie is voorgesteld door de leden Kwint en Westerveld. Naar mij blijkt, wordt de indiening ervan voldoende ondersteund.
Zij krijgt nr.";2017-2018;26-4-2018;tk;handelingen;8 Kinderopvang;https://zoek.officielebekendmakingen.nl/h-tk-20172018-79-8.html;https://zoek.officielebekendmakingen.nl/h-tk-20172018-79-8.xml;nr. 79, item 8;kwint;"Thanks. Unfortunately, this cabinet has a somewhat rigid view on childcare. It is nothing more or less than a labor market instrument, or a way to get women to work, while the child should be central. And financing does not always go well. People get into trouble because they have to pay back large amounts, information campaigns have to be started to explain it and it is terribly complicated. The law that should improve this is suddenly no longer being submitted, we read yesterday, even though 20 million in preparation costs have already been invested. Why is the government doing this? That is not entirely clear to me from the letter. Now make it easy for parents. If you do look for other financing, also look at the original plan, for example, namely paying for childcare directly by the government or opening up two days of free childcare to everyone. Not because it makes working easier for parents, but because it also allows you to combat segregation and division at an early stage.
Therefore two motions. The first.
The Chamber,
after hearing the deliberation,
noting that the government mainly views childcare as a labor market instrument;
believes that childcare should not primarily be a labor market problem, but also an instrument that can stimulate the development of children;
calls on the government, taking this opinion into account, to shape childcare policy more broadly than from the labor market perspective and, for example, to also take into account the development of the child, combating disadvantages and combating segregation,
and goes about the order of the day.
This motion was proposed by members Kwint and Westerveld. It appears to me that its submission is sufficiently supported.
She gets no.";0;0;0;0.0;0.0;0.0;Kwint|||Westerveld;person|||person;de leden Kwint en Westerveld|||de leden Kwint en Westerveld;neutral|||neutral;;;;;;;independent;The speech introduces a motion without direct reference to a preceding statement, focusing on proposing policy changes.;0.6;
"{'mentions': [{'name': 'Van der Linde', 'type': 'person', 'quote': 'de heer Van der Linde', 'mention_category': 'agreeing'}, {'name': 'Van Rooijen', 'type': 'person', 'quote': 'de heer Van Rooijen', 'mention_category': 'neutral'}], 'found_fallacy': [], 'summary': {'count': 0, 'average_confidence': 0.0, 'highest_confidence': 0.0, 'lowest_confidence': 0.0}, 'speech_relation': {'type': 'response', 'justification': ""The speaker begins with 'Ja, daar zou ik zo op komen,' indicating a direct reply to a prior statement."", 'confidence': 0.9}}";0;140;0;h-tk-20172018-43-3;De heer Van Weyenberg;D66;Ja, daar zou ik zo op komen, maar dat wil ik natuurlijk met liefde doen. Ik vind ook dat er een einde aan het beleid van de heer Draghi moet komen. Ik sluit mij wat dat betreft aan bij wat de heer Van der Linde daarover zei. Maar wat wij ook van de rente van de heer Draghi vinden, het is wel de realiteit. Dat is de kern. Ik ben zo voorzichtig. Weet u, tien jaar geleden zeiden mensen van de FNV, maar bijvoorbeeld ook van APG: the only way is up met die rente, verhogen maar, want dat gaat toch gebeuren. In de afgelopen jaren is de rente helaas alleen maar verder gedaald, maar als wij dat toen hadden gedaan, hadden wij heel veel geld herverdeeld. Uit de doorrekeningen, ook van het voorstel dat de heer Van Rooijen hier nu neerlegt — ik heb daar zo nog wel vragen over — blijkt dat gepensioneerden op de plus één staan en dat mensen die nog niet zijn gepensioneerd ongeveer op de min één staan. Daar kunt u voor kiezen, maar ik vind dat we daar dan wel eerlijk over moeten zijn: dat is herverdeling tussen generaties. Dat is niet de keuze die mijn fractie maakt.;2017-2018;24-1-2018;tk;handelingen;3 Aanpassing disconteringsvoet;https://zoek.officielebekendmakingen.nl/h-tk-20172018-43-3.html;https://zoek.officielebekendmakingen.nl/h-tk-20172018-43-3.xml;nr. 43, item 3;van van weyenberg;Yes, I would think of that in a moment, but of course I want to do that with love. I also believe that Mr Draghi's policy should come to an end. In that regard, I agree with what Mr Van der Linde said about this. But whatever we think of Mr Draghi's interest rate, it is reality. That's the gist. I'm so careful. You know, ten years ago people from the FNV, but also from APG, for example, said: the only way is up with that interest rate, just increase it, because that is going to happen anyway. Unfortunately, interest rates have only fallen further in recent years, but if we had done that then, we would have redistributed a lot of money. The calculations, including the proposal that Mr Van Rooijen is now submitting here - I still have questions about that - show that pensioners are at plus one and that people who have not yet retired are approximately at minus one. You can choose that, but I think we should be honest about it: that is redistribution between generations. That is not the choice my group makes.;0;0;0;0.0;0.0;0.0;Van der Linde|||Van Rooijen;person|||person;de heer Van der Linde|||de heer Van Rooijen;agreeing|||neutral;;;;;;;response;The speaker begins with 'Ja, daar zou ik zo op komen,' indicating a direct reply to a prior statement.;0.9;
"{'mentions': [{'name': 'Diertens', 'type': 'person', 'quote': 'mevrouw Diertens', 'mention_category': 'neutral'}], 'found_fallacy': [], 'summary': {'count': 0, 'average_confidence': 0.0, 'highest_confidence': 0.0, 'lowest_confidence': 0.0}, 'speech_relation': {'type': 'independent', 'justification': ""The speech does not directly reference or respond to a previous speaker's statement, instead introducing the topic of parliamentary questions and reports independently."", 'confidence': 0.8}}";0;141;0;h-tk-20172018-92-25;Mevrouw Van den Berg;CDA;Voorzitter. Het is een zeer belangrijk onderwerp. Samen met mevrouw Diertens hebben wij ook al vragen ingediend. Dus alle steun voor een brief, zodat hier ook opheldering over komt. Wij wachten, ook gezien de brief van gisteren, tot ook het rapport beschikbaar komt. Dus die feiten willen we graag hebben.;2017-2018;12-6-2018;tk;handelingen;25 Regeling van werkzaamheden;https://zoek.officielebekendmakingen.nl/h-tk-20172018-92-25.html;https://zoek.officielebekendmakingen.nl/h-tk-20172018-92-25.xml;nr. 92, item 25;van den van den berg;Chair. It is a very important topic. We have also submitted questions together with Mrs. Diertens. So all support for a letter, so that this can also be clarified. We are waiting, also in view of yesterday's letter, until the report also becomes available. So we would like to have those facts.;0;0;0;0.0;0.0;0.0;Diertens;person;mevrouw Diertens;neutral;;;;;;;independent;The speech does not directly reference or respond to a previous speaker's statement, instead introducing the topic of parliamentary questions and reports independently.;0.8;
"{'mentions': [], 'found_fallacy': [], 'summary': {'count': 0, 'average_confidence': 0.0, 'highest_confidence': 0.0, 'lowest_confidence': 0.0}, 'speech_relation': {'type': 'independent', 'justification': ""The speech does not explicitly reference or respond to the previous speaker's statements, instead presenting a standalone argument about depolitization of enforcement mechanisms."", 'confidence': 0.6}}";0;142;0;h-tk-20172018-50-3;Mevrouw Hennis-Plasschaert;VVD;Het zijn iets meer regels, maar dat geeft niet. Het zijn inderdaad een aantal basisregels waarmee in een klap helder wordt hoe we een aantal voorstellen zouden kunnen afwegen en beoordelen. Ik vraag vooral aan de minister om te reflecteren op hoe wij de prikkels voor betere naleving en handhaving kunnen verbeteren. Ik neig zelf steeds meer naar het depolitiseren van de handhaving en naleving omdat ik van mening ben dat dit kan bijdragen aan het vertrouwen tussen en in lidstaten. Het gaat niet alleen om het vertrouwen tussen de lidstaten, maar vooral ook om het vertrouwen van de Nederlanders en de Europeanen in de munt. Ik ben er daarom zeer op gebrand om daarvoor verschillende mogelijkheden te verkennen. Dat is de reden waarom ik de minister vraag daarop te reflecteren. Zelf ben ik dus voorstander van het vergaand depolitiseren van naleving en handhaving.;2017-2018;8-2-2018;tk;handelingen;3 Verdieping van de EMU;https://zoek.officielebekendmakingen.nl/h-tk-20172018-50-3.html;https://zoek.officielebekendmakingen.nl/h-tk-20172018-50-3.xml;nr. 50, item 3;hennis-plasschaert;There are a few more rules, but that doesn't matter. These are indeed a number of basic rules that instantly make it clear how we could weigh and assess a number of proposals. I especially ask the minister to reflect on how we can improve the incentives for better compliance and enforcement. I am increasingly leaning towards depoliticizing enforcement and compliance because I believe that this can contribute to trust between and within Member States. It is not only about trust between the member states, but especially about the trust of the Dutch and Europeans in the currency. I am therefore very keen to explore different options for this. That is why I ask the minister to reflect on this. Personally, I am in favor of the far-reaching depoliticization of compliance and enforcement.;0;0;0;0.0;0.0;0.0;;;;;;;;;;;independent;The speech does not explicitly reference or respond to the previous speaker's statements, instead presenting a standalone argument about depolitization of enforcement mechanisms.;0.6;
"{'mentions': [{'name': 'Agnes Mulder', 'type': 'person', 'quote': 'Deze motie is voorgesteld door de leden Agnes Mulder, Dik-Faber en Jetten.', 'mention_category': 'neutral'}, {'name': 'Dik-Faber', 'type': 'person', 'quote': 'Deze motie is voorgesteld door de leden Agnes Mulder, Dik-Faber en Jetten.', 'mention_category': 'neutral'}, {'name': 'Jetten', 'type': 'person', 'quote': 'Deze motie is voorgesteld door de leden Agnes Mulder, Dik-Faber en Jetten.', 'mention_category': 'neutral'}], 'found_fallacy': [], 'summary': {'count': 0, 'average_confidence': 0.0, 'highest_confidence': 0.0, 'lowest_confidence': 0.0}, 'speech_relation': {'type': 'independent', 'justification': ""The speech introduces a motion and its support without directly referencing a previous speaker's statement."", 'confidence': 0.8}}";0;143;0;h-tk-20172018-35-7;Mevrouw Agnes Mulder;CDA;"Ja, voorzitter, en er komt er ook een van mij bij. Daar begin ik maar direct mee en dan licht ik haar daarna even toe.
De Kamer,
gehoord de beraadslaging,
overwegende dat de regeling verlaagd tarief bij collectieve opwek erg complex blijft;
overwegende dat de energietransitie draagvlak nodig heeft en projecten van inwoners van onderop voor draagvlak zorgen voor de transitie naar een duurzame energievoorziening;
overwegende dat een vergoeding voor het leveren van duurzame, collectief opgewekte energie eenvoudiger kan dan een fiscale prikkel;
verzoekt de regering een aparte regeling voor energiecoöperaties zon-PV op te nemen in de SDE+-regeling, zoals er aparte regelingen zijn voor wind-op-zee-projecten en biomestvergisters,
en gaat over tot de orde van de dag.
Deze motie is voorgesteld door de leden Agnes Mulder, Dik-Faber en Jetten. Naar mij blijkt, wordt de indiening ervan voldoende ondersteund.
Zij krijgt nr.";2017-2018;14-12-2017;tk;handelingen;7 Begroting EZK/LNV 2018 (deel Economie en Klimaat);https://zoek.officielebekendmakingen.nl/h-tk-20172018-35-7.html;https://zoek.officielebekendmakingen.nl/h-tk-20172018-35-7.xml;nr. 35, item 7;agnes mulder;"Yes, Chairman, and there will also be one from me. I'll start with that right away and then I'll explain it briefly afterwards.
The Chamber,
after hearing the deliberation,
whereas the reduced rate scheme for collective generation remains very complex;
whereas the energy transition needs support and projects from residents at the bottom provide support for the transition to a sustainable energy supply;
whereas compensation for the supply of sustainable, collectively generated energy can be simpler than a tax incentive;
calls on the government to include a separate scheme for solar PV energy cooperatives in the SDE+ scheme, just as there are separate schemes for offshore wind projects and biomanure digesters,
and goes about the order of the day.
This motion was proposed by members Agnes Mulder, Dik-Faber and Jetten. It appears to me that its submission is sufficiently supported.
She gets no.";0;0;0;0.0;0.0;0.0;Agnes Mulder|||Dik-Faber|||Jetten;person|||person|||person;Deze motie is voorgesteld door de leden Agnes Mulder, Dik-Faber en Jetten.|||Deze motie is voorgesteld door de leden Agnes Mulder, Dik-Faber en Jetten.|||Deze motie is voorgesteld door de leden Agnes Mulder, Dik-Faber en Jetten.;neutral|||neutral|||neutral;;;;;;;independent;The speech introduces a motion and its support without directly referencing a previous speaker's statement.;0.8;
"{'mentions': [], 'found_fallacy': [], 'summary': {'count': 0, 'average_confidence': 0.0, 'highest_confidence': 0.0, 'lowest_confidence': 0.0}, 'speech_relation': {'type': 'independent', 'justification': ""No explicit reference to a previous speaker's statement or direct interaction with prior remarks."", 'confidence': 0.8}}";0;144;0;h-tk-20172018-102-6;Mevrouw Leijten;SP;Met vier coalitiepartijen vind ik dat echt veel te weinig.;2017-2018;4-7-2018;tk;handelingen;6 Voorjaarsnota 2018;https://zoek.officielebekendmakingen.nl/h-tk-20172018-102-6.html;https://zoek.officielebekendmakingen.nl/h-tk-20172018-102-6.xml;nr. 102, item 6;leijten;With four coalition parties, I think that is far too little.;0;0;0;0.0;0.0;0.0;;;;;;;;;;;independent;No explicit reference to a previous speaker's statement or direct interaction with prior remarks.;0.8;
"{'mentions': [], 'found_fallacy': [], 'summary': {'count': 0, 'average_confidence': 0.0, 'highest_confidence': 0.0, 'lowest_confidence': 0.0}, 'speech_relation': {'type': 'response', 'justification': ""The speech directly addresses a previous argument about reducing vetoes by challenging the speaker's position on fiscal veto inclusion."", 'confidence': 0.9}}";0;145;0;h-tk-20172018-56-6-n1;De heer Van Rooijen;50PLUS;Er is maar één fiscaal veto. Bij alle fiscale zaken in Europa kan ieder land, ook Nederland, een veto geven. Waarschijnlijk is dat het laatste veto dat zou sneuvelen. U zegt dat er minder veto's moeten komen, maar sluit u uit dat daar het fiscale veto bij in het geding kan komen?;2017-2018;22-2-2018;tk;handelingen;6 Informele Europese top;https://zoek.officielebekendmakingen.nl/h-tk-20172018-56-6-n1.html;https://zoek.officielebekendmakingen.nl/h-tk-20172018-56-6-n1.xml;nr. 56, item 6;van van rooijen;There is only one fiscal veto. Any country, including the Netherlands, can veto all tax matters in Europe. That is probably the last veto that would fall. You say that there should be fewer vetoes, but do you rule out that the tax veto could be at stake?;0;0;0;0.0;0.0;0.0;;;;;;;;;;;response;The speech directly addresses a previous argument about reducing vetoes by challenging the speaker's position on fiscal veto inclusion.;0.9;
"{'mentions': [{'name': 'GroenLinks', 'type': 'party', 'quote': 'Of de GroenLinksfractie dacht: de heer Geurts gaat dit en dit zeggen.', 'mention_category': 'neutral'}, {'name': 'Geurts', 'type': 'person', 'quote': 'Of de GroenLinksfractie dacht: de heer Geurts gaat dit en dit zeggen.', 'mention_category': 'neutral'}, {'name': 'de minister', 'type': 'person', 'quote': 'Ik heb alle vertrouwen in de minister.', 'mention_category': 'neutral'}], 'found_fallacy': [], 'summary': {'count': 0, 'average_confidence': 0.0, 'highest_confidence': 0.0, 'lowest_confidence': 0.0}, 'speech_relation': {'type': 'independent', 'justification': ""The speech segment does not explicitly reference or respond to the previous speaker's statements."", 'confidence': 0.8}}";0;146;0;h-tk-20172018-62-4;De heer Geurts;CDA;Ik ben blijkbaar veel te duidelijk voor GroenLinks. Of de GroenLinksfractie dacht: de heer Geurts gaat dit en dit zeggen. Ik heb alle vertrouwen in de minister. Als u dat antwoord wilt horen: ik heb alle vertrouwen in de minister.;2017-2018;15-3-2018;tk;handelingen;4 Fraude bij de registratie van rundvee;https://zoek.officielebekendmakingen.nl/h-tk-20172018-62-4.html;https://zoek.officielebekendmakingen.nl/h-tk-20172018-62-4.xml;nr. 62, item 4;geurts;Apparently I am far too clear for GroenLinks. Or the GroenLinks faction thought: Mr Geurts is going to say this and this. I have every confidence in the minister. If you want to hear that answer: I have every confidence in the minister.;1;0;0;0.0;0.0;0.0;GroenLinks|||Geurts|||de minister;party|||person|||person;Of de GroenLinksfractie dacht: de heer Geurts gaat dit en dit zeggen.|||Of de GroenLinksfractie dacht: de heer Geurts gaat dit en dit zeggen.|||Ik heb alle vertrouwen in de minister.;neutral|||neutral|||neutral;;;;;;;independent;The speech segment does not explicitly reference or respond to the previous speaker's statements.;0.8;
{'mentions': [{'name': 'staatssecretaris', 'type': 'person', 'quote': 'De staatssecretaris zou kunnen overwegen', 'mention_category': 'neutral'}], 'found_fallacy': [], 'summary': {'count': 0, 'average_confidence': 0.0, 'highest_confidence': 0.0, 'lowest_confidence': 0.0}, 'speech_relation': {'type': 'independent', 'justification': 'The speech introduces a proposal about budget allocation without directly addressing prior statements.', 'confidence': 0.8}};0;147;0;h-tk-20172018-97-7;De heer Nijboer;PvdA;De Belastingdienst heeft eigenlijk geld over, daarom is het geld geen probleem. Want de Investeringsagenda loopt achter op schema. De staatssecretaris zou kunnen overwegen om een deel van die middelen — het gaat echt om honderden miljoenen die nog niet geïnvesteerd zijn — te gebruiken om minder mensen te laten uitstromen. Dus als ik het nou als volgt invul, want het budget is er en dat is dus geen probleem. Is dat niet een route die we zouden kunnen bewandelen, om te voorkomen dat mensen onnodig worden ontslagen? Ik voel dat de staatssecretaris ook eigenlijk vindt dat dit steun verdient.;2017-2018;21-6-2018;tk;handelingen;7 Problemen bij innen belastingen;https://zoek.officielebekendmakingen.nl/h-tk-20172018-97-7.html;https://zoek.officielebekendmakingen.nl/h-tk-20172018-97-7.xml;nr. 97, item 7;nijboer;The tax authorities actually have money left over, so money is not a problem. Because the Investment Agenda is behind schedule. The State Secretary could consider using some of those resources - it really concerns hundreds of millions that have not yet been invested - to allow fewer people to leave. So if I fill it in as follows, because the budget is there and that is no problem. Isn't that a route we could take, to prevent people from being fired unnecessarily? I feel that the State Secretary actually believes that this deserves support.;0;0;0;0.0;0.0;0.0;staatssecretaris;person;De staatssecretaris zou kunnen overwegen;neutral;;;;;;;independent;The speech introduces a proposal about budget allocation without directly addressing prior statements.;0.8;
"{'mentions': [{'name': 'VVD', 'type': 'party', 'quote': 'als fractievoorzitter van de VVD', 'mention_category': 'neutral'}], 'found_fallacy': [], 'summary': {'count': 0, 'average_confidence': 0.0, 'highest_confidence': 0.0, 'lowest_confidence': 0.0}, 'speech_relation': {'type': 'response', 'justification': ""The statement acknowledges a previous speaker's 'rolverwarring' (role confusion) and directly addresses the fractievoorzitter, indicating a direct reply to prior remarks."", 'confidence': 0.95}}";0;148;0;h-tk-20172018-12-3;De heer Klaver;GroenLinks;Ik snap de rolverwarring, maar u staat daar als fractievoorzitter, en dat is ook hoe ik ernaar vraag. Zou u als fractievoorzitter van de VVD zo'n verzoek kunnen steunen?;2017-2018;12-10-2017;tk;handelingen;3 Eindverslag van de informateur;https://zoek.officielebekendmakingen.nl/h-tk-20172018-12-3.html;https://zoek.officielebekendmakingen.nl/h-tk-20172018-12-3.xml;nr. 12, item 3;klaver;I understand the role confusion, but you are standing there as party leader, and that is also how I ask about it. As leader of the VVD, could you support such a request?;0;0;0;0.0;0.0;0.0;VVD;party;als fractievoorzitter van de VVD;neutral;;;;;;;response;The statement acknowledges a previous speaker's 'rolverwarring' (role confusion) and directly addresses the fractievoorzitter, indicating a direct reply to prior remarks.;0.95;
"{'mentions': [{'name': 'Karabulut', 'type': 'person', 'quote': 'Wat betreft de openheid die door Karabulut hier naar voren wordt gebracht', 'mention_category': 'disagreeing'}], 'found_fallacy': [{'quote': 'ik bepleitte al maximale openheid nog voordat zij woordvoerder werd', 'explanation': ""The speaker undermines Karabulut's credibility by referencing their prior role, implying their current stance lacks authenticity."", 'confidence': 0.5, 'local_topic': 'openheid (openness)', 'target': 'Karabulut', 'explicitness': 'explicit'}], 'summary': {'count': 1, 'average_confidence': 0.5, 'highest_confidence': 0.5, 'lowest_confidence': 0.5}, 'speech_relation': {'type': 'response', 'justification': ""The speech directly addresses Karabulut's statement about openness, responding to their specific claim."", 'confidence': 0.9}}";0;149;0;h-tk-20172018-37-10;De heer Ten Broeke;VVD;Wat betreft de openheid die door Karabulut hier naar voren wordt gebracht: ik bepleitte al maximale openheid nog voordat zij woordvoerder werd. Daardoor voel ik me dus niet aangesproken. We sturen vanavond geen coalitie weg, we sturen Nederlandse F-16-vliegers weg. Nederlandse F-16-vliegers, zo hebben wij in al die debatten, al die onderdelen van de debatten, kunnen leren, doen dit heel zorgvuldig. Ik had de hoop dat die conclusie in ieder geval vanavond ook door u getrokken zou kunnen worden. Als u die conclusie trekt, maakt u een verschil tussen het coalitieoptreden en het Nederlandse optreden, want het Nederlandse staat er borg voor dat de grootste mate van zorgvuldigheid wordt betracht. Ik vind het jammer dat u dat niet kunt erkennen.;2017-2018;20-12-2017;tk;handelingen;10 Verlenging Nederlandse bijdrage strijd tegen ISIS;https://zoek.officielebekendmakingen.nl/h-tk-20172018-37-10.html;https://zoek.officielebekendmakingen.nl/h-tk-20172018-37-10.xml;nr. 37, item 10;ten broeke;As for the openness expressed here by Karabulut: I was already advocating maximum openness before she became spokesperson. That's why I don't feel addressed. We are not sending away a coalition tonight, we are sending away Dutch F-16 pilots. Dutch F-16 pilots, as we have learned in all those debates, all those parts of the debates, do this very carefully. I hoped that you could also draw that conclusion this evening, at least. If you draw that conclusion, you make a difference between coalition action and Dutch action, because the Dutch guarantee that the greatest degree of care is exercised. I'm sorry you can't acknowledge that.;0;1;1;0.5;0.5;0.5;Karabulut;person;Wat betreft de openheid die door Karabulut hier naar voren wordt gebracht;disagreeing;ik bepleitte al maximale openheid nog voordat zij woordvoerder werd;The speaker undermines Karabulut's credibility by referencing their prior role, implying their current stance lacks authenticity.;openheid (openness);Karabulut;explicit;0.5;response;The speech directly addresses Karabulut's statement about openness, responding to their specific claim.;0.9;
{'mentions': [], 'found_fallacy': [], 'summary': {'count': 0, 'average_confidence': 0.0, 'highest_confidence': 0.0, 'lowest_confidence': 0.0}, 'speech_relation': {'type': 'independent', 'justification': 'The speech focuses on procedural deadlines and general policy discussion without direct reference to previous statements or specific opponents.', 'confidence': 0.95}};0;150;0;h-tk-20172018-93-9;Minister Bruins;VVD;Jawel. Er gaat wel gehandhaafd worden. Nogmaals, ik denk dat het niet zover komt, want als 1 juli 2 juli wordt is er geen man overboord. Maar mochten partijen zich niet kunnen vinden in dat addendum, dan ben ik niet voornemens om de inspectie de handen op de rug te binden per 1 juli. De IC-richtlijn is al twee jaar geleden afgesproken. Dus het moet wel een keer beginnen.;2017-2018;13-6-2018;tk;handelingen;9 Positie van regionale ziekenhuizen;https://zoek.officielebekendmakingen.nl/h-tk-20172018-93-9.html;https://zoek.officielebekendmakingen.nl/h-tk-20172018-93-9.xml;nr. 93, item 9;bruins;Yes. It will be enforced. Again, I don't think it will come to that, because if July 1 becomes July 2, no one will be left over. But if the parties do not agree with that addendum, then I do not intend to tie the inspectorate's hands behind its back as of July 1. The IC guideline was agreed two years ago. So it has to start at some point.;0;0;0;0.0;0.0;0.0;;;;;;;;;;;independent;The speech focuses on procedural deadlines and general policy discussion without direct reference to previous statements or specific opponents.;0.95;
"{'mentions': [], 'found_fallacy': [], 'summary': {'count': 0, 'average_confidence': 0.0, 'highest_confidence': 0.0, 'lowest_confidence': 0.0}, 'speech_relation': {'type': 'independent', 'justification': ""The speech begins with 'Misschien ter toelichting' (Perhaps as an explanation), indicating the speaker is introducing a point rather than directly responding to the previous speaker."", 'confidence': 0.8}}";0;151;0;h-tk-20172018-104-8;De heer Omtzigt;CDA;Misschien ter toelichting, het is een heel principieel punt. We hebben ook bij de erf- en schenkbelasting gehad dat we de stukken niet hadden en twee weken later hoorden dat er stukken waren.;2017-2018;4-9-2018;tk;handelingen;8 Regeling van werkzaamheden;https://zoek.officielebekendmakingen.nl/h-tk-20172018-104-8.html;https://zoek.officielebekendmakingen.nl/h-tk-20172018-104-8.xml;nr. 104, item 8;omtzigt;Perhaps by way of explanation, it is a very principled point. We also had the inheritance and gift tax claim that we did not have the documents and two weeks later we heard that there were documents.;0;0;0;0.0;0.0;0.0;;;;;;;;;;;independent;The speech begins with 'Misschien ter toelichting' (Perhaps as an explanation), indicating the speaker is introducing a point rather than directly responding to the previous speaker.;0.8;
"{'mentions': [{'name': 'Geert Wilders', 'type': 'person', 'quote': 'de heer Geert Wilders', 'mention_category': 'agreeing'}, {'name': 'Markuszower', 'type': 'person', 'quote': 'de leden Markuszower en Wilders', 'mention_category': 'agreeing'}], 'found_fallacy': [], 'summary': {'count': 0, 'average_confidence': 0.0, 'highest_confidence': 0.0, 'lowest_confidence': 0.0}, 'speech_relation': {'type': 'independent', 'justification': ""The speech introduces a new motion and does not directly respond to the previous speaker's remarks."", 'confidence': 0.95}}";0;152;0;h-tk-20172018-99-10;De heer Markuszower;PVV;"Dank u wel, voorzitter. Het is op zich een treurige conclusie van dit debat. Een levensgevaarlijke imam bedreigt vele Nederlanders, onder wie de burgemeester van Rotterdam, en hij roept al jarenlang, ook onlangs, op tot geweld waar meerdere mensen, dus niet één persoon, het slachtoffer van kunnen worden en misschien al zijn. Maar wat doet deze minister? Hij pakt niet de imam aan, maar opent frontaal de aanval op de vrijheid van meningsuiting. De minister zou natuurlijk gewoon alsnog het OM kunnen en moeten instrueren om deze gevaarlijke imam, Fawaz Jneid, te vervolgen wegens het openlijk oproepen tot geweld. Daarom dien ik samen met de heer Geert Wilders de volgende motie in.
De Kamer,
gehoord de beraadslaging,
constaterende dat in DTN 47 van maart 2018 staat dat imam Fawaz Jneid de Rotterdamse burgemeester Aboutaleb als afvallige moslim heeft gekwalificeerd,
overwegende dat op afvalligheid in de islam de doodstraf staat;
constaterende dat imam Fawaz Jneid door het tot afvallige verklaren van burgemeester Aboutaleb de facto oproept hem te vermoorden en dus aanzet tot geweld;
constaterende dat het aanzetten tot geweld strafbaar is en vervolgd dient te worden;
verzoekt de minister van Justitie en Veiligheid het Openbaar Ministerie een aanwijzing te geven om tot vervolging van imam Fawaz Jneid over te gaan,
en gaat over tot de orde van de dag.
Deze motie is voorgesteld door de leden Markuszower en Wilders. Naar mij blijkt, wordt de indiening ervan voldoende ondersteund.
Zij krijgt nr.";2017-2018;27-6-2018;tk;handelingen;10 Maatregelen tegen haatimam die burgemeester Rotterdam bedreigt;https://zoek.officielebekendmakingen.nl/h-tk-20172018-99-10.html;https://zoek.officielebekendmakingen.nl/h-tk-20172018-99-10.xml;nr. 99, item 10;markuszower;"Thank you, Chairman. It is in itself a sad conclusion to this debate. A life-threatening imam threatens many Dutch people, including the mayor of Rotterdam, and he has been calling for violence for years, including recently, of which several people, not just one person, could and perhaps already are. But what does this minister do? He does not attack the imam, but opens the attack on freedom of expression head-on. The minister could of course still instruct the Public Prosecution Service to prosecute this dangerous imam, Fawaz Jneid, for openly calling for violence. That is why I am submitting the following motion together with Mr Geert Wilders.
The Chamber,
after hearing the deliberation,
noting that DTN 47 of March 2018 states that Imam Fawaz Jneid has qualified Rotterdam mayor Aboutaleb as an apostate Muslim,
whereas apostasy is punishable by death in Islam;
noting that by declaring Mayor Aboutaleb an apostate, Imam Fawaz Jneid is de facto calling for his murder and thus inciting violence;
noting that incitement to violence is punishable and must be prosecuted;
requests the Minister of Justice and Security to instruct the Public Prosecution Service to prosecute Imam Fawaz Jneid,
and goes about the order of the day.
This motion was proposed by members Markuszower and Wilders. It appears to me that its submission is sufficiently supported.
She gets no.";0;0;0;0.0;0.0;0.0;Geert Wilders|||Markuszower;person|||person;de heer Geert Wilders|||de leden Markuszower en Wilders;agreeing|||agreeing;;;;;;;independent;The speech introduces a new motion and does not directly respond to the previous speaker's remarks.;0.95;
"{'mentions': [{'name': 'D66', 'type': 'party', 'quote': 'Voor D66 is het hebben van minder dieren niet per se de oplossing waarmee je begint.', 'mention_category': 'neutral'}], 'found_fallacy': [], 'summary': {'count': 0, 'average_confidence': 0.0, 'highest_confidence': 0.0, 'lowest_confidence': 0.0}, 'speech_relation': {'type': 'independent', 'justification': ""The speech does not directly reference or respond to a previous speaker's statement, instead presenting an independent argument about dairy farming and sustainability."", 'confidence': 1.0}}";0;153;0;h-tk-20172018-3-12;De heer De Groot;D66;Je moet het hele plaatje bekijken. Je kunt niet heel snel naar minder dieren toeredeneren. Het kan natuurlijk zo zijn dat je uiteindelijk uitkomt op een verdienmodel waarin je met minder productie meer kunt gaan verdienen. Ik zal een voorbeeld geven. Als je de hele melkveehouderij in Nederland — het gaat dan om ongeveer 14 miljard kilo melk — alleen op gras en restproducten uit de levensmiddelenindustrie zet, dan heb je ongeveer 3 miljard kilo minder melk. Dat betekent niet automatisch minder dieren. Want stel dat die 3 miljard kilo minder melk nu net de hoeveelheid is die in slechte jaren op de wereldmarkt moet worden afgezet met verlies, met als gevolg dat de gemiddelde prijs voor boeren dan weer lager is. Daarover gaat het natuurlijk. Je moet naar het hele verdienmodel kijken. Je moet ook kijken naar de vraag of je met dat voerspoor aan duurzamer voer kan komen en of je dan inderdaad minder granen kan gaan voeren. Dus ja, het kan zijn dat je minder dieren gaat hebben, maar dat hoeft niet. Wel gaat je footprint omlaag en daar is het uiteindelijk om te doen. Voor D66 is het hebben van minder dieren niet per se de oplossing waarmee je begint.;2017-2018;21-9-2017;tk;handelingen;12 Nederlandse veestapel en de doelstellingen van het klimaatakkoord;https://zoek.officielebekendmakingen.nl/h-tk-20172018-3-12.html;https://zoek.officielebekendmakingen.nl/h-tk-20172018-3-12.xml;nr. 3, item 12;de de groot;You have to look at the whole picture. You cannot quickly rationalize towards fewer animals. It may of course be the case that you ultimately end up with a revenue model in which you can earn more with less production. I'll give an example. If you put the entire dairy farming industry in the Netherlands - which amounts to approximately 14 billion kilos of milk - solely on grass and residual products from the food industry, you would have approximately 3 billion kilos less milk. That does not automatically mean fewer animals. Because suppose that 3 billion kilos less milk is precisely the amount that has to be sold on the world market at a loss in bad years, with the result that the average price for farmers is lower. That's what it's about, of course. You have to look at the entire revenue model. You also have to look at the question of whether you can get more sustainable feed with that feed track and whether you can indeed feed less grains. So yes, you may have fewer animals, but that is not necessary. Your footprint will decrease and that is ultimately what it is all about. For D66, having fewer animals is not necessarily the solution you start with.;0;0;0;0.0;0.0;0.0;D66;party;Voor D66 is het hebben van minder dieren niet per se de oplossing waarmee je begint.;neutral;;;;;;;independent;The speech does not directly reference or respond to a previous speaker's statement, instead presenting an independent argument about dairy farming and sustainability.;1.0;
{'mentions': [{'name': 'Van Weyenberg', 'type': 'person', 'quote': 'de heer Van Weyenberg zegt dat hij een concreet, stevig actieplan wil', 'mention_category': 'neutral'}, {'name': 'Özütok', 'type': 'person', 'quote': 'mevrouw Özütok zei dat het ergste hieraan behalve de vraag zelf vooral het feit is dat mensen zeiden: het mag niet, maar ik zal u toch helpen', 'mention_category': 'neutral'}], 'found_fallacy': [], 'summary': {'count': 0, 'average_confidence': 0.0, 'highest_confidence': 0.0, 'lowest_confidence': 0.0}, 'speech_relation': {'type': 'response', 'justification': 'The speech directly references previous speakers (Van Weyenberg and Özütok) and addresses their arguments about the action plan and institutional responses.', 'confidence': 0.95}};0;154;0;h-tk-20172018-83-26;Staatssecretaris Van Ark;VVD;Voorzitter, misschien toch even over dat actieplan. Ik heb heel duidelijk opgeschreven: de heer Van Weyenberg zegt dat hij een concreet, stevig actieplan wil en dat de acties natuurlijk nog wel uitgewerkt moeten worden, maar dat zijn verwachtingen hooggespannen zijn. Ik kan in ieder geval aangeven dat ik die boodschap luid en duidelijk heb gehoord. Wat betreft zijn specifieke vraag deel ik wat mevrouw Özütok zei. Zij zei dat het ergste hieraan behalve de vraag zelf vooral het feit is dat mensen zeiden: het mag niet, maar ik zal u toch helpen. Dat maakt dat we hier echt met een diepgeworteld issue te maken hebben. Hoe kan de inspectie dan beter op de hoogte zijn? Wat mij betreft door samen te werken met de branche. Dat is ook door mensen te wijzen op de mogelijkheid die ze hebben om de inspectie te benaderen. Dat kan natuurlijk via een vakbond of een ondernemingsraad — dan moet de inspectie ook aan de slag met signalen — maar het is voor eenieder mogelijk om bij de inspectie aan te kaarten dat er een misstand vermoed wordt. Dan zal de inspectie ook naar bevind van zaken handelen.;2017-2018;22-5-2018;tk;handelingen;26 Discriminatie bij uitzendbureaus;https://zoek.officielebekendmakingen.nl/h-tk-20172018-83-26.html;https://zoek.officielebekendmakingen.nl/h-tk-20172018-83-26.xml;nr. 83, item 26;van van ark;Mr President, perhaps let's talk about that action plan. I have written down very clearly: Mr Van Weyenberg says that he wants a concrete, solid action plan and that the actions of course still have to be developed, but that his expectations are high. In any case, I can say that I heard that message loud and clear. Regarding his specific question, I share what Mrs Özütok said. She said that the worst thing about this, besides the question itself, is the fact that people said: it's not allowed, but I will help you anyway. That means that we are really dealing with a deep-rooted issue here. How can the inspectorate be better informed? As far as I'm concerned, by working together with the industry. This is also by pointing out to people the option they have to approach the inspection. This can of course be done through a trade union or a works council - then the inspectorate must also work on signals - but it is possible for anyone to report to the inspectorate that an abuse is suspected. The inspectorate will then also act according to the findings.;0;0;0;0.0;0.0;0.0;Van Weyenberg|||Özütok;person|||person;de heer Van Weyenberg zegt dat hij een concreet, stevig actieplan wil|||mevrouw Özütok zei dat het ergste hieraan behalve de vraag zelf vooral het feit is dat mensen zeiden: het mag niet, maar ik zal u toch helpen;neutral|||neutral;;;;;;;response;The speech directly references previous speakers (Van Weyenberg and Özütok) and addresses their arguments about the action plan and institutional responses.;0.95;
{'mentions': [{'name': 'VVD', 'type': 'party', 'quote': 'De VVD en D66 komt er een strengere aanpak', 'mention_category': 'agreeing'}, {'name': 'D66', 'type': 'party', 'quote': 'De VVD en D66 komt er een strengere aanpak', 'mention_category': 'agreeing'}, {'name': 'SP', 'type': 'party', 'quote': 'de VVD vandaag samen met de SP voor om die winsten gewoon af te pakken', 'mention_category': 'agreeing'}, {'name': 'minister', 'type': 'person', 'quote': 'Kan de minister aangeven hoe vaak gemeenten deze instrumenten gebruiken?', 'mention_category': 'neutral'}], 'found_fallacy': [], 'summary': {'count': 0, 'average_confidence': 0.0, 'highest_confidence': 0.0, 'lowest_confidence': 0.0}, 'speech_relation': {'type': 'response', 'justification': 'The speech directly addresses the minister with specific questions about policy implementation, indicating a response to the ongoing debate on rental housing regulations.', 'confidence': 0.95}};0;155;0;h-tk-20172018-66-13;De heer Koerhuis;VVD;"Voorzitter. Een goede en betrouwbare huurruimte is ook voor studenten belangrijk. Het grootste deel van huurders en verhuurders gaat gewoon goed met elkaar om, maar zodra verhuurders huurders intimideren of discrimineren, vervallen panden bewust niet herstellen of zich op een andere manier niet aan de regels houden, vindt de VVD dat dat keihard aangepakt moet worden.
We hebben er de afgelopen jaren voor gezorgd dat gemeenten meer instrumenten hebben gekregen om malafide pandeigenaren aan te pakken. Zo kunnen gemeenten boetes geven, panden sluiten en panden overnemen. Het is ook mogelijk om een beroepsverbod op te leggen. Kan de minister aangeven hoe vaak gemeenten deze instrumenten gebruiken? Uit een rapport van afgelopen najaar blijkt dat gemeenten landelijk in 2015 en 2016 maar twintig boetes hebben uitgedeeld. Gemeenten hebben één pand overgenomen en het is niet bekend of gemeenten überhaupt een beroepsverbod hebben aangevraagd. Is dit laatste wel bekend bij de minister? Waarom worden de instrumenten die gemeenten hebben niet of nauwelijks gebruikt? Graag een reactie van de minister hierop. Wat gaat zij hieraan doen?
Ik krijg signalen dat boetes door foute verhuurders soms ingecalculeerd worden, zodat je niet aan de regels houden alsnog loont. Dankzij de VVD en D66 komt er een strengere aanpak. Hiermee gaan verhuurders die vaker de fout in gaan, bij de Huurcommissie eerder, langer en meer betalen. Welke andere instrumenten ziet de minister nog om foute verhuurders aan te pakken, zoals snelrecht, hogere boetes en eventueel economische delicten? Graag een reactie van de minister op deze drie voorstellen.
Als je nu een sociale huurwoning van een paar honderd euro in Amsterdam of Utrecht illegaal onderverhuurt in bijvoorbeeld vier kamers, dan kun je daar zo €2.000 voor krijgen, terwijl de maximale boete nu nog maar €20.000 bedraagt. Daarom stelt de VVD vandaag samen met de SP voor om die winsten gewoon af te pakken. Dat kan als we hier een economisch delict van gaan maken.
Voorzitter. Dan iets waar we het hier in de Kamer al vaak over gehad hebben. Er zijn verhuurmakelaars en websites die soms ten onrechte bemiddelingskosten in rekening brengen bij huurders. Daar is ook een Kamerbrede motie over aangenomen, ingediend door mijn collega Kops. Het is dus duidelijk dat dat niet mag, maar toch krijg ik steeds maar weer signalen dat verhuurmakelaars nog altijd bemiddelingskosten in rekening brengen bij huurders. Er zijn nu online standaardsommatiebrieven en -dagvaardingen te vinden, waarmee je het bedrag kan terugvorderen. Waarom gebeurt dit niet genoeg? Wat voor drempels ervaren studenten hier? Graag een uitgebreide reactie van de minister hierop.";2017-2018;28-3-2018;tk;handelingen;13 Brandbrief over huisjesmelkers;https://zoek.officielebekendmakingen.nl/h-tk-20172018-66-13.html;https://zoek.officielebekendmakingen.nl/h-tk-20172018-66-13.xml;nr. 66, item 13;koerhuis;"Chair. Good and reliable rental space is also important for students. The majority of tenants and landlords get along well with each other, but as soon as landlords intimidate or discriminate against tenants, consciously do not repair dilapidated buildings or otherwise do not comply with the rules, the VVD believes that this must be tackled head on.
In recent years, we have ensured that municipalities have more tools to tackle rogue property owners. For example, municipalities can issue fines, close buildings and take over properties. It is also possible to impose a professional ban. Can the minister indicate how often municipalities use these instruments? A report from last autumn shows that municipalities issued only twenty fines nationally in 2015 and 2016. Municipalities have taken over one building and it is not known whether municipalities have applied for a professional ban at all. Is the latter known to the minister? Why are the instruments that municipalities have not or hardly used? I would like a response from the minister on this. What is she going to do about this?
I receive signals that fines are sometimes charged by bad landlords, so that not adhering to the rules still pays off. Thanks to the VVD and D66, a stricter approach is being taken. This means that landlords who make mistakes more often will pay the Rent Assessment Board earlier, longer and more. What other instruments does the minister see to tackle bad landlords, such as summary justice, higher fines and possibly economic crimes? I would like a response from the minister on these three proposals.
If you now illegally sublet a social rental home worth a few hundred euros in Amsterdam or Utrecht into, for example, four rooms, you can get €2,000 for it, while the maximum fine is now only €20,000. That is why the VVD and the SP are today proposing to simply take away those profits. That is possible if we turn this into an economic crime.
Chair. Then something that we have often discussed here in the House. There are rental agents and websites that sometimes incorrectly charge tenants for mediation costs. A House-wide motion was also adopted about this, submitted by my colleague Kops. So it is clear that this is not allowed, but I keep receiving signals that rental agents still charge agency fees to tenants. Standard demand letters and summons can now be found online, with which you can reclaim the amount. Why doesn't this happen enough? What kind of barriers do students experience here? I would like a detailed response from the minister on this.";0;0;0;0.0;0.0;0.0;VVD|||D66|||SP|||minister;party|||party|||party|||person;De VVD en D66 komt er een strengere aanpak|||De VVD en D66 komt er een strengere aanpak|||de VVD vandaag samen met de SP voor om die winsten gewoon af te pakken|||Kan de minister aangeven hoe vaak gemeenten deze instrumenten gebruiken?;agreeing|||agreeing|||agreeing|||neutral;;;;;;;response;The speech directly addresses the minister with specific questions about policy implementation, indicating a response to the ongoing debate on rental housing regulations.;0.95;
{'mentions': [], 'found_fallacy': [], 'summary': {'count': 0, 'average_confidence': 0.0, 'highest_confidence': 0.0, 'lowest_confidence': 0.0}, 'speech_relation': {'type': 'independent', 'justification': 'The statement appears to be a standalone declaration without direct reference to previous speaker arguments or specific contextual triggers.', 'confidence': 0.8}};0;156;0;h-tk-20182019-99-12;Mevrouw Van den Hul;PvdA;Datzelfde geldt voor ons. Van harte steun.;2018-2019;27-6-2019;tk;handelingen;12 Regeling van werkzaamheden;https://zoek.officielebekendmakingen.nl/h-tk-20182019-99-12.html;https://zoek.officielebekendmakingen.nl/h-tk-20182019-99-12.xml;nr. 99, item 12;van den van den hul;The same applies to us. Wholehearted support.;0;0;0;0.0;0.0;0.0;;;;;;;;;;;independent;The statement appears to be a standalone declaration without direct reference to previous speaker arguments or specific contextual triggers.;0.8;
"{'mentions': [{'name': 'de minister', 'type': 'person', 'quote': 'De minister zei: ik ga in mijn laatste blokje vooruitkijken; dan ga ik zeggen wat we dan wél gaan doen.', 'mention_category': 'neutral'}], 'found_fallacy': [], 'summary': {'count': 0, 'average_confidence': 0.0, 'highest_confidence': 0.0, 'lowest_confidence': 0.0}, 'speech_relation': {'type': 'independent', 'justification': ""The speech begins with an introduction of the minister's statement without explicit reference to a prior speaker's content."", 'confidence': 0.3}}";0;157;0;h-tk-20182019-7-26;De heer Van Ojik;GroenLinks;"De minister zei: ik ga in mijn laatste blokje vooruitkijken; dan ga ik zeggen wat we dan wél gaan doen. Ik hoor nu alleen maar dat we niets meer gaan doen en dat we in de toekomst beter gaan selecteren en beter gaan monitoren. Dat is allemaal belangrijk. Dat vind ik ook belangrijk, maar mijn vraag is: wat gaan we doen om organisaties die nog steeds aan de goede kant staan in Syrië, niet in de steek te laten?";2018-2019;2-10-2018;tk;handelingen;26 Nederlandse steun aan de gewapende oppositie in Syrië;https://zoek.officielebekendmakingen.nl/h-tk-20182019-7-26.html;https://zoek.officielebekendmakingen.nl/h-tk-20182019-7-26.xml;nr. 7, item 26;van van ojik;"The minister said: I am going to look ahead in my last block; then I will tell you what we are going to do. All I hear now is that we are not going to do anything anymore and that we will select better and monitor better in the future. That's all important. I think that is important too, but my question is: what are we going to do so that we do not abandon organizations that are still on the right side in Syria?";0;0;0;0.0;0.0;0.0;de minister;person;"De minister zei: ik ga in mijn laatste blokje vooruitkijken; dan ga ik zeggen wat we dan wél gaan doen.";neutral;;;;;;;independent;The speech begins with an introduction of the minister's statement without explicit reference to a prior speaker's content.;0.3;
"{'mentions': [{'name': 'Moorlag', 'type': 'person', 'quote': 'de heer Moorlag', 'mention_category': 'disagreeing'}], 'found_fallacy': [], 'summary': {'count': 0, 'average_confidence': 0.0, 'highest_confidence': 0.0, 'lowest_confidence': 0.0}, 'speech_relation': {'type': 'independent', 'justification': ""The speech presents the speaker's own perspective and experiences without directly addressing or responding to a previous speaker's statement."", 'confidence': 0.8}}";0;158;0;h-tk-20182019-18-10;Minister Schouten;CU;"Volgens mij heb ik net geprobeerd te schetsen hoe wij dat traject ingaan. Ik ben het met de heer Moorlag eens dat het meer is dan even een paar wetten en regels veranderen. Er is jarenlang op een bepaalde manier heel goed doorgedacht over het vraagstuk hoe we onze landbouw vormgeven en we moeten ook nieuwe antwoorden zoeken op nieuwe vragen. Dat moet op veel terreinen gebeuren, bijvoorbeeld onderwijs, dat daar een onderdeel van is.
Ik zie dat er in dit proces al wel het een en ander gebeurt. Ik heb de laatste weken behoorlijk veel discussies met allerlei partijen over de betekenis van kringlooplandbouw: wat betekent dat voor mijn sector, wat betekent dat voor mijn bedrijf, hoe kan ik eraan bijdragen? Er komt ook veel energie vrij, merk ik. Ik heb ook aangegeven dat we nu met al die maatschappelijke partijen het traject aangaan om te komen tot afspraken en concrete resultaten en te bepalen wie daarbij wat gaat doen. Ik weet dat de heer Moorlag inderdaad vaak het woord ""landbouwakkoord"" in de mond neemt. Aan de ene kant vind ik dat bijna te groot, maar aan de andere kant vind ik het te beperkt, want daarbij zet je jezelf vast door een aantal afspraken waarmee alles moet gebeuren. Ik denk dat het verder ontwikkelen en doordenken van de kringlooplandbouw een proces is dat wij continu met elkaar doorlopen. Maar wij gaan dus met partijen afspraken maken. Daar is de ambitie ook op gericht. Dat gaan we doen, ook voor de zomer van 2019, maar ondertussen pakken we gewoon continu alles op wat we al kunnen oppakken.";2018-2019;1-11-2018;tk;handelingen;10 Begroting Landbouw, Natuur en Voedselkwaliteit 2019;https://zoek.officielebekendmakingen.nl/h-tk-20182019-18-10.html;https://zoek.officielebekendmakingen.nl/h-tk-20182019-18-10.xml;nr. 18, item 10;schouten;"I think I have just tried to outline how we are going to embark on that process. I agree with Mr Moorlag that it is more than just changing a few laws and rules. For years, the issue of how we shape our agriculture has been carefully thought through in a certain way and we also have to look for new answers to new questions. This needs to happen in many areas, for example education, which is part of it.
I see that some things are already happening in this process. In recent weeks I have had quite a few discussions with all kinds of parties about the meaning of circular agriculture: what does that mean for my sector, what does that mean for my company, how can I contribute to it? I also notice that a lot of energy is released. I also indicated that we are now embarking on a process with all these social parties to arrive at agreements and concrete results and to determine who will do what. I know that Mr Moorlag indeed often uses the word ""agricultural agreement"". On the one hand I think that is almost too big, but on the other hand I think it is too limited, because you are binding yourself by a number of agreements with which everything has to be done. I think that further developing and thinking through circular agriculture is a process that we continuously go through together. But we are going to make agreements with the parties. That is also what the ambition is aimed at. We will do that, also for the summer of 2019, but in the meantime we will continue to pick up everything we can already pick up.";0;0;0;0.0;0.0;0.0;Moorlag;person;de heer Moorlag;disagreeing;;;;;;;independent;The speech presents the speaker's own perspective and experiences without directly addressing or responding to a previous speaker's statement.;0.8;
{'mentions': [{'name': 'Kerstens', 'type': 'person', 'quote': 'Deze motie is voorgesteld door de leden Kerstens en Karabulut.', 'mention_category': 'neutral'}, {'name': 'Karabulut', 'type': 'person', 'quote': 'ik ga een motie voorlezen die anders voorgelezen zou zijn door mevrouw Karabulut', 'mention_category': 'neutral'}], 'found_fallacy': [], 'summary': {'count': 0, 'average_confidence': 0.0, 'highest_confidence': 0.0, 'lowest_confidence': 0.0}, 'speech_relation': {'type': 'independent', 'justification': 'The speech introduces a motion and states its support without directly responding to prior statements.', 'confidence': 0.95}};0;159;0;h-tk-20182019-51-4;De heer Kerstens;PvdA;"Voorzitter. Ik doe een beroep op uw vaak geroemde souplesse, want ik ga een motie voorlezen die anders voorgelezen zou zijn door mevrouw Karabulut.
De Kamer,
gehoord de beraadslaging,
constaterende dat sociale onveiligheid gedefinieerd wordt als het resultaat van ""interpersoonlijk gedrag in de werksfeer dat ongewenst is"";
van mening dat een structurele omslag noodzakelijk is waarbij over een lange termijn meerdere middelen moeten worden ingezet;
van mening dat een onafhankelijk meldpunt een noodzakelijke voorwaarde is om het vertrouwen van slachtoffers van sociale onveiligheid te helpen herstellen;
verzoekt de regering om voor een termijn van drie jaar een onafhankelijk meldpunt buiten de organisatie van het ministerie van Defensie te organiseren,
en gaat over tot de orde van de dag.
Deze motie is voorgesteld door de leden Kerstens en Karabulut. Naar mij blijkt, wordt de indiening ervan voldoende ondersteund.
Zij krijgt nr.";2018-2019;7-2-2019;tk;handelingen;4 Integrale aanpak veiligheid en integriteit;https://zoek.officielebekendmakingen.nl/h-tk-20182019-51-4.html;https://zoek.officielebekendmakingen.nl/h-tk-20182019-51-4.xml;nr. 51, item 4;kerstens;"Chair. I appeal to your much-vaunted flexibility, because I am going to read a motion that would otherwise have been read by Mrs Karabulut.
The Chamber,
after hearing the deliberation,
noting that social insecurity is defined as the result of ""interpersonal behavior in the working environment that is undesirable"";
believes that a structural change is necessary in which multiple resources must be deployed over the long term;
believes that an independent reporting point is a necessary condition to help restore the confidence of victims of social insecurity;
calls on the government to organize an independent reporting point outside the organization of the Ministry of Defense for a period of three years,
and goes about the order of the day.
This motion was proposed by members Kerstens and Karabulut. It appears to me that its submission is sufficiently supported.
She gets no.";0;0;0;0.0;0.0;0.0;Kerstens|||Karabulut;person|||person;Deze motie is voorgesteld door de leden Kerstens en Karabulut.|||ik ga een motie voorlezen die anders voorgelezen zou zijn door mevrouw Karabulut;neutral|||neutral;;;;;;;independent;The speech introduces a motion and states its support without directly responding to prior statements.;0.95;
{'mentions': [{'name': 'Wassenberg', 'type': 'person', 'quote': 'Deze motie is voorgesteld door het lid Wassenberg.', 'mention_category': 'neutral'}], 'found_fallacy': [], 'summary': {'count': 0, 'average_confidence': 0.0, 'highest_confidence': 0.0, 'lowest_confidence': 0.0}, 'speech_relation': {'type': 'independent', 'justification': 'The speech presents multiple motions without direct reference to prior statements or speakers.', 'confidence': 0.95}};0;160;0;h-tk-20182019-32-4;De heer Wassenberg;PvdD;"Dank u wel, voorzitter. Ik heb vier moties.
De Kamer,
gehoord de beraadslaging,
constaterende dat honden die een rashondenshow winnen op grote schaal worden ingezet als fokdier, omdat fokkers bereid zijn om veel te betalen voor een dekking door zo'n winnaar;
constaterende dat rashondenshows zo bijdragen aan een toename van inteelt;
overwegende dat daardoor de genetische diversiteit van het betreffende ras afneemt en de kans op erfelijke ziekten en afwijkingen toeneemt;
verzoekt de regering om een einde te maken aan rashondenshows,
en gaat over tot de orde van de dag.
Deze motie is voorgesteld door het lid Wassenberg. Naar mij blijkt, wordt de indiening ervan voldoende ondersteund.
Zij krijgt nr.
De Kamer,
gehoord de beraadslaging,
constaterende dat huisdieren in een impuls gekocht kunnen worden, voordat de koper de bijkomende kosten en de verplichtingen met betrekking tot de zorg voor het dier heeft kunnen overzien;
overwegende dat dieren het voornaamste slachtoffer zijn van een impulsaankoop;
constaterende dat er een bedenktijd bestaat voor online aankopen, maar niet voor huisdieren;
constaterende dat 36 gemeenten hebben verzocht om een verplichte bedenktijd voor de aankoop van huisdieren;
verzoekt de regering om te onderzoeken of en hoe een verplichte bedenktijd voor de aanschaf van huisdieren bij kan dragen aan het terugdringen van het aantal impulsaankopen van dieren,
en gaat over tot de orde van de dag.
Deze motie is voorgesteld door het lid Wassenberg. Naar mij blijkt, wordt de indiening ervan voldoende ondersteund.
Zij krijgt nr.
De Kamer,
gehoord de beraadslaging,
constaterende dat een houder volgens de Wet dieren verplicht is om over voldoende kennis en vaardigheden te beschikken voor het houden van een dier;
constaterende dat het in de praktijk vaak aan die kennis ontbreekt;
constaterende dat veel gevallen van dierenverwaarlozing veroorzaakt worden door dit gebrek aan kennis;
overwegende dat door het volgen van een cursus zowel dierenleed voorkomen kan worden als abnormaal en ongewenst gedrag van dieren, en dat dit zo ook bijdraagt tot minder bijtincidenten;
verzoekt de regering om alle toekomstige eigenaren van honden verplicht een cursus te laten doen,
en gaat over tot de orde van de dag.
Deze motie is voorgesteld door het lid Wassenberg. Naar mij blijkt, wordt de indiening ervan voldoende ondersteund.
Zij krijgt nr.";2018-2019;5-12-2018;tk;handelingen;4 Dierenwelzijn;https://zoek.officielebekendmakingen.nl/h-tk-20182019-32-4.html;https://zoek.officielebekendmakingen.nl/h-tk-20182019-32-4.xml;nr. 32, item 4;wassenberg;"Thank you, Chairman. I have four motions.
The Chamber,
after hearing the deliberation,
noting that dogs that win a purebred dog show are widely used as breeding animals, because breeders are willing to pay a lot for mating by such a winner;
noting that purebred dog shows contribute to an increase in inbreeding;
whereas this reduces the genetic diversity of the breed in question and increases the risk of hereditary diseases and abnormalities;
calls on the government to put an end to purebred dog shows,
and goes about the order of the day.
This motion was proposed by Member Wassenberg. It appears to me that its submission is sufficiently supported.
She gets no.
The Chamber,
after hearing the deliberation,
noting that pets can be bought on impulse, before the buyer has been able to understand the additional costs and obligations relating to the care of the animal;
whereas animals are the main victims of impulse buying;
noting that there is a cooling-off period for online purchases, but not for pets;
noting that 36 municipalities have requested a mandatory reflection period for the purchase of pets;
Calls on the government to investigate whether and how a mandatory reflection period for the purchase of pets can contribute to reducing the number of impulse purchases of animals,
and goes about the order of the day.
This motion was proposed by Member Wassenberg. It appears to me that its submission is sufficiently supported.
She gets no.
The Chamber,
after hearing the deliberation,
noting that according to the Animals Act, a keeper is obliged to have sufficient knowledge and skills for keeping an animal;
noting that in practice this knowledge is often lacking;
noting that many cases of animal neglect are caused by this lack of knowledge;
whereas taking a course can prevent animal suffering as well as abnormal and undesirable behavior of animals, and that this also contributes to fewer biting incidents;
calls on the government to make all future dog owners obligatory to take a course,
and goes about the order of the day.
This motion was proposed by Member Wassenberg. It appears to me that its submission is sufficiently supported.
She gets no.";0;0;0;0.0;0.0;0.0;Wassenberg;person;Deze motie is voorgesteld door het lid Wassenberg.;neutral;;;;;;;independent;The speech presents multiple motions without direct reference to prior statements or speakers.;0.95;
"{'mentions': [], 'found_fallacy': [], 'summary': {'count': 0, 'average_confidence': 0.0, 'highest_confidence': 0.0, 'lowest_confidence': 0.0}, 'speech_relation': {'type': 'independent', 'justification': ""The speech segment presents the speaker's own policy approach without direct reference to or rebuttal of a previous speaker's statement."", 'confidence': 0.95}}";0;161;0;h-tk-20182019-22-5;Minister Schouten;CU;Dat laatste ben ik nou precies eens met diegene die dit stelt. Daarom gaan we ook inzetten op slimmere oplossingen. Als ik een voorbeeld mag noemen: ik had het net over het realtime volgen van de meststromen. Wij gaan erop inzetten om precies te kijken wat voor vervoer er is zodat we dat kunnen volgen. Op het moment dat daar een afwijking in lijkt te zijn, kun je heel gericht een toezichthouder daarnaartoe sturen. Dat is effectiever dan, zoals ik weleens heb gezegd, achter elke boom een inspecteur zetten. Want a zo veel inspecteurs gaan we nooit krijgen en b ben je dan heel ongericht aan het kijken waar het niet goed gaat. We zijn dus juist bezig met een heel gerichte inzet. We zijn ook bezig in een aantal gebieden om daar ook die samenwerking heel intensief vorm te geven. Dat is al gebeurd en is al gaande. Om bijvoorbeeld nog een indruk te geven: voor dit jaar heb ik 1,45 miljoen euro extra vrijgemaakt om bij te dragen aan die extra handhaving. Voor volgend jaar is dat 2,4 miljoen. Volgens mij gebeurt er al behoorlijk veel en zetten we precies in op allebei de sporen die het OM ook graag wil.;2018-2019;13-11-2018;tk;handelingen;5 Vragenuur: Vragen Bromet;https://zoek.officielebekendmakingen.nl/h-tk-20182019-22-5.html;https://zoek.officielebekendmakingen.nl/h-tk-20182019-22-5.xml;nr. 22, item 5;schouten;I exactly agree with the person who stated this. That is why we will also focus on smarter solutions. If I may give an example: I was just talking about real-time monitoring of manure flows. We will focus on looking exactly at what kind of transport there is so that we can monitor it. If there appears to be a deviation, you can send a supervisor there in a very targeted manner. That is more effective than, as I have sometimes said, putting an inspector behind every tree. Because a we will never have that many inspectors and b you will then be looking very unfocused to see where things are not going well. So we are working on a very targeted effort. We are also working in a number of areas to shape this collaboration very intensively. That has already happened and is already happening. For example, to give another impression: for this year I have freed up an extra 1.45 million euros to contribute to that extra enforcement. For next year that is 2.4 million. I think quite a lot is already happening and we are focusing on both of the tracks that the Public Prosecution Service would like.;0;0;0;0.0;0.0;0.0;;;;;;;;;;;independent;The speech segment presents the speaker's own policy approach without direct reference to or rebuttal of a previous speaker's statement.;0.95;
{'mentions': [], 'found_fallacy': [], 'summary': {'count': 0, 'average_confidence': 0.0, 'highest_confidence': 0.0, 'lowest_confidence': 0.0}, 'speech_relation': {'type': 'independent', 'justification': 'No prior speech content provided to establish a direct response.', 'confidence': 0.5}};0;162;0;h-tk-20182019-18-8;De heer Graus;PVV;Ik houd de motie aan.;2018-2019;1-11-2018;tk;handelingen;8 Paarden;https://zoek.officielebekendmakingen.nl/h-tk-20182019-18-8.html;https://zoek.officielebekendmakingen.nl/h-tk-20182019-18-8.xml;nr. 18, item 8;graus;I support the motion.;0;0;0;0.0;0.0;0.0;;;;;;;;;;;independent;No prior speech content provided to establish a direct response.;0.5;
{'mentions': [{'name': 'De Jonge', 'type': 'person', 'quote': 'minister De Jonge heeft het licht gezien', 'mention_category': 'neutral'}], 'found_fallacy': [], 'summary': {'count': 0, 'average_confidence': 0.0, 'highest_confidence': 0.0, 'lowest_confidence': 0.0}, 'speech_relation': {'type': 'independent', 'justification': 'The speech does not directly reference or respond to a specific statement made by a previous speaker.', 'confidence': 0.95}};0;163;0;h-tk-20182019-58-27;Mevrouw Van Brenk;50PLUS;Voorzitter. Een heuglijke dag, want minister De Jonge heeft het licht gezien, hij vindt dat de marktwerking in de zorg is doorgeslagen. Wij zagen dit al veel eerder, maar wij juichen dit moment toe. Wij willen graag precies weten wat hij nou voor ogen heeft: is dat nou een inperking van de keuzevrijheid of terugdringing van de markt? Graag een brief en daarna een debat hierover met minister De Jonge.;2018-2019;5-3-2019;tk;handelingen;27 Regeling van werkzaamheden;https://zoek.officielebekendmakingen.nl/h-tk-20182019-58-27.html;https://zoek.officielebekendmakingen.nl/h-tk-20182019-58-27.xml;nr. 58, item 27;van van brenk;Chair. A memorable day, because Minister De Jonge has seen the light, he believes that market forces in healthcare have taken a turn. We saw this much earlier, but we welcome this moment. We would like to know exactly what he has in mind: is that a restriction of freedom of choice or a reduction of the market? I would like a letter and then a debate about this with Minister De Jonge.;1;0;0;0.0;0.0;0.0;De Jonge;person;minister De Jonge heeft het licht gezien;neutral;;;;;;;independent;The speech does not directly reference or respond to a specific statement made by a previous speaker.;0.95;
"{'mentions': [{'name': 'Graus', 'type': 'person', 'quote': 'de heer Graus', 'mention_category': 'disagreeing'}, {'name': 'Graus', 'type': 'person', 'quote': 'tegen de heer Graus', 'mention_category': 'disagreeing'}], 'found_fallacy': [], 'summary': {'count': 0, 'average_confidence': 0.0, 'highest_confidence': 0.0, 'lowest_confidence': 0.0}, 'speech_relation': {'type': 'response', 'justification': ""The speech begins with a direct acknowledgment of a prior speaker's argument ('Ja, je kan het voor zijn') and explicitly addresses counterpoints to 'de heer Graus,' indicating a rebuttal to previous statements."", 'confidence': 0.9}}";0;164;0;h-tk-20182019-17-8;Mevrouw Lodders;VVD;"Ja, je kan het voor zijn. Preventie is altijd heel erg goed, dus daar zal je altijd op in moeten zetten. Ik denk dat de heer Graus net zo vaak als ik stallen bezoekt. Hij weet ook dat de rommel, het voer, voerresten en dergelijke ongedierte aantrekken. Op het moment dat ze er eenmaal zijn, moet je als boer wel de handvatten hebben om ze te kunnen bestrijden, want anders krijg je echt deze problemen.
Dan het tweede punt, het systeem waar de heer Graus wel vaker voor gepleit heeft. Volgens mij zijn er een aantal proefopstellingen geweest. Ik vind dat het echt aan de stalbouwers is om een proefopstelling neer te zetten. Overigens — dat debat hebben we ook vaker gehad — is het niet zo dat dieren wegvluchten van de vlammenzee. Ik heb zelf van wat dichterbij de ellende mee mogen maken dat dieren de vlammen in vluchtten. Dat hoeven we hier niet te bespreken, want dat is weer een heel ander onderwerp. Maar ook dat is dus niet zo eenvoudig, zeg ik tegen de heer Graus.";2018-2019;31-10-2018;tk;handelingen;8 Begroting Landbouw, Natuur en Voedselkwaliteit 2019;https://zoek.officielebekendmakingen.nl/h-tk-20182019-17-8.html;https://zoek.officielebekendmakingen.nl/h-tk-20182019-17-8.xml;nr. 17, item 8;lodders;"Yes, you can get ahead of it. Prevention is always very good, so you will always have to focus on it. I think Mr. Graus visits stables as often as I do. He also knows that the mess, food, leftovers and the like attract pests. Once they are there, as a farmer you must have the tools to combat them, otherwise you will really have these problems.
Then the second point, the system that Mr Graus has often advocated. I think there have been a number of test setups. I think it is really up to the stable builders to set up a test setup. By the way - we have had that debate before - it is not the case that animals flee from the sea of ​​flames. I have personally witnessed the misery of animals fleeing into the flames. We don't need to discuss that here, because that is a completely different topic. But that is not that simple either, I tell Mr Graus.";0;0;0;0.0;0.0;0.0;Graus|||Graus;person|||person;de heer Graus|||tegen de heer Graus;disagreeing|||disagreeing;;;;;;;response;The speech begins with a direct acknowledgment of a prior speaker's argument ('Ja, je kan het voor zijn') and explicitly addresses counterpoints to 'de heer Graus,' indicating a rebuttal to previous statements.;0.9;
{'mentions': [], 'found_fallacy': [], 'summary': {'count': 0, 'average_confidence': 0.0, 'highest_confidence': 0.0, 'lowest_confidence': 0.0}, 'speech_relation': {'type': 'response', 'justification': 'The speech directly addresses motions mentioned earlier in the debate, responding to their content and timing.', 'confidence': 0.9}};0;165;0;h-tk-20182019-8-7;Minister De Jonge;CDA;De motie op stuk nr. 267 verzoekt de regering de gemeenten volledig te compenseren voor de gederfde inkomsten die het gevolg zijn van de invoering van het abonnementstarief. Allereerst: laten we de discussies over het abonnementstarief hebben op het moment dat we het wetsvoorstel aan uw Kamer hebben doen toekomen. Laat ik zeggen dat er inmiddels drie of vier moties zijn ingediend die raken aan het abonnementstarief. Dat zie ik als een aanmoediging om dat wetsvoorstel ook niet te lang op zich te laten wachten maar daar spoedig mee te komen. Dan kunnen we dat debat snel hebben. De moties die daarover vandaag zijn ingediend, zijn in zekere zin ontijdig en zal ik allemaal ontraden. In deze motie zit ook inhoudelijk iets bijzonders. Er wordt namelijk in gevraagd om de gederfde inkomsten te compenseren. Dat doen we, meer dan dat. Het gaat niet zozeer over de gederfde inkomsten, het gaat over een potentieel gedragseffect dat daar nog bovenop komt. Ook daarover hebben we het gesprek met gemeenten gevoerd. Boven op het accres worden ze daar dus voor gecompenseerd. De gederfde inkomsten zullen naar schatting van het CPB zo'n 120 miljoen zijn. Daar wordt 145 miljoen aan toegevoegd, dus meer. Wat hier wordt gevraagd doen we al. Ik denk dat u iets anders bedoelt. Zekerheidshalve, ook omdat de motie ontijdig is, ontraad ik haar.;2018-2019;3-10-2018;tk;handelingen;7 Wmo;https://zoek.officielebekendmakingen.nl/h-tk-20182019-8-7.html;https://zoek.officielebekendmakingen.nl/h-tk-20182019-8-7.xml;nr. 8, item 7;de de jonge;The motion on document no. 267 requests the government to fully compensate the municipalities for the lost income resulting from the introduction of the subscription rate. First of all: let us have discussions about the subscription rate when we have submitted the bill to your House. Let me say that three or four motions have now been submitted that affect the subscription rate. I see that as an encouragement not to wait too long for this bill, but to introduce it quickly. Then we can have that debate quickly. The motions submitted on this matter today are in a sense untimely and I will advise against them all. There is also something special in this motion. It asks for compensation for lost income. We do that, more than that. It's not so much about the lost income, it's about a potential behavioral effect on top of that. We have also discussed this with municipalities. They are therefore compensated for this on top of the increase. The CPB estimates that the lost income will be around 120 million. 145 million will be added to this, so more. We already do what is asked here. I think you mean something different. To be on the safe side, also because the motion is untimely, I advise against it.;0;0;0;0.0;0.0;0.0;;;;;;;;;;;response;The speech directly addresses motions mentioned earlier in the debate, responding to their content and timing.;0.9;
"{'mentions': [{'name': 'Agema', 'type': 'person', 'quote': 'ik sluit me aan bij de woorden van mevrouw Agema', 'mention_category': 'agreeing'}], 'found_fallacy': [], 'summary': {'count': 0, 'average_confidence': 0.0, 'highest_confidence': 0.0, 'lowest_confidence': 0.0}, 'speech_relation': {'type': 'response', 'justification': ""The speaker directly references and aligns with another speaker's words, indicating a direct response to the previous contribution."", 'confidence': 0.8}}";0;166;0;h-tk-20182019-49-14;Mevrouw Bergkamp;D66;Voorzitter, ik sluit me aan bij de woorden van mevrouw Agema.;2018-2019;5-2-2019;tk;handelingen;14 Regeling van werkzaamheden;https://zoek.officielebekendmakingen.nl/h-tk-20182019-49-14.html;https://zoek.officielebekendmakingen.nl/h-tk-20182019-49-14.xml;nr. 49, item 14;bergkamp;Mr President, I agree with Mrs Agema's words.;0;0;0;0.0;0.0;0.0;Agema;person;ik sluit me aan bij de woorden van mevrouw Agema;agreeing;;;;;;;response;The speaker directly references and aligns with another speaker's words, indicating a direct response to the previous contribution.;0.8;
"{'mentions': [{'name': 'de minister', 'type': 'person', 'quote': 'Daar mag u natuurlijk als minister een andere opvatting over hebben', 'mention_category': 'disagreeing'}], 'found_fallacy': [], 'summary': {'count': 0, 'average_confidence': 0.0, 'highest_confidence': 0.0, 'lowest_confidence': 0.0}, 'speech_relation': {'type': 'response', 'justification': ""The speaker references a previous interruption ('de interruptie net met mevrouw Van den Hul') and directly addresses the minister, indicating a continuation of the debate."", 'confidence': 0.5}}";0;167;0;h-tk-20182019-30-8;Mevrouw Diks;GroenLinks;"Ja, ik dacht ook dat ik er nog één had!
Ik heb al meermaals mijn zorgen geuit over het handelen van de Nederlandse ambassades in het kader van imvo. De interruptie net met mevrouw Van den Hul ging daar eigenlijk ook voor een deel over. We hebben natuurlijk even een beetje gezocht naar hoe die ambassades eigenlijk geïnstrueerd worden. Dat hebben we even opgezocht, en ik heb hier de richtlijn. Het is in feite een A4'tje, maar thuis noem ik dit gewoon een half A4'tje. En als er zo'n dunne richtlijn is, begrijp ik wel dat veel ambassades een eigen invulling kiezen. En ik zeg het een beetje grappend, maar ik bedoel het eigenlijk best wel een beetje chagrijnig.
We hebben hier namelijk al meermaals het gesprek over gevoerd, bijvoorbeeld over hoe de Nederlandse ambassade in Brazilië zich opstelt. Daar mag u natuurlijk als minister een andere opvatting over hebben, maar het is in ieder geval duidelijk dat de Nederlandse ambassade daar bedrijven ondersteunt die dingen doen waarvan ik zeker weet dat de minister er niet vrolijk van wordt, en wij in ieder geval niet. Daar gebeuren echt nare dingen, die wij als Nederland in ieder geval niet tegenwerken. En ik begrijp dat, want in de richtlijn wordt alleen maar aangegeven wat er zou kúnnen. In de richtlijn wordt helemaal niet aangegeven wat er bij ambassades eigenlijk níét zou moeten kunnen. En ik zou willen vragen: bent u bereid om daar een iets uitgebreidere richtlijn voor te schrijven?";2018-2019;29-11-2018;tk;handelingen;8 Begroting Buitenlandse Handel en Ontwikkelingssamenwerking;https://zoek.officielebekendmakingen.nl/h-tk-20182019-30-8.html;https://zoek.officielebekendmakingen.nl/h-tk-20182019-30-8.xml;nr. 30, item 8;diks;"Yep, I thought I had one too!
I have already expressed my concerns several times about the actions of the Dutch embassies in the context of IMVO. The interruption just now with Mrs. Van den Hul was actually partly about that. Of course, we did some searching to find out how those embassies are actually instructed. We looked that up, and I have the guideline here. It is in fact an A4 sheet, but at home I just call it half an A4 sheet. And if there is such a thin guideline, I understand that many embassies choose their own interpretation. And I say it a bit jokingly, but I actually mean it quite grumpily.
We have already had discussions about this several times, for example about the position of the Dutch embassy in Brazil. You, as a minister, may of course have a different view on this, but in any case it is clear that the Dutch embassy there supports companies that do things that I am sure will not make the minister happy, and certainly not us. Really bad things happen there, which we in the Netherlands certainly do not oppose. And I understand that, because the directive only indicates what could be done. The guideline does not indicate at all what should not actually be possible at embassies. And I would like to ask: are you prepared to write a slightly more extensive guideline for this?";0;0;0;0.0;0.0;0.0;de minister;person;Daar mag u natuurlijk als minister een andere opvatting over hebben;disagreeing;;;;;;;response;The speaker references a previous interruption ('de interruptie net met mevrouw Van den Hul') and directly addresses the minister, indicating a continuation of the debate.;0.5;
{'mentions': [], 'found_fallacy': [], 'summary': {'count': 0, 'average_confidence': 0.0, 'highest_confidence': 0.0, 'lowest_confidence': 0.0}, 'speech_relation': {'type': 'independent', 'justification': 'The statement contains no direct reference to a previous speaker or specific political actor, and appears to be a general procedural remark.', 'confidence': 0.3}};0;168;0;h-tk-20182019-89-8;De heer Kuzu;DENK;Dat is oktober? Als we voor oktober een brief krijgen, dan kan ik de motie aanhouden.;2018-2019;5-6-2019;tk;handelingen;8 Studeren met een functiebeperking in mbo en h.o.;https://zoek.officielebekendmakingen.nl/h-tk-20182019-89-8.html;https://zoek.officielebekendmakingen.nl/h-tk-20182019-89-8.xml;nr. 89, item 8;kuzu;That's October? If we receive a letter before October, I can defer the motion.;0;0;0;0.0;0.0;0.0;;;;;;;;;;;independent;The statement contains no direct reference to a previous speaker or specific political actor, and appears to be a general procedural remark.;0.3;
"{'mentions': [{'name': 'De Graaf', 'type': 'person', 'quote': 'Deze motie is voorgesteld door het lid De Graaf.', 'mention_category': 'neutral'}], 'found_fallacy': [{'quote': 'de jihadgrootouders uit Ede en hun kleinkinderen te denaturaliseren en uit te zetten', 'explanation': ""Direct attack on the character of individuals by labeling them as 'jihadists' without addressing their actions or arguments."", 'confidence': 0.9, 'local_topic': 'jihadgrootouders in Ede', 'target': 'jihadgrootouders en hun kleinkinderen', 'explicitness': 'explicit'}], 'summary': {'count': 1, 'average_confidence': 0.9, 'highest_confidence': 0.9, 'lowest_confidence': 0.9}, 'speech_relation': {'type': 'independent', 'justification': 'The speech introduces a new motion without directly responding to prior statements.', 'confidence': 0.85}}";0;169;0;h-tk-20182019-97-37;De heer De Graaf;PVV;"Ik houd het echt heel kort, voorzitter. Om het probleem met Ede op te lossen en om heel snel een voorbeeld te stellen, dien ik de volgende motie in.
De Kamer,
gehoord de beraadslaging,
verzoekt de regering de jihadgrootouders uit Ede en hun kleinkinderen te denaturaliseren en uit te zetten,
en gaat over tot de orde van de dag.
Deze motie is voorgesteld door het lid De Graaf. Naar mij blijkt, wordt de indiening ervan voldoende ondersteund.
Zij krijgt nr.";2018-2019;25-6-2019;tk;handelingen;37 Problematiek rondom de terugkeer van jihadi's;https://zoek.officielebekendmakingen.nl/h-tk-20182019-97-37.html;https://zoek.officielebekendmakingen.nl/h-tk-20182019-97-37.xml;nr. 97, item 37;de de graaf;"I'll keep it really short, Chairman. To solve the problem with Ede and to set an example very quickly, I am submitting the following motion.
The Chamber,
after hearing the deliberation,
calls on the government to denaturalize and deport the jihadi grandparents from Ede and their grandchildren,
and goes about the order of the day.
This motion was proposed by member De Graaf. It appears to me that its submission is sufficiently supported.
She gets no.";0;1;1;0.9;0.9;0.9;De Graaf;person;Deze motie is voorgesteld door het lid De Graaf.;neutral;de jihadgrootouders uit Ede en hun kleinkinderen te denaturaliseren en uit te zetten;Direct attack on the character of individuals by labeling them as 'jihadists' without addressing their actions or arguments.;jihadgrootouders in Ede;jihadgrootouders en hun kleinkinderen;explicit;0.9;independent;The speech introduces a new motion without directly responding to prior statements.;0.85;
"{'mentions': [{'name': 'Rudmer Heerema', 'type': 'person', 'quote': 'Deze motie is voorgesteld door de leden Rudmer Heerema en Rog.', 'mention_category': 'neutral'}, {'name': 'Rog', 'type': 'person', 'quote': 'Deze motie is voorgesteld door de leden Rudmer Heerema en Rog.', 'mention_category': 'neutral'}], 'found_fallacy': [], 'summary': {'count': 0, 'average_confidence': 0.0, 'highest_confidence': 0.0, 'lowest_confidence': 0.0}, 'speech_relation': {'type': 'independent', 'justification': ""The speech introduces a new motion without directly addressing the previous speaker's content."", 'confidence': 0.95}}";0;170;0;h-tk-20182019-108-10;De heer Rudmer Heerema;VVD;"Voorzitter. Dank voor de uitgebreide beantwoording waaruit we onze antwoorden hebben kunnen destilleren. Dat is fijn. Dank ook voor het positieve oordeel over het amendement en dat de minister met ons deelt dat een school die onvoldoende scoort, geen nevenvestiging mag openen. Laat ze eerst maar hun energie stoppen in de hoofdvestiging.
Voorzitter. We hebben geluisterd naar het antwoord op de buitenlandse initiatiefnemers in Nederland. Daar heb ik samen met mijn collega Rog een motie over en die luidt als volgt.
De Kamer,
gehoord de beraadslaging,
overwegende dat het onderwijsaanbod op elke school dient bij te dragen aan de basiswaarden van de democratische rechtsstaat;
verzoekt de regering te borgen dat ook buitenlandse initiatiefnemers die in Nederland een nieuwe school of een nieuwe dependance willen openen, vooraf worden getoetst op hun plan hoe zij het burgerschapsonderwijs willen vormgeven,
en gaat over tot de orde van de dag.
Deze motie is voorgesteld door de leden Rudmer Heerema en Rog. Naar mij blijkt, wordt de indiening ervan voldoende ondersteund.
Zij krijgt nr.";2018-2019;12-9-2019;tk;handelingen;10 Meer ruimte voor nieuwe scholen;https://zoek.officielebekendmakingen.nl/h-tk-20182019-108-10.html;https://zoek.officielebekendmakingen.nl/h-tk-20182019-108-10.xml;nr. 108, item 10;rudmer heerema;"Chair. Thank you for the detailed answer from which we were able to distill our answers. That's nice. Thank you also for the positive assessment of the amendment and that the minister shares with us that a school with an insufficient score may not open a branch. Let them first put their energy into the head office.
Chair. We listened to the response to the foreign initiators in the Netherlands. Together with my colleague Rog, I have a motion about this and it reads as follows.
The Chamber,
after hearing the deliberation,
whereas the educational offering at every school should contribute to the basic values ​​of the democratic constitutional state;
Calls on the government to ensure that foreign initiators who want to open a new school or a new branch in the Netherlands are also assessed in advance on their plan for how they want to shape citizenship education,
and goes about the order of the day.
This motion was proposed by members Rudmer Heerema and Rog. It appears to me that its submission is sufficiently supported.
She gets no.";0;0;0;0.0;0.0;0.0;Rudmer Heerema|||Rog;person|||person;Deze motie is voorgesteld door de leden Rudmer Heerema en Rog.|||Deze motie is voorgesteld door de leden Rudmer Heerema en Rog.;neutral|||neutral;;;;;;;independent;The speech introduces a new motion without directly addressing the previous speaker's content.;0.95;
"{'mentions': [{'name': 'de minister', 'type': 'person', 'quote': 'de minister zeggen dat hij de aannemersvariant haalbaar en interessant vindt', 'mention_category': 'neutral'}], 'found_fallacy': [], 'summary': {'count': 0, 'average_confidence': 0.0, 'highest_confidence': 0.0, 'lowest_confidence': 0.0}, 'speech_relation': {'type': 'response', 'justification': ""The speaker directly addresses the minister's statement about the contractor variant, indicating a follow-up to the previous speaker's remarks."", 'confidence': 0.8}}";0;171;0;h-tk-20182019-41-6;Mevrouw Yeşilgöz-Zegerius;VVD;Ik kom nog heel even op terug op die 17.500 schades die bij de Tijdelijke Commissie Mijnbouwschade liggen. Ik heb daar zojuist ook over gesproken in mijn inbreng. Ik hoor de minister zeggen dat hij de aannemersvariant haalbaar en interessant vindt om verder te ontwikkelen. Nu wil ik eigenlijk weten wat dat nu concreet betekent. Dat betekent dus dat mensen die een schade hebben gemeld, tot een bepaald bedrag, zelf een erkende aannemer kunnen inschakelen, het kunnen laten fixen en niet eens de rekening zelf hoeven af te handelen, en dat het zo gewoon is geregeld. Begrijp ik goed dat dat de aannemersvariant is van al die 17.500 schades?;2018-2019;16-1-2019;tk;handelingen;6 Afhandeling schade en versterkingsoperatie Groningen vanwege gaswinning;https://zoek.officielebekendmakingen.nl/h-tk-20182019-41-6.html;https://zoek.officielebekendmakingen.nl/h-tk-20182019-41-6.xml;nr. 41, item 6;yeşilgöz-zegerius;I will briefly return to those 17,500 claims that are before the Temporary Mining Damage Committee. I just talked about that in my contribution. I hear the minister say that he finds the contractor variant feasible and interesting to further develop. Now I actually want to know what that actually means. This means that people who have reported damage, up to a certain amount, can call in a recognized contractor themselves, have it fixed and do not even have to settle the bill themselves, and that it is simply arranged. Do I understand correctly that this is the contractor's version of all those 17,500 damages?;0;0;0;0.0;0.0;0.0;de minister;person;de minister zeggen dat hij de aannemersvariant haalbaar en interessant vindt;neutral;;;;;;;response;The speaker directly addresses the minister's statement about the contractor variant, indicating a follow-up to the previous speaker's remarks.;0.8;
"{'mentions': [], 'found_fallacy': [], 'summary': {'count': 0, 'average_confidence': 0.0, 'highest_confidence': 0.0, 'lowest_confidence': 0.0}, 'speech_relation': {'type': 'response', 'justification': ""The speaker references a prior commitment ('Ik heb net al toegezegd') and directly addresses the parliamentary process, indicating a direct reply to previous statements."", 'confidence': 0.95}}";0;172;0;h-tk-20182019-104-8;Minister Koolmees;D66;Ik heb net al toegezegd dat ik de VNG dat graag wil vragen, maar dat gaat natuurlijk via de staatssecretaris, want de staatssecretaris is natuurlijk beleidsverantwoordelijke voor de bijstandswet, de Participatiewet. Ik vind het een terechte vraag en ik wil dit dus ook gewoon toezeggen. Dat zal inderdaad gaan via een brief van de staatssecretaris aan uw Kamer, omdat de staatssecretaris daarvoor verantwoordelijk is. Maar uiteindelijk zijn we natuurlijk samen verantwoordelijk voor de uitvoering, hè.;2018-2019;4-9-2019;tk;handelingen;8 Ten onrechte verstrekte uitkeringen aan gevangenen;https://zoek.officielebekendmakingen.nl/h-tk-20182019-104-8.html;https://zoek.officielebekendmakingen.nl/h-tk-20182019-104-8.xml;nr. 104, item 8;koolmees;I have just promised that I would like to ask the VNG about this, but that will of course be done through the State Secretary, because the State Secretary is of course policy responsible for the social assistance law, the Participation Act. I think it is a fair question and I would like to say so. This will indeed be done via a letter from the State Secretary to your House, because the State Secretary is responsible for this. But ultimately we are of course jointly responsible for the implementation, right?;0;0;0;0.0;0.0;0.0;;;;;;;;;;;response;The speaker references a prior commitment ('Ik heb net al toegezegd') and directly addresses the parliamentary process, indicating a direct reply to previous statements.;0.95;
"{'mentions': [{'name': 'de minister', 'type': 'person', 'quote': 'Toen de minister bijna veertien maanden geleden aantrad als minister, zei ze dat ze het vertrouwen in haar ministerie wilde herstellen.', 'mention_category': 'disagreeing'}, {'name': 'Schiphol', 'type': 'party', 'quote': 'Het ministerie, Schiphol, de luchtvaartsector en de Commissie voor de m.e.r. bij elkaar op schoot zitten.', 'mention_category': 'neutral'}, {'name': 'KLM', 'type': 'party', 'quote': 'KLM meeschrijft aan antwoorden die de Kamerleden stellen aan deze minister en haar ambtenaren.', 'mention_category': 'disagreeing'}, {'name': 'de SP', 'type': 'party', 'quote': 'Dit debat is wat de SP betreft een uitgelezen kans voor de minister om te laten zien dat ze een rechte rug heeft.', 'mention_category': 'neutral'}, {'name': 'de Commissie voor de m.e.r.', 'type': 'party', 'quote': 'de Commissie voor de m.e.r. bij elkaar op schoot zitten.', 'mention_category': 'neutral'}], 'found_fallacy': [{'quote': 'Verschillende ministers en directeurs van Schiphol komen van Shell; toch geen onbelangrijke partij binnen de fossiele en vervuilende luchtvaart.', 'explanation': ""Directly attacks the minister's professional connections to Shell, implying bias and undermining credibility based on affiliations rather than policy merits."", 'confidence': 0.8, 'local_topic': ""trust restoration in the minister's office"", 'target': 'de minister', 'explicitness': 'explicit'}], 'summary': {'count': 1, 'average_confidence': 0.8, 'highest_confidence': 0.8, 'lowest_confidence': 0.8}, 'speech_relation': {'type': 'independent', 'justification': ""The speech begins with a general greeting and introduction without direct reference to the previous speaker's content."", 'confidence': 0.5}}";0;173;0;h-tk-20182019-37-31;De heer Laçin;SP;"Voorzitter, dank. Ik wil eerst iedereen op de publieke tribune welkom heten. Goed dat jullie er zijn; zonder jullie was dit debat er wellicht nooit geweest.
Voorzitter. Toen de minister bijna veertien maanden geleden aantrad als minister, zei ze dat ze het vertrouwen in haar ministerie wilde herstellen. Groot gelijk had ze, want toen al was het vertrouwen geschaad door bijvoorbeeld het bekendmaken van de laagvliegroutes voor Lelystad Airport in de zomer van 2017. Maar de vraag is of het haar gelukt is om het vertrouwen te herstellen. Ik zal haar alvast helpen: nee, dat is haar niet gelukt — verre van zelfs. Fouten in de milieueffectrapportage werden ontdekt door Leon Adegeest. De update van de MER is onvolledig omdat bijvoorbeeld CO
Wat ook niet helpt, is het feit dat het ministerie, Schiphol, de luchtvaartsector en de Commissie voor de m.e.r. bij elkaar op schoot zitten. Opstellers en beoordelaars van de MER zijn getrouwd. Ambtenaren helpen bij het opstellen van de MER Schiphol, die ze zelf moeten beoordelen daarna. Schiphol stelt de MER twee jaar lang uit, tot er een gewenste uitkomst komt. Verschillende ministers en directeurs van Schiphol komen van Shell; toch geen onbelangrijke partij binnen de fossiele en vervuilende luchtvaart. Vorige week bleek ook nog eens dat KLM meeschrijft aan antwoorden die de Kamerleden stellen aan deze minister en haar ambtenaren. Dus nogmaals de vraag: denkt de minister dat zij het vertrouwen heeft weten te herstellen? Graag een reactie.
Toch lukt het de minister om ons te blijven verbazen. Na elk nieuw dieptepunt denk ik samen met vele anderen dat het niet erger kan. En toch gebeurt het. Want de brief van afgelopen vrijdag, waarin de minister de deuren wagenwijd openzet voor autonome groei en vrachtvluchten op Lelystad Airport, had zelfs de coalitie niet zien aankomen, maak ik op uit de reacties die ik heb gezien. Dit is niks anders dan de spelregels veranderen terwijl de wedstrijd al tien jaar geleden is begonnen. Het principe loslaten dat Lelystad, als er überhaupt al wordt uitgebreid, moet functioneren als overloopluchthaven van Schiphol, is een keiharde klap in het gezicht van mensen die misschien nog een piepklein beetje vertrouwen hadden in deze minister en de politiek, al die mensen in Overijssel, Gelderland, Friesland, de Veluwe en bijvoorbeeld iedereen die de petitie heeft getekend die wij vorige week hebben ontvangen, in naam van alles wat geen stem heeft: kinderen, dieren en de natuur. Want zij horen op één te komen, en niet het doorduwen van een kansloze asfaltstrook in de polder.
Voorzitter. Nu ook de Europese Commissie duidelijk heeft gemaakt dat het dwingen van maatschappijen om van Schiphol naar Lelystad te verhuizen niet mag, moet de minister vandaag duidelijkheid scheppen. Zij moet hier straks bevestigen dat Lelystad alleen bestaansrecht zou hebben als overloop van Schiphol, dat de stekker eruit gaat als dat niet mogelijk is en dat vracht- en nachtvluchten hoe dan ook geen plek krijgen op Lelystad Airport. Dat heb ik in eerdere debatten ook al aangegeven. Dit debat is wat de SP betreft een uitgelezen kans voor de minister om te laten zien dat ze een rechte rug heeft, luistert naar de mensen die ze heeft gesproken en staat achter haar eerdere woorden. De minister moet vandaag kleur bekennen.";2018-2019;18-12-2018;tk;handelingen;31 Herziening van het Nederlandse luchtruim;https://zoek.officielebekendmakingen.nl/h-tk-20182019-37-31.html;https://zoek.officielebekendmakingen.nl/h-tk-20182019-37-31.xml;nr. 37, item 31;laçin;"Chairman, thank you. I would first like to welcome everyone to the public gallery. Good to have you here; Without you, this debate might never have happened.
Chair. When the minister took office as minister almost fourteen months ago, she said she wanted to restore confidence in her ministry. She was absolutely right, because trust had already been damaged by, for example, the announcement of the low flight routes for Lelystad Airport in the summer of 2017. But the question is whether she managed to restore trust. I'll help her in advance: no, she didn't succeed — far from it, in fact. Errors in the environmental impact assessment were discovered by Leon Adegeest. The update of the EIS is incomplete because, for example, CO
What also does not help is the fact that the ministry, Schiphol, the aviation sector and the EIA Commission. sit on each other's laps. Drafters and assessors of the EIA are married. Civil servants help draw up the Schiphol EIA, which they must then assess themselves. Schiphol will postpone the EIA for two years until a desired outcome is achieved. Several ministers and directors of Schiphol come from Shell; not an insignificant party within fossil and polluting aviation. Last week it also emerged that KLM contributes to the answers that MPs provide to this minister and her officials. So the question again: does the minister think she has managed to restore confidence? Please leave a comment.
Yet the minister manages to continue to amaze us. After each new low, I, along with many others, think that things can't get any worse. And yet it happens. Because last Friday's letter, in which the minister opens the doors wide to autonomous growth and cargo flights at Lelystad Airport, even the coalition did not see it coming, I gather from the reactions I have seen. This is nothing more than changing the rules of the game even though the competition started ten years ago. Abandoning the principle that Lelystad, if there is any expansion at all, must function as an overflow airport from Schiphol, is a hard slap in the face to people who perhaps still had a tiny bit of confidence in this minister and politicians, all those people in Overijssel, Gelderland, Friesland, the Veluwe and, for example, everyone who signed the petition we received last week, in the name of everything that has no voice: children, animals and nature. Because they should come first, and not push through a hopeless asphalt strip in the polder.
Chair. Now that the European Commission has also made it clear that forcing companies to move from Schiphol to Lelystad is not allowed, the minister must provide clarity today. She will soon have to confirm that Lelystad would only have a right to exist as a spillover from Schiphol, that the plug will be pulled if that is not possible and that freight and night flights will not be allowed at Lelystad Airport in any case. I have already indicated this in previous debates. As far as the SP is concerned, this debate is an excellent opportunity for the minister to show that she has a straight back, listens to the people she has spoken to and stands behind her previous words. The minister must show his true colors today.";1;1;1;0.8;0.8;0.8;de minister|||Schiphol|||KLM|||de SP|||de Commissie voor de m.e.r.;person|||party|||party|||party|||party;Toen de minister bijna veertien maanden geleden aantrad als minister, zei ze dat ze het vertrouwen in haar ministerie wilde herstellen.|||Het ministerie, Schiphol, de luchtvaartsector en de Commissie voor de m.e.r. bij elkaar op schoot zitten.|||KLM meeschrijft aan antwoorden die de Kamerleden stellen aan deze minister en haar ambtenaren.|||Dit debat is wat de SP betreft een uitgelezen kans voor de minister om te laten zien dat ze een rechte rug heeft.|||de Commissie voor de m.e.r. bij elkaar op schoot zitten.;disagreeing|||neutral|||disagreeing|||neutral|||neutral;"Verschillende ministers en directeurs van Schiphol komen van Shell; toch geen onbelangrijke partij binnen de fossiele en vervuilende luchtvaart.";Directly attacks the minister's professional connections to Shell, implying bias and undermining credibility based on affiliations rather than policy merits.;trust restoration in the minister's office;de minister;explicit;0.8;independent;The speech begins with a general greeting and introduction without direct reference to the previous speaker's content.;0.5;
{'mentions': [], 'found_fallacy': [], 'summary': {'count': 0, 'average_confidence': 0.0, 'highest_confidence': 0.0, 'lowest_confidence': 0.0}, 'speech_relation': {'type': 'independent', 'justification': 'The speech segment consists of a single word with no contextual indicators of direct response to prior statements.', 'confidence': 0.0}};0;174;0;h-tk-20182019-51-10;Minister Rutte;VVD;Zeker.;2018-2019;7-2-2019;tk;handelingen;10 Staat van de Europese Unie;https://zoek.officielebekendmakingen.nl/h-tk-20182019-51-10.html;https://zoek.officielebekendmakingen.nl/h-tk-20182019-51-10.xml;nr. 51, item 10;rutte;Certainly.;0;0;0;0.0;0.0;0.0;;;;;;;;;;;independent;The speech segment consists of a single word with no contextual indicators of direct response to prior statements.;0.0;
"{'mentions': [], 'found_fallacy': [], 'summary': {'count': 0, 'average_confidence': 0.0, 'highest_confidence': 0.0, 'lowest_confidence': 0.0}, 'speech_relation': {'type': 'independent', 'justification': ""The speech presents the speaker's own argument without direct reference to a previous speaker's statement."", 'confidence': 0.95}}";0;175;0;h-tk-20182019-38-6;De heer Tony van Dijck;PVV;Ik vind het ook bijna respectloos naar de Kamer hoe hier semantische spelletjes worden gespeeld over een eurozonebudget. We noemen het niet meer zo en dus is het geen eurozonebudget meer. Het blijft een pot geld alleen voor de eurolanden. Mijn vraag in de eerste termijn was hoe de minister dit denkt te kunnen verkopen aan de niet-eurolanden, want die dragen ook bij aan de EU-begroting en hun geld wordt dus deels gebruikt voor alleen eurolanden. Met andere woorden, die niet-eurolanden gaan dat niet pikken en voor je het weet, wordt het eurozonebudget uit het MFK getild en gevoed door eurolanden.;2018-2019;19-12-2018;tk;handelingen;6 Najaarsnota 2018;https://zoek.officielebekendmakingen.nl/h-tk-20182019-38-6.html;https://zoek.officielebekendmakingen.nl/h-tk-20182019-38-6.xml;nr. 38, item 6;van tony dijck;I also find it almost disrespectful to the House how semantic games are being played here about a eurozone budget. We no longer call it that and so it is no longer a eurozone budget. It remains a pot of money only for the euro countries. My question in the first term was how the minister thinks he can sell this to non-euro countries, because they also contribute to the EU budget and their money is therefore partly used for euro countries only. In other words, those non-euro countries will not accept that and before you know it, the eurozone budget will be lifted from the MFF and fed by euro countries.;0;0;0;0.0;0.0;0.0;;;;;;;;;;;independent;The speech presents the speaker's own argument without direct reference to a previous speaker's statement.;0.95;
"{'mentions': [{'name': 'Karabulut', 'type': 'person', 'quote': 'Ik steun de woorden van mevrouw Karabulut om het nu niet te steunen omdat we eerst nog een rondetafelgesprek houden, ook een voorstel van mevrouw Karabulut.', 'mention_category': 'agreeing'}, {'name': 'Krol', 'type': 'person', 'quote': 'de debataanvraag van de heer Krol niet alleen over terugkijken ging maar ook over het vooruitkijken.', 'mention_category': 'neutral'}], 'found_fallacy': [], 'summary': {'count': 0, 'average_confidence': 0.0, 'highest_confidence': 0.0, 'lowest_confidence': 0.0}, 'speech_relation': {'type': 'independent', 'justification': ""The speech discusses proposals and debate requests without directly addressing a prior speaker's statement."", 'confidence': 0.8}}";0;176;0;h-tk-20182019-5-4;Mevrouw Bruins Slot;CDA;Ik steun de woorden van mevrouw Karabulut om het nu niet te steunen omdat we eerst nog een rondetafelgesprek houden, ook een voorstel van mevrouw Karabulut. Het tweede is dat de debataanvraag van de heer Krol niet alleen over terugkijken ging maar ook over het vooruitkijken. Zeker na de onthullingen van gisteren hecht ik er belang aan dat we snel na het rondetafelgesprek wel het debat gaan voeren.;2018-2019;26-9-2018;tk;handelingen;4 Regeling van werkzaamheden;https://zoek.officielebekendmakingen.nl/h-tk-20182019-5-4.html;https://zoek.officielebekendmakingen.nl/h-tk-20182019-5-4.xml;nr. 5, item 4;bruins slot;I support Mrs Karabulut's words not to support it now because we will first have a round table discussion, which is also a proposal from Mrs Karabulut. The second is that Mr Krol's request for debate was not only about looking back but also about looking forward. Especially after yesterday's revelations, I attach importance to having the debate soon after the round table discussion.;0;0;0;0.0;0.0;0.0;Karabulut|||Krol;person|||person;Ik steun de woorden van mevrouw Karabulut om het nu niet te steunen omdat we eerst nog een rondetafelgesprek houden, ook een voorstel van mevrouw Karabulut.|||de debataanvraag van de heer Krol niet alleen over terugkijken ging maar ook over het vooruitkijken.;agreeing|||neutral;;;;;;;independent;The speech discusses proposals and debate requests without directly addressing a prior speaker's statement.;0.8;
"{'mentions': [], 'found_fallacy': [], 'summary': {'count': 0, 'average_confidence': 0.0, 'highest_confidence': 0.0, 'lowest_confidence': 0.0}, 'speech_relation': {'type': 'independent', 'justification': ""The speech segment presents the speaker's own explanation of policy implementation without directly addressing or responding to a previous speaker's statement."", 'confidence': 0.95}}";0;177;0;h-tk-20182019-38-10;Minister Wiebes;VVD;Ik zeg niks anders dan ik begin juli heb gezegd. Toen is besloten om batch 1588 voort te zetten in een nader te bepalen tempo. Daar is toen budget voor opgehaald. Dat is er ook. We hebben toen gezegd dat batch 1581 onder de nieuwe aanpak valt. Dat staat heel helder in de Kamerstukken. Alleen de mensen die een formeel veiligheidsadvies, een versterkingsadvies hebben gekregen, worden meegenomen in de bestaande aanpak. Dat zijn er een stuk of vijftien. Mensen die de papieren hebben opgevraagd zoals ze er lagen maar die daarmee niet een veiligheidsadvies van de NCG hebben gekregen, vallen daar echt niet onder. Dat is vanaf het begin duidelijk geweest.;2018-2019;19-12-2018;tk;handelingen;10 Minimaliseren gaswinning Groningenveld;https://zoek.officielebekendmakingen.nl/h-tk-20182019-38-10.html;https://zoek.officielebekendmakingen.nl/h-tk-20182019-38-10.xml;nr. 38, item 10;wiebes;I'm not saying anything different than what I said at the beginning of July. It was then decided to continue batch 1588 at a rate to be determined. A budget was then raised for this. There is that too. We then said that batch 1581 falls under the new approach. This is stated very clearly in the parliamentary documents. Only people who have received formal safety advice or reinforcement advice are included in the existing approach. There are about fifteen of them. People who requested the papers as they were, but who did not receive safety advice from the NCG, are really not included. That has been clear from the start.;0;0;0;0.0;0.0;0.0;;;;;;;;;;;independent;The speech segment presents the speaker's own explanation of policy implementation without directly addressing or responding to a previous speaker's statement.;0.95;
"{'mentions': [], 'found_fallacy': [], 'summary': {'count': 0, 'average_confidence': 0.0, 'highest_confidence': 0.0, 'lowest_confidence': 0.0}, 'speech_relation': {'type': 'response', 'justification': ""The speech begins with 'Dat begrijp ik' ('I understand that'), indicating a direct reply to a prior statement."", 'confidence': 0.5}}";0;178;0;h-tk-20182019-37-31;De heer Van Raan;PvdD;Dat begrijp ik, maar dat het lastig of moeilijk is, wil niet zeggen dat we het niet moeten doen. Er is een CO;2018-2019;18-12-2018;tk;handelingen;31 Herziening van het Nederlandse luchtruim;https://zoek.officielebekendmakingen.nl/h-tk-20182019-37-31.html;https://zoek.officielebekendmakingen.nl/h-tk-20182019-37-31.xml;nr. 37, item 31;van van raan;I understand that, but just because it's difficult or difficult doesn't mean we shouldn't do it. There is a CO;0;0;0;0.0;0.0;0.0;;;;;;;;;;;response;The speech begins with 'Dat begrijp ik' ('I understand that'), indicating a direct reply to a prior statement.;0.5;
"{'mentions': [{'name': 'Diertens', 'type': 'person', 'quote': 'mevrouw Diertens', 'mention_category': 'neutral'}], 'found_fallacy': [], 'summary': {'count': 0, 'average_confidence': 0.0, 'highest_confidence': 0.0, 'lowest_confidence': 0.0}, 'speech_relation': {'type': 'response', 'justification': ""The speech directly references previous speakers' emphasis on consensus and addresses mevrouw Diertens' amendment in the context of ongoing debate."", 'confidence': 0.95}}";0;179;0;h-tk-20182019-100-40;De heer Drost;CU;Ik heb een korte vraag. Ik kan me grotendeels vinden in het betoog van mevrouw Diertens. Zij heeft ook een amendement ingediend. Vorige sprekers heb ik horen zeggen dat het belangrijk is dat we er vandaag met elkaar uitkomen. Het woord consensus is ook een aantal keren gevallen. Maar de bijdrage tot nu toe inschattend is die consensus nog niet aanwezig op deze vloer. Is er voor mevrouw Diertens nog ruimte om het ergens met elkaar over te hebben? Is het amendement van haar nu in beton gegoten, gebeiteld, of kunnen we echt proberen om vandaag tot consensus te komen? En waar zit die ruimte voor haar dan nog?;2018-2019;2-7-2019;tk;handelingen;40 Koninkrijksgeschillen;https://zoek.officielebekendmakingen.nl/h-tk-20182019-100-40.html;https://zoek.officielebekendmakingen.nl/h-tk-20182019-100-40.xml;nr. 100, item 40;drost;I have a quick question. I largely agree with Mrs Diertens' argument. She has also tabled an amendment. I have heard previous speakers say that it is important that we reach an agreement today. The word consensus has also been used a number of times. But judging by the contribution so far, that consensus is not yet present on this floor. Is there still room for Mrs. Diertens to discuss something with each other? Is her amendment now set in stone, set in stone, or can we really try to reach consensus today? And where is that space for her?;0;0;0;0.0;0.0;0.0;Diertens;person;mevrouw Diertens;neutral;;;;;;;response;The speech directly references previous speakers' emphasis on consensus and addresses mevrouw Diertens' amendment in the context of ongoing debate.;0.95;
{'mentions': [], 'found_fallacy': [], 'summary': {'count': 0, 'average_confidence': 0.0, 'highest_confidence': 0.0, 'lowest_confidence': 0.0}, 'speech_relation': {'type': 'independent', 'justification': 'The statement is a standalone question without direct reference to prior speech content or specific arguments from other speakers.', 'confidence': 0.8}};0;180;0;h-tk-20182019-60-3;Minister De Jonge;CDA;Kan het ook tien minuten?;2018-2019;7-3-2019;tk;handelingen;3 VAO Ouderenzorg;https://zoek.officielebekendmakingen.nl/h-tk-20182019-60-3.html;https://zoek.officielebekendmakingen.nl/h-tk-20182019-60-3.xml;nr. 60, item 3;de de jonge;Can it also be ten minutes?;0;0;0;0.0;0.0;0.0;;;;;;;;;;;independent;The statement is a standalone question without direct reference to prior speech content or specific arguments from other speakers.;0.8;
{'mentions': [], 'found_fallacy': [], 'summary': {'count': 0, 'average_confidence': 0.0, 'highest_confidence': 0.0, 'lowest_confidence': 0.0}, 'speech_relation': {'type': 'independent', 'justification': 'The speech segment presents a general policy proposal without direct reference to previous statements or specific speakers.', 'confidence': 0.8}};0;181;0;h-tk-20182019-40-8;De heer Ronnes;CDA;Ik pak er een voorbeeld uit, de gemeenten. Ik vind dat wij als overheid op dit moment het voorbeeld moeten geven naar bedrijven in Nederland, andere instanties, in die zin dat je met contant geld een aantal transacties kunt doen. Dat dit in de huidige tijd technisch niet allemaal meer mogelijk is, is tot daaraan toe, maar ik vind wel dat een overheid ervoor moet zorgen dat mensen aan de balie gewoon contant kunnen betalen. Dat geldt zeker voor gemeenten in het geval van het afrekenen van een rijbewijs, een paspoort of een toekomstige bruiloft.;2018-2019;15-1-2019;tk;handelingen;8 Gebruik van contant geld in de samenleving;https://zoek.officielebekendmakingen.nl/h-tk-20182019-40-8.html;https://zoek.officielebekendmakingen.nl/h-tk-20182019-40-8.xml;nr. 40, item 8;ronnes;Let me take one example, the municipalities. I believe that we as a government should currently set an example for companies in the Netherlands and other institutions, in the sense that you can do a number of transactions with cash. The fact that this is no longer technically possible nowadays is a matter of course, but I do think that a government should ensure that people can simply pay in cash at the counter. This certainly applies to municipalities in the case of paying for a driver's license, a passport or a future wedding.;0;0;0;0.0;0.0;0.0;;;;;;;;;;;independent;The speech segment presents a general policy proposal without direct reference to previous statements or specific speakers.;0.8;
{'mentions': [{'name': 'Van Raak', 'type': 'person', 'quote': 'de heer Van Raak over de rechtsstaat', 'mention_category': 'neutral'}, {'name': 'Baudet', 'type': 'person', 'quote': 'de heer Baudet', 'mention_category': 'disagreeing'}, {'name': 'Forum', 'type': 'party', 'quote': 'het verkiezingsprogramma van Forum', 'mention_category': 'neutral'}], 'found_fallacy': [], 'summary': {'count': 0, 'average_confidence': 0.0, 'highest_confidence': 0.0, 'lowest_confidence': 0.0}, 'speech_relation': {'type': 'response', 'justification': 'The speaker directly references previous speakers (Van Raak, Baudet) and their actions, indicating a continuation of the debate.', 'confidence': 0.9}};0;182;0;h-tk-20182019-35-13-n1;Minister Grapperhaus;CDA;"Nee, ik heb nog twee belangrijke punten. Het allerlaatste punt is dat van de heer Van Raak over de rechtsstaat. Het leek me mooi om daarmee te eindigen. Hij heeft overigens vandaag een brief van mij gehad over KPMG, de kosten en dergelijke, en wat de rol van die consultants is geweest bij de inrichting van de nationale politie.
Maar voordat ik aan dat punt toekom, had de heer Baudet nog de vraag gesteld of we niet gewoon 1 miljard extra in de politie kunnen gooien. Ik moet eerlijk zeggen, voorzitter, dat mij die vraag verbaast. Ik heb hier een begrotingsbehandeling gedaan. Ik heb mijn begroting, over twee dagen uitgesmeerd, bij uw Kamer verdedigd. De heer Baudet was de eerste dag, bij de eerste termijn van de Kamer, wel aanwezig. Hij heeft toen 100 vragen gesteld over het migratiepact. Hij heeft mij nul vragen gesteld over de begroting, nul vragen over de politie. Er kan — dat weet ieder Kamerlid — een amendement worden ingediend op mijn begroting. Het was prima geweest om daar toen met elkaar over te debatteren. Ik heb overigens wel de moeite genomen om het verkiezingsprogramma van Forum nog eens erbij te pakken. Daar staat dat miljard extra voor de politie nergens genoemd. Maar dat debat hadden we een maand geleden. Ik had daar heel graag toen met u als Kamer over gesproken, en uitgelegd wat ik daarvan vind. Maar dat is nu een beetje pour les besoins de la cause, lijkt mij.
Dan was er nog een vraag over het Marrakeshimmigratiepact, maar dat staat wel heel erg ver af van dit debat. Daar waren toen 100 vragen over die, meen ik, ook zijn beantwoord.
Dan heb ik nog één laatste vraag, en dat vind ik een heel wezenlijke, de vraag van de heer Van Raak over de rechtsstaat. Die kan ik nu doen, maar ik kan hem ook als afsluiting na de interrupties doen; wat u wilt, voorzitter.";2018-2019;12-12-2018;tk;handelingen;13 Evaluatie Politiewet 2012;https://zoek.officielebekendmakingen.nl/h-tk-20182019-35-13-n1.html;https://zoek.officielebekendmakingen.nl/h-tk-20182019-35-13-n1.xml;nr. 35, item 13;grapperhaus;"No, I have two more important points. The very last point is that of Mr Van Raak about the rule of law. I thought it would be nice to end with that. By the way, he received a letter from me today about KPMG, the costs and the like, and what the role of those consultants was in the organization of the national police.
But before I get to that point, Mr Baudet had asked whether we couldn't just throw an extra 1 billion into the police. I must honestly say, Chairman, that this question surprises me. I have done a budget discussion here. I defended my budget in your House over two days. Mr Baudet was present on the first day, during the first term of Parliament. He then asked 100 questions about the migration pact. He asked me zero questions about the budget, zero questions about the police. Every Member of Parliament knows that an amendment can be submitted to my budget. It would have been fine to debate that with each other at the time. By the way, I did take the trouble to read the Forum's election manifesto again. That billion extra for the police is not mentioned anywhere there. But we had that debate a month ago. I would have loved to discuss this with you as a House at the time and explain what I think about it. But that's a bit of a cause, I think.
Then there was a question about the Marrakech immigration pact, but that is very far removed from this debate. There were 100 questions about it at the time that, I think, were also answered.
Then I have one last question, and I think it is a very important one, Mr Van Raak's question about the rule of law. I can do that now, but I can also do it as a conclusion after the interruptions; whatever you want, chairman.";1;0;0;0.0;0.0;0.0;Van Raak|||Baudet|||Forum;person|||person|||party;de heer Van Raak over de rechtsstaat|||de heer Baudet|||het verkiezingsprogramma van Forum;neutral|||disagreeing|||neutral;;;;;;;response;The speaker directly references previous speakers (Van Raak, Baudet) and their actions, indicating a continuation of the debate.;0.9;
"{'mentions': [{'name': 'Harbers', 'type': 'person', 'quote': 'van staatssecretaris Harbers', 'mention_category': 'neutral'}, {'name': 'Forum voor Democratie', 'type': 'party', 'quote': 'Forum voor Democratie', 'mention_category': 'disagreeing'}], 'found_fallacy': [], 'summary': {'count': 0, 'average_confidence': 0.0, 'highest_confidence': 0.0, 'lowest_confidence': 0.0}, 'speech_relation': {'type': 'response', 'justification': ""The speech directly references 'staatssecretaris Harbers' and engages with a prior discussion thread, indicating a reply to previous statements."", 'confidence': 0.9}}";0;183;0;h-tk-20182019-25-29;De heer Baudet;FvD;Ja, van staatssecretaris Harbers. Maar het is dus niet zo — dat was wat Malik Azmani mij vroeg — dat mijn eigen oordeel nog niet vaststaat. Nee, ik laat met die vragen zien waarom ik, Forum voor Democratie en heel veel mensen in Nederland zo enorm sceptisch staan tegenover dit verdrag. Dus het zijn inderdaad vragen, maar eigenlijk zijn het kritiekpunten.;2018-2019;20-11-2018;tk;handelingen;29 Begroting Justitie en Veiligheid 2019;https://zoek.officielebekendmakingen.nl/h-tk-20182019-25-29.html;https://zoek.officielebekendmakingen.nl/h-tk-20182019-25-29.xml;nr. 25, item 29;baudet;Yes, from State Secretary Harbers. But it is not the case - that was what Malik Azmani asked me - that my own judgment has not yet been determined. No, with these questions I show why I, the Forum for Democracy and many people in the Netherlands are so extremely skeptical about this treaty. So they are indeed questions, but actually they are points of criticism.;0;0;0;0.0;0.0;0.0;Harbers|||Forum voor Democratie;person|||party;van staatssecretaris Harbers|||Forum voor Democratie;neutral|||disagreeing;;;;;;;response;The speech directly references 'staatssecretaris Harbers' and engages with a prior discussion thread, indicating a reply to previous statements.;0.9;
"{'mentions': [{'name': 'Van Weyenberg', 'type': 'person', 'quote': 'Als ik de heer Van Weyenberg goed beluister', 'mention_category': 'disagreeing'}], 'found_fallacy': [], 'summary': {'count': 0, 'average_confidence': 0.0, 'highest_confidence': 0.0, 'lowest_confidence': 0.0}, 'speech_relation': {'type': 'response', 'justification': ""The speech explicitly references 'de heer Van Weyenberg' and addresses his potential arguments, indicating a direct reply to a previous speaker."", 'confidence': 0.95}}";0;184;0;h-tk-20182019-5-9;De heer Jasper van Dijk;SP;Als ik de heer Van Weyenberg goed beluister, dan is een belangrijk bezwaar, of mogelijk bezwaar, de dekking van mijn amendementen. Daar zit nu juist de ruimte. Ik noem het lage-inkomensvoordeel als mogelijke dekking. Daar valt best wat te halen. Ik ben ervan overtuigd dat ik uw partij daar ook in mee kan krijgen. Dat gaat nu niet allemaal naar de goede plekken. Er zijn ook meer mogelijkheden. Dus als de dekking het probleem is, dan verwacht ik wel commitment van uw zijde om hier een oplossing voor te vinden.;2018-2019;26-9-2018;tk;handelingen;9 Invoering extra geboorteverlof;https://zoek.officielebekendmakingen.nl/h-tk-20182019-5-9.html;https://zoek.officielebekendmakingen.nl/h-tk-20182019-5-9.xml;nr. 5, item 9;van jasper dijk;If I listen carefully to Mr Van Weyenberg, an important objection, or possible objection, is the coverage of my amendments. That's where the space is right now. I mention the low-income benefit as possible coverage. There is quite a bit to be had there. I am convinced that I can get your party on board with this too. Not all of that is going to the right places now. There are also more options. So if coverage is the problem, I expect commitment from your side to find a solution.;0;0;0;0.0;0.0;0.0;Van Weyenberg;person;Als ik de heer Van Weyenberg goed beluister;disagreeing;;;;;;;response;The speech explicitly references 'de heer Van Weyenberg' and addresses his potential arguments, indicating a direct reply to a previous speaker.;0.95;
{'mentions': [], 'found_fallacy': [], 'summary': {'count': 0, 'average_confidence': 0.0, 'highest_confidence': 0.0, 'lowest_confidence': 0.0}, 'speech_relation': {'type': 'independent', 'justification': 'The speech introduces a new argument about referencing a previously received brief without directly addressing prior statements.', 'confidence': 1.0}};0;185;0;h-tk-20182019-42-7;De heer Gijs van Dijk;PvdA;Voorzitter, het is eigenlijk de tweede keer dat dit naar buiten komt. We hebben eerder een brief gevraagd, die we ook hebben gekregen, met een feitenrelaas. Dus ik steun het debat en zou daarbij graag de brief die we eerder hebben gekregen, inclusief het feitenrelaas, willen betrekken.;2018-2019;17-1-2019;tk;handelingen;7 Regeling van werkzaamheden;https://zoek.officielebekendmakingen.nl/h-tk-20182019-42-7.html;https://zoek.officielebekendmakingen.nl/h-tk-20182019-42-7.xml;nr. 42, item 7;van gijs dijk;Mr President, this is actually the second time that this has come out. We previously requested a letter, which we also received, with a statement of facts. So I support the debate and would like to include the letter we received earlier, including the statement of facts.;0;0;0;0.0;0.0;0.0;;;;;;;;;;;independent;The speech introduces a new argument about referencing a previously received brief without directly addressing prior statements.;1.0;
{'mentions': [], 'found_fallacy': [], 'summary': {'count': 0, 'average_confidence': 0.0, 'highest_confidence': 0.0, 'lowest_confidence': 0.0}, 'speech_relation': {'type': 'independent', 'justification': 'The speech segment consists of a single word with no explicit reference to prior statements or speakers.', 'confidence': 0.3}};0;186;0;h-tk-20182019-7-25;De heer Stoffer;SGP;Steun.;2018-2019;2-10-2018;tk;handelingen;25 Regeling van werkzaamheden;https://zoek.officielebekendmakingen.nl/h-tk-20182019-7-25.html;https://zoek.officielebekendmakingen.nl/h-tk-20182019-7-25.xml;nr. 7, item 25;stoffer;Support.;0;0;0;0.0;0.0;0.0;;;;;;;;;;;independent;The speech segment consists of a single word with no explicit reference to prior statements or speakers.;0.3;
"{'mentions': [{'name': 'Klaver', 'type': 'person', 'quote': 'de heer Klaver een andere recensie geeft van hoe ik dat heb gedaan', 'mention_category': 'neutral'}], 'found_fallacy': [], 'summary': {'count': 0, 'average_confidence': 0.0, 'highest_confidence': 0.0, 'lowest_confidence': 0.0}, 'speech_relation': {'type': 'response', 'justification': ""The speech directly references 'de heer Klaver' and acknowledges his differing perspective, indicating a direct reply to his statements."", 'confidence': 0.8}}";0;187;0;h-tk-20182019-49-15;De heer Dijkhoff;VVD;"Iedereen mag zijn recensie geven van hoe ik het heb aangepakt. Ik heb in ieder geval gemerkt dat het in mijn achterban weer de nodige rust heeft teruggebracht om goed te kunnen kijken welke voorstellen wel en niet geaccepteerd kunnen worden en welke voorstellen we kunnen dragen. Ik constateer ook dat we in de discussie — dat geldt gelukkig niet alleen voor mijn partij, maar voor veel meer partijen — nu meer de nadruk leggen op de haalbaarheid en de betaalbaarheid voor mensen in plaats van alleen maar te zeggen ""als wij het niet doen, kan het nooit meer"" en ""we moeten harder en sneller dan de rest van de wereld"" en ""wij moeten een soort proeftuin worden voor de wereld"" en ""55% is eigenlijk nog aan de krappe kant"". Het is prima dat de heer Klaver een andere recensie geeft van hoe ik dat heb gedaan, maar ik zie het wel als een positief effect dat er een pas op plaats is gemaakt in de discussie, dat er ruimte is, los van alleen maar ""het moet, het moet, het moet"", dat we allemaal nu meer aandacht besteden aan de gevolgen voor mensen en dat we die kennelijk allemaal in toom willen houden.";2018-2019;5-2-2019;tk;handelingen;15 Klimaatakkoord;https://zoek.officielebekendmakingen.nl/h-tk-20182019-49-15.html;https://zoek.officielebekendmakingen.nl/h-tk-20182019-49-15.xml;nr. 49, item 15;dijkhoff;"Anyone can give their review of how I went about it. In any case, I have noticed that it has restored the necessary peace among my supporters to be able to look carefully at which proposals can and cannot be accepted and which proposals we can support. I also note that in the discussion - fortunately this does not only apply to my party, but to many more parties - we now place more emphasis on feasibility and affordability for people instead of just saying ""if we don't do it, it will never be possible"" and ""we have to work harder and faster than the rest of the world"" and ""we have to become a kind of testing ground for the world"" and ""55% is actually still on the small side"". It is fine that Mr Klaver gives a different review of how I did that, but I do see it as a positive effect that the discussion has moved on, that there is room, apart from just ""it has to be done, it has to be done, it has to be done"", that we all now pay more attention to the consequences for people and that we apparently all want to keep them in check.";0;0;0;0.0;0.0;0.0;Klaver;person;de heer Klaver een andere recensie geeft van hoe ik dat heb gedaan;neutral;;;;;;;response;The speech directly references 'de heer Klaver' and acknowledges his differing perspective, indicating a direct reply to his statements.;0.8;
"{'mentions': [{'name': 'CDA', 'type': 'party', 'quote': 'het CDA, coalitiepartij', 'mention_category': 'neutral'}, {'name': 'de minister', 'type': 'person', 'quote': 'de minister', 'mention_category': 'disagreeing'}], 'found_fallacy': [{'quote': 'De minister toont zich een omgekeerde Jan Schaefer. Ze praat alleen maar, maar ze presteert niks.', 'explanation': ""Directly attacks the minister's character and effectiveness instead of addressing policy issues related to housing shortages."", 'confidence': 0.9, 'local_topic': 'woningnood', 'target': 'de minister', 'explicitness': 'explicit'}], 'summary': {'count': 1, 'average_confidence': 0.9, 'highest_confidence': 0.9, 'lowest_confidence': 0.9}, 'speech_relation': {'type': 'response', 'justification': ""The speech directly addresses the minister's inaction on housing issues, responding to prior discussions about policy implementation."", 'confidence': 0.95}}";0;188;0;h-tk-20182019-49-3-n1;De heer Nijboer;PvdA;Ik kijk een beetje om me heen en ik zie mensen steeds meer zuchten en steunen. Ook het CDA, coalitiepartij, zegt al: kom nou eens in actie, minister. De minister toont zich een omgekeerde Jan Schaefer. Ze praat alleen maar, maar ze presteert niks. Dat kan niet. Er is woningnood. Er moet geïnvesteerd worden in woningen in plaats van bezuinigd, wat het kabinet doet. Die noodknop moet er komen. Daar praten we al maanden over. Tegen de zomer komt er een keer een wetsvoorstel aan. Wanneer gaat die wet dan in? Waar moeten de mensen tot die tijd wonen? Kom in actie, vraag ik de minister. Kom in actie, doe er wat aan.;2018-2019;5-2-2019;tk;handelingen;3 Vragenuur: Vragen Ronnes;https://zoek.officielebekendmakingen.nl/h-tk-20182019-49-3-n1.html;https://zoek.officielebekendmakingen.nl/h-tk-20182019-49-3-n1.xml;nr. 49, item 3;nijboer;I look around and I see people sighing and supporting more and more. The CDA, coalition party, is also saying: take action, minister. The minister appears to be a reverse Jan Schaefer. She just talks, but she doesn't do anything. That's not possible. There is a housing shortage. Investments in housing must be made instead of cuts, which is what the government is doing. That emergency button must be there. We've been talking about that for months. A bill will be introduced by the summer. When will that law come into effect? Where should people live until then? Take action, I ask the minister. Take action, do something about it.;1;1;1;0.9;0.9;0.9;CDA|||de minister;party|||person;het CDA, coalitiepartij|||de minister;neutral|||disagreeing;De minister toont zich een omgekeerde Jan Schaefer. Ze praat alleen maar, maar ze presteert niks.;Directly attacks the minister's character and effectiveness instead of addressing policy issues related to housing shortages.;woningnood;de minister;explicit;0.9;response;The speech directly addresses the minister's inaction on housing issues, responding to prior discussions about policy implementation.;0.95;
"{'mentions': [], 'found_fallacy': [], 'summary': {'count': 0, 'average_confidence': 0.0, 'highest_confidence': 0.0, 'lowest_confidence': 0.0}, 'speech_relation': {'type': 'independent', 'justification': ""The statement provides a general clarification about a procedural matter without direct reference to previous speaker's content."", 'confidence': 0.3}}";0;189;0;h-tk-20182019-47-5;De heer Groothuizen;D66;Het gaat om de eerste aanvraagprocedure, ja. Ik heb u het antwoord gegeven.;2018-2019;30-1-2019;tk;handelingen;5 Versoepeling van het kinderpardon;https://zoek.officielebekendmakingen.nl/h-tk-20182019-47-5.html;https://zoek.officielebekendmakingen.nl/h-tk-20182019-47-5.xml;nr. 47, item 5;groothuizen;It concerns the first application procedure, yes. I have given you the answer.;0;0;0;0.0;0.0;0.0;;;;;;;;;;;independent;The statement provides a general clarification about a procedural matter without direct reference to previous speaker's content.;0.3;
"{'mentions': [], 'found_fallacy': [], 'summary': {'count': 0, 'average_confidence': 0.0, 'highest_confidence': 0.0, 'lowest_confidence': 0.0}, 'speech_relation': {'type': 'response', 'justification': ""The speaker references prior debate ('We hebben daar al even over gedebatteerd') indicating a direct response to previous contributions."", 'confidence': 0.95}}";0;190;0;h-tk-20182019-41-7;De heer Van der Lee;GroenLinks;We hebben daar al even over gedebatteerd via interrupties. Ik kan me voorstellen dat je het aanbieden van verkeerd hout als een economisch delict ziet. Dan heb je een andere vorm van handhaving dan op lokaal niveau. Ik zou graag willen dat daar even naar gekeken wordt. Ik denk dat het belangrijk is om daar tegen op te treden, maar ook dat het een belangrijke rol zou kunnen spelen in de bewustwording en de voorlichting als dit zou gebeuren. Ook daarop hoop ik een oordeel Kamer te ontvangen. Dank u wel.;2018-2019;16-1-2019;tk;handelingen;7 Gevaren van de uitstoot van houtkachels;https://zoek.officielebekendmakingen.nl/h-tk-20182019-41-7.html;https://zoek.officielebekendmakingen.nl/h-tk-20182019-41-7.xml;nr. 41, item 7;van der van der lee;We have already debated this for a while through interruptions. I can imagine that you view offering the wrong wood as an economic offense. Then you have a different form of enforcement than at local level. I would like this to be looked into. I think it is important to take action against this, but also that it could play an important role in raising awareness and information if this were to happen. I also hope to receive a judgment from the House on this. Thank you.;0;0;0;0.0;0.0;0.0;;;;;;;;;;;response;The speaker references prior debate ('We hebben daar al even over gedebatteerd') indicating a direct response to previous contributions.;0.95;
{'mentions': [{'name': 'GroenLinks', 'type': 'party', 'quote': 'Ook geen steun van GroenLinks.', 'mention_category': 'neutral'}], 'found_fallacy': [], 'summary': {'count': 0, 'average_confidence': 0.0, 'highest_confidence': 0.0, 'lowest_confidence': 0.0}, 'speech_relation': {'type': 'independent', 'justification': 'The statement is a standalone assertion without explicit reference to prior speech content.', 'confidence': 0.3}};0;191;0;h-tk-20182019-6-6;Mevrouw Bromet;GroenLinks;Ook geen steun van GroenLinks.;2018-2019;27-9-2018;tk;handelingen;6 Regeling van werkzaamheden;https://zoek.officielebekendmakingen.nl/h-tk-20182019-6-6.html;https://zoek.officielebekendmakingen.nl/h-tk-20182019-6-6.xml;nr. 6, item 6;bromet;Also no support from GroenLinks.;0;0;0;0.0;0.0;0.0;GroenLinks;party;Ook geen steun van GroenLinks.;neutral;;;;;;;independent;The statement is a standalone assertion without explicit reference to prior speech content.;0.3;
"{'mentions': [{'name': 'Schonis', 'type': 'person', 'quote': 'meneer Schonis', 'mention_category': 'disagreeing'}], 'found_fallacy': [{'quote': 'als u iets wil met innovatie, is meneer Schonis het dan met mij eens dat dit desastreus is voor de door zijn partij o zo geliefde innovatie?', 'explanation': ""Attacks Mr. Schonis's party's motives regarding innovation instead of addressing the policy argument."", 'confidence': 0.8, 'local_topic': 'innovation', 'target': 'meneer Schonis', 'explicitness': 'explicit'}], 'summary': {'count': 1, 'average_confidence': 0.8, 'highest_confidence': 0.8, 'lowest_confidence': 0.8}, 'speech_relation': {'type': 'response', 'justification': 'Directly addresses Mr. Schonis, implying a rebuttal to his prior stance on innovation.', 'confidence': 0.6}}";0;192;0;h-tk-20182019-61-32;De heer Van Aalst;PVV;... als u iets wil met innovatie, is meneer Schonis het dan met mij eens dat dit desastreus is voor de door zijn partij o zo geliefde innovatie?;2018-2019;12-3-2019;tk;handelingen;32 Vrachtwagenheffing;https://zoek.officielebekendmakingen.nl/h-tk-20182019-61-32.html;https://zoek.officielebekendmakingen.nl/h-tk-20182019-61-32.xml;nr. 61, item 32;van van aalst;... if you want something to do with innovation, does Mr. Schonis agree with me that this is disastrous for the innovation so beloved by his party?;0;1;1;0.8;0.8;0.8;Schonis;person;meneer Schonis;disagreeing;als u iets wil met innovatie, is meneer Schonis het dan met mij eens dat dit desastreus is voor de door zijn partij o zo geliefde innovatie?;Attacks Mr. Schonis's party's motives regarding innovation instead of addressing the policy argument.;innovation;meneer Schonis;explicit;0.8;response;Directly addresses Mr. Schonis, implying a rebuttal to his prior stance on innovation.;0.6;
{'mentions': [], 'found_fallacy': [], 'summary': {'count': 0, 'average_confidence': 0.0, 'highest_confidence': 0.0, 'lowest_confidence': 0.0}, 'speech_relation': {'type': 'independent', 'justification': 'The speech segment consists of a single word with no contextual indicators of direct response to prior statements.', 'confidence': 0.3}};0;193;0;h-tk-20182019-28-31;De heer De Graaf;PVV;Clown.;2018-2019;27-11-2018;tk;handelingen;31 Regeling van werkzaamheden;https://zoek.officielebekendmakingen.nl/h-tk-20182019-28-31.html;https://zoek.officielebekendmakingen.nl/h-tk-20182019-28-31.xml;nr. 28, item 31;de de graaf;Clown.;1;0;0;0.0;0.0;0.0;;;;;;;;;;;independent;The speech segment consists of a single word with no contextual indicators of direct response to prior statements.;0.3;
{'mentions': [], 'found_fallacy': [], 'summary': {'count': 0, 'average_confidence': 0.0, 'highest_confidence': 0.0, 'lowest_confidence': 0.0}, 'speech_relation': {'type': 'independent', 'justification': 'The speech consists of a brief thank you without content that directly responds to prior statements.', 'confidence': 0.5}};0;194;0;h-tk-20182019-40-7;Mevrouw Ploumen;PvdA;Dank u wel.;2018-2019;15-1-2019;tk;handelingen;7 Regeling van werkzaamheden;https://zoek.officielebekendmakingen.nl/h-tk-20182019-40-7.html;https://zoek.officielebekendmakingen.nl/h-tk-20182019-40-7.xml;nr. 40, item 7;ploumen;Thank you.;0;0;0;0.0;0.0;0.0;;;;;;;;;;;independent;The speech consists of a brief thank you without content that directly responds to prior statements.;0.5;
